date,broker,listing_id,url,resort,points,use_year,price,price_per_point,dues_per_point,deed_year,status,point_delta,cost_per_point_year
2026-01-10,DVC Resale Market (archive),ak85326,,Animal Kingdom Villas,160,,17920,112,,,Archived,,
2026-01-10,DVC Resale Market (archive),aka5820,,Animal Kingdom Villas,250,,26000,104,,,Archived,,
2026-01-10,DVC Resale Market (archive),akb5869,,Animal Kingdom Villas,200,,22200,111,,,Archived,,
2026-01-10,DVC Resale Market (archive),akb5871,,Animal Kingdom Villas,200,,22200,111,,,Archived,,
2026-01-10,DVC Resale Market (archive),ak55884,,Animal Kingdom Villas,180,,19260,107,,,Archived,,
2026-01-10,DVC Resale Market (archive),akc5903,,Animal Kingdom Villas,120,,16200,135,,,Archived,,
2026-01-10,DVC Resale Market (archive),ak65276,,Animal Kingdom Villas,250,,27250,109,,,Archived,,
2026-01-10,DVC Resale Market (archive),akf5897,,Animal Kingdom Villas,240,,27360,114,,,Archived,,
2026-01-10,DVC Resale Market (archive),ak35924,,Animal Kingdom Villas,220,,22660,103,,,Archived,,
2026-01-10,DVC Resale Market (archive),ak25939,,Animal Kingdom Villas,160,,18560,116,,,Archived,,
2026-01-10,DVC Resale Market (archive),aka5923,,Animal Kingdom Villas,150,,15900,106,,,Archived,,
2026-01-10,DVC Resale Market (archive),ak55936,,Animal Kingdom Villas,120,,13440,112,,,Archived,,
2026-01-10,DVC Resale Market (archive),ak25941,,Animal Kingdom Villas,100,,11400,114,,,Archived,,
2026-01-10,DVC Resale Market (archive),ak25942,,Animal Kingdom Villas,360,,35640,99,,,Archived,,
2026-01-10,DVC Resale Market (archive),aka5943,,Animal Kingdom Villas,240,,25200,105,,,Archived,,
2026-01-10,DVC Resale Market (archive),ak95935,,Animal Kingdom Villas,300,,37500,125,,,Archived,,
2026-01-10,DVC Resale Market (archive),ak85951,,Animal Kingdom Villas,100,,11400,114,,,Archived,,
2026-01-10,DVC Resale Market (archive),ak35946,,Animal Kingdom Villas,100,,11900,119,,,Archived,,
2026-01-10,DVC Resale Market (archive),akf5954,,Animal Kingdom Villas,250,,28750,115,,,Archived,,
2026-01-10,DVC Resale Market (archive),ak35938,,Animal Kingdom Villas,270,,33210,123,,,Archived,,
2026-01-10,DVC Resale Market (archive),akf5961,,Animal Kingdom Villas,160,,16960,106,,,Archived,,
2026-01-10,DVC Resale Market (archive),ak25964,,Animal Kingdom Villas,120,,12960,108,,,Archived,,
2026-01-10,DVC Resale Market (archive),ak85948,,Animal Kingdom Villas,160,,17280,108,,,Archived,,
2026-01-10,DVC Resale Market (archive),akb5965,,Animal Kingdom Villas,100,,11000,110,,,Archived,,
2026-01-10,DVC Resale Market (archive),akb5966,,Animal Kingdom Villas,100,,11000,110,,,Archived,,
2026-01-10,DVC Resale Market (archive),akf5507,,Animal Kingdom Villas,200,,19400,97,,,Archived,,
2026-01-10,DVC Resale Market (archive),ak55378,,Animal Kingdom Villas,150,,15300,102,,,Archived,,
2026-01-10,DVC Resale Market (archive),akg5968,,Animal Kingdom Villas,100,,10800,108,,,Archived,,
2026-01-10,DVC Resale Market (archive),ak55971,,Animal Kingdom Villas,160,,16960,106,,,Archived,,
2026-01-10,DVC Resale Market (archive),aka5958,,Animal Kingdom Villas,75,,9750,130,,,Archived,,
2026-01-10,DVC Resale Market (archive),akb5976,,Animal Kingdom Villas,200,,23000,115,,,Archived,,
2026-01-10,DVC Resale Market (archive),akb5967,,Animal Kingdom Villas,55,,6050,110,,,Archived,,
2026-01-10,DVC Resale Market (archive),ak75962,,Animal Kingdom Villas,160,,18880,118,,,Archived,,
2026-01-10,DVC Resale Market (archive),ak95960,,Animal Kingdom Villas,120,,14400,120,,,Archived,,
2026-01-10,DVC Resale Market (archive),akb5978,,Animal Kingdom Villas,160,,17280,108,,,Archived,,
2026-01-10,DVC Resale Market (archive),ak35973,,Animal Kingdom Villas,160,,18400,115,,,Archived,,
2026-01-10,DVC Resale Market (archive),ak35970,,Animal Kingdom Villas,165,,18150,110,,,Archived,,
2026-01-10,DVC Resale Market (archive),ak35984,,Animal Kingdom Villas,130,,13390,103,,,Archived,,
2026-01-10,DVC Resale Market (archive),aua3210,,Aulani,270,,23760,88,,,Archived,,
2026-01-10,DVC Resale Market (archive),au52937,,Aulani,100,,12700,127,,,Archived,,
2026-01-10,DVC Resale Market (archive),au53037,,Aulani,150,,16200,108,,,Archived,,
2026-01-10,DVC Resale Market (archive),au53092,,Aulani,250,,27000,108,,,Archived,,
2026-01-10,DVC Resale Market (archive),au33109,,Aulani,160,,16320,102,,,Archived,,
2026-01-10,DVC Resale Market (archive),au32983,,Aulani,110,,11000,100,,,Archived,,
2026-01-10,DVC Resale Market (archive),au53142,,Aulani,200,,22000,110,,,Archived,,
2026-01-10,DVC Resale Market (archive),au63146,,Aulani,200,,19000,95,,,Archived,,
2026-01-10,DVC Resale Market (archive),auc3151,,Aulani,220,,22440,102,,,Archived,,
2026-01-10,DVC Resale Market (archive),au93138,,Aulani,110,,12100,110,,,Archived,,
2026-01-10,DVC Resale Market (archive),aub1945,,Aulani,135,,12960,96,,,Archived,,
2026-01-10,DVC Resale Market (archive),au93181,,Aulani,200,,20400,102,,,Archived,,
2026-01-10,DVC Resale Market (archive),au23194,,Aulani,150,,15900,106,,,Archived,,
2026-01-10,DVC Resale Market (archive),aue3147,,Aulani,300,,27300,91,,,Archived,,
2026-01-10,DVC Resale Market (archive),auf3100,,Aulani,175,,16100,92,,,Archived,,
2026-01-10,DVC Resale Market (archive),au93200,,Aulani,100,,11100,111,,,Archived,,
2026-01-10,DVC Resale Market (archive),au33201,,Aulani,200,,19000,95,,,Archived,,
2026-01-10,DVC Resale Market (archive),aug3193,,Aulani,175,,17325,99,,,Archived,,
2026-01-10,DVC Resale Market (archive),aug3042,,Aulani,100,,10600,106,,,Archived,,
2026-01-10,DVC Resale Market (archive),au53206,,Aulani,50,,5650,113,,,Archived,,
2026-01-10,DVC Resale Market (archive),aua3191,,Aulani,230,,20470,89,,,Archived,,
2026-01-10,DVC Resale Market (archive),bl53376,,Bay LakeTower,160,,23200,145,,,Archived,,
2026-01-10,DVC Resale Market (archive),bl63382,,Bay LakeTower,100,,14800,148,,,Archived,,
2026-01-10,DVC Resale Market (archive),bla3398,,Bay LakeTower,270,,36450,135,,,Archived,,
2026-01-10,DVC Resale Market (archive),blf3400,,Bay LakeTower,180,,23940,133,,,Archived,,
2026-01-10,DVC Resale Market (archive),bla3404,,Bay LakeTower,75,,11250,150,,,Archived,,
2026-01-10,DVC Resale Market (archive),bla3402,,Bay LakeTower,75,,11250,150,,,Archived,,
2026-01-10,DVC Resale Market (archive),bl53422,,Bay LakeTower,125,,17750,142,,,Archived,,
2026-01-10,DVC Resale Market (archive),bl63409,,Bay LakeTower,160,,22720,142,,,Archived,,
2026-01-10,DVC Resale Market (archive),bl23433,,Bay LakeTower,200,,28800,144,,,Archived,,
2026-01-10,DVC Resale Market (archive),bld3183,,Bay LakeTower,200,,28000,140,,,Archived,,
2026-01-10,DVC Resale Market (archive),bl23435,,Bay LakeTower,200,,27600,138,,,Archived,,
2026-01-10,DVC Resale Market (archive),bla3432,,Bay LakeTower,210,,30030,143,,,Archived,,
2026-01-10,DVC Resale Market (archive),bl23437,,Bay LakeTower,160,,21920,137,,,Archived,,
2026-01-10,DVC Resale Market (archive),bld3438,,Bay LakeTower,75,,10875,145,,,Archived,,
2026-01-10,DVC Resale Market (archive),bld3436,,Bay LakeTower,100,,14400,144,,,Archived,,
2026-01-10,DVC Resale Market (archive),bl23449,,Bay LakeTower,270,,35370,131,,,Archived,,
2026-01-10,DVC Resale Market (archive),bl23451,,Bay LakeTower,100,,14500,145,,,Archived,,
2026-01-10,DVC Resale Market (archive),bl33443,,Bay LakeTower,160,,22400,140,,,Archived,,
2026-01-10,DVC Resale Market (archive),bl33447,,Bay LakeTower,200,,27000,135,,,Archived,,
2026-01-10,DVC Resale Market (archive),ble3454,,Bay LakeTower,100,,14200,142,,,Archived,,
2026-01-10,DVC Resale Market (archive),bla3458,,Bay LakeTower,150,,20100,134,,,Archived,,
2026-01-10,DVC Resale Market (archive),bla3453,,Bay LakeTower,100,,13900,139,,,Archived,,
2026-01-10,DVC Resale Market (archive),bl23459,,Bay LakeTower,25,,4075,163,,,Archived,,
2026-01-10,DVC Resale Market (archive),bl23460,,Bay LakeTower,30,,4890,163,,,Archived,,
2026-01-10,DVC Resale Market (archive),blc3429,,Bay LakeTower,25,,3750,150,,,Archived,,
2026-01-10,DVC Resale Market (archive),bl33456,,Bay LakeTower,165,,22275,135,,,Archived,,
2026-01-10,DVC Resale Market (archive),blf3465,,Bay LakeTower,300,,44100,147,,,Archived,,
2026-01-10,DVC Resale Market (archive),bla3466,,Bay LakeTower,120,,18360,153,,,Archived,,
2026-01-10,DVC Resale Market (archive),bla3467,,Bay LakeTower,120,,18600,155,,,Archived,,
2026-01-10,DVC Resale Market (archive),bla3468,,Bay LakeTower,120,,18600,155,,,Archived,,
2026-01-10,DVC Resale Market (archive),bl53469,,Bay LakeTower,75,,10800,144,,,Archived,,
2026-01-10,DVC Resale Market (archive),bl93470,,Bay LakeTower,80,,12000,150,,,Archived,,
2026-01-10,DVC Resale Market (archive),bc82303,,Beach Club Villas,150,,20400,136,,,Archived,,
2026-01-10,DVC Resale Market (archive),bcc2371,,Beach Club Villas,300,,42000,140,,,Archived,,
2026-01-10,DVC Resale Market (archive),bce2313,,Beach Club Villas,210,,28770,137,,,Archived,,
2026-01-10,DVC Resale Market (archive),bce2386,,Beach Club Villas,120,,15360,128,,,Archived,,
2026-01-10,DVC Resale Market (archive),bca2381,,Beach Club Villas,75,,11625,155,,,Archived,,
2026-01-10,DVC Resale Market (archive),bce2385,,Beach Club Villas,150,,21300,142,,,Archived,,
2026-01-10,DVC Resale Market (archive),bc62389,,Beach Club Villas,200,,26600,133,,,Archived,,
2026-01-10,DVC Resale Market (archive),bca2380,,Beach Club Villas,160,,23680,148,,,Archived,,
2026-01-10,DVC Resale Market (archive),bc32390,,Beach Club Villas,75,,9900,132,,,Archived,,
2026-01-10,DVC Resale Market (archive),bca2391,,Beach Club Villas,160,,23040,144,,,Archived,,
2026-01-10,DVC Resale Market (archive),bcb2383,,Beach Club Villas,150,,20250,135,,,Archived,,
2026-01-10,DVC Resale Market (archive),bcb2384,,Beach Club Villas,50,,6950,139,,,Archived,,
2026-01-10,DVC Resale Market (archive),bcf2394,,Beach Club Villas,200,,27400,137,,,Archived,,
2026-01-10,DVC Resale Market (archive),bw13157,,Boardwalk,50,,7450,149,,,Archived,,
2026-01-10,DVC Resale Market (archive),bwa3047,,Boardwalk,200,,22800,114,,,Archived,,
2026-01-10,DVC Resale Market (archive),bwa3118,,Boardwalk,150,,18600,124,,,Archived,,
2026-01-10,DVC Resale Market (archive),bwg3114,,Boardwalk,150,,18600,124,,,Archived,,
2026-01-10,DVC Resale Market (archive),bwg3116,,Boardwalk,100,,13500,135,,,Archived,,
2026-01-10,DVC Resale Market (archive),bw23122,,Boardwalk,500,,56500,113,,,Archived,,
2026-01-10,DVC Resale Market (archive),bw83125,,Boardwalk,240,,28560,119,,,Archived,,
2026-01-10,DVC Resale Market (archive),bw23120,,Boardwalk,175,,21350,122,,,Archived,,
2026-01-10,DVC Resale Market (archive),bwg2835,,Boardwalk,150,,19950,133,,,Archived,,
2026-01-10,DVC Resale Market (archive),bw53123,,Boardwalk,150,,17700,118,,,Archived,,
2026-01-10,DVC Resale Market (archive),bw23131,,Boardwalk,500,,55000,110,,,Archived,,
2026-01-10,DVC Resale Market (archive),bw23132,,Boardwalk,300,,35100,117,,,Archived,,
2026-01-10,DVC Resale Market (archive),bw93073,,Boardwalk,150,,18600,124,,,Archived,,
2026-01-10,DVC Resale Market (archive),bw93135,,Boardwalk,150,,19200,128,,,Archived,,
2026-01-10,DVC Resale Market (archive),bwf3136,,Boardwalk,390,,45630,117,,,Archived,,
2026-01-10,DVC Resale Market (archive),bw53109,,Boardwalk,150,,19800,132,,,Archived,,
2026-01-10,DVC Resale Market (archive),bwa3137,,Boardwalk,150,,22200,148,,,Archived,,
2026-01-10,DVC Resale Market (archive),bwa3044,,Boardwalk,60,,8340,139,,,Archived,,
2026-01-10,DVC Resale Market (archive),bw73128,,Boardwalk,200,,27600,138,,,Archived,,
2026-01-10,DVC Resale Market (archive),bw73129,,Boardwalk,25,,3750,150,,,Archived,,
2026-01-10,DVC Resale Market (archive),bw73141,,Boardwalk,300,,34500,115,,,Archived,,
2026-01-10,DVC Resale Market (archive),bw83142,,Boardwalk,50,,7800,156,,,Archived,,
2026-01-10,DVC Resale Market (archive),bw73145,,Boardwalk,174,,21228,122,,,Archived,,
2026-01-10,DVC Resale Market (archive),bw33155,,Boardwalk,25,,3225,129,,,Archived,,
2026-01-10,DVC Resale Market (archive),br51768,,Boulder Ridge Villas,200,,20400,102,,,Archived,,
2026-01-10,DVC Resale Market (archive),bra1443,,Boulder Ridge Villas,180,,19260,107,,,Archived,,
2026-01-10,DVC Resale Market (archive),br61811,,Boulder Ridge Villas,270,,27000,100,,,Archived,,
2026-01-10,DVC Resale Market (archive),brb1669,,Boulder Ridge Villas,200,,19000,95,,,Archived,,
2026-01-10,DVC Resale Market (archive),br71814,,Boulder Ridge Villas,150,,14100,94,,,Archived,,
2026-01-10,DVC Resale Market (archive),br51816,,Boulder Ridge Villas,230,,23460,102,,,Archived,,
2026-01-10,DVC Resale Market (archive),brb1819,,Boulder Ridge Villas,50,,5600,112,,,Archived,,
2026-01-10,DVC Resale Market (archive),brf1821,,Boulder Ridge Villas,170,,17510,103,,,Archived,,
2026-01-10,DVC Resale Market (archive),brb1822,,Boulder Ridge Villas,450,,42750,95,,,Archived,,
2026-01-10,DVC Resale Market (archive),br61823,,Boulder Ridge Villas,200,,20200,101,,,Archived,,
2026-01-10,DVC Resale Market (archive),br21826,,Boulder Ridge Villas,250,,25000,100,,,Archived,,
2026-01-10,DVC Resale Market (archive),brb1825,,Boulder Ridge Villas,200,,17000,85,,,Archived,,
2026-01-10,DVC Resale Market (archive),brd1828,,Boulder Ridge Villas,50,,5550,111,,,Archived,,
2026-01-10,DVC Resale Market (archive),br31829,,Boulder Ridge Villas,50,,6200,124,,,Archived,,
2026-01-10,DVC Resale Market (archive),ccb2755,,Copper Creek Villas,150,,20700,138,,,Archived,,
2026-01-10,DVC Resale Market (archive),cce2771,,Copper Creek Villas,50,,7200,144,,,Archived,,
2026-01-10,DVC Resale Market (archive),ccb2777,,Copper Creek Villas,175,,25025,143,,,Archived,,
2026-01-10,DVC Resale Market (archive),cca2779,,Copper Creek Villas,200,,27400,137,,,Archived,,
2026-01-10,DVC Resale Market (archive),cc32774,,Copper Creek Villas,250,,32500,130,,,Archived,,
2026-01-10,DVC Resale Market (archive),ccd2780,,Copper Creek Villas,100,,14600,146,,,Archived,,
2026-01-10,DVC Resale Market (archive),ccb2787,,Copper Creek Villas,150,,20700,138,,,Archived,,
2026-01-10,DVC Resale Market (archive),cc52747,,Copper Creek Villas,250,,32000,128,,,Archived,,
2026-01-10,DVC Resale Market (archive),cc52737,,Copper Creek Villas,250,,32000,128,,,Archived,,
2026-01-10,DVC Resale Market (archive),cc22791,,Copper Creek Villas,150,,20250,135,,,Archived,,
2026-01-10,DVC Resale Market (archive),cce2801,,Copper Creek Villas,100,,15000,150,,,Archived,,
2026-01-10,DVC Resale Market (archive),cce2802,,Copper Creek Villas,175,,25375,145,,,Archived,,
2026-01-10,DVC Resale Market (archive),cc62793,,Copper Creek Villas,60,,9600,160,,,Archived,,
2026-01-10,DVC Resale Market (archive),ccc2662,,Copper Creek Villas,175,,22925,131,,,Archived,,
2026-01-10,DVC Resale Market (archive),cca2805,,Copper Creek Villas,100,,15100,151,,,Archived,,
2026-01-10,DVC Resale Market (archive),cc82810,,Copper Creek Villas,150,,20250,135,,,Archived,,
2026-01-10,DVC Resale Market (archive),cc82816,,Copper Creek Villas,100,,15500,155,,,Archived,,
2026-01-10,DVC Resale Market (archive),ccc2817,,Copper Creek Villas,75,,11100,148,,,Archived,,
2026-01-10,DVC Resale Market (archive),gc31755,,Grand Californian Villas,160,,41920,262,,,Archived,,
2026-01-10,DVC Resale Market (archive),gc81763,,Grand Californian Villas,160,,41120,257,,,Archived,,
2026-01-10,DVC Resale Market (archive),gc81766,,Grand Californian Villas,200,,51000,255,,,Archived,,
2026-01-10,DVC Resale Market (archive),gcb1764,,Grand Californian Villas,125,,32375,259,,,Archived,,
2026-01-10,DVC Resale Market (archive),gc21768,,Grand Californian Villas,210,,52080,248,,,Archived,,
2026-01-10,DVC Resale Market (archive),gce1618,,Grand Californian Villas,160,,41920,262,,,Archived,,
2026-01-10,DVC Resale Market (archive),gc61771,,Grand Californian Villas,150,,39000,260,,,Archived,,
2026-01-10,DVC Resale Market (archive),gf92590,,Grand Floridian Villas,138,,21942,159,,,Archived,,
2026-01-10,DVC Resale Market (archive),gf32830,,Grand Floridian Villas,100,,16500,165,,,Archived,,
2026-01-10,DVC Resale Market (archive),gfe2890,,Grand Floridian Villas,50,,8250,165,,,Archived,,
2026-01-10,DVC Resale Market (archive),gff2957,,Grand Floridian Villas,50,,8650,173,,,Archived,,
2026-01-10,DVC Resale Market (archive),gf72986,,Grand Floridian Villas,130,,20540,158,,,Archived,,
2026-01-10,DVC Resale Market (archive),gf32867,,Grand Floridian Villas,100,,15800,158,,,Archived,,
2026-01-10,DVC Resale Market (archive),gfa2999,,Grand Floridian Villas,160,,26240,164,,,Archived,,
2026-01-10,DVC Resale Market (archive),gf63027,,Grand Floridian Villas,180,,28800,160,,,Archived,,
2026-01-10,DVC Resale Market (archive),gfa3039,,Grand Floridian Villas,100,,15500,155,,,Archived,,
2026-01-10,DVC Resale Market (archive),gfa3038,,Grand Floridian Villas,100,,15500,155,,,Archived,,
2026-01-10,DVC Resale Market (archive),gfa3059,,Grand Floridian Villas,70,,11480,164,,,Archived,,
2026-01-10,DVC Resale Market (archive),gfb3054,,Grand Floridian Villas,60,,10200,170,,,Archived,,
2026-01-10,DVC Resale Market (archive),gfa3069,,Grand Floridian Villas,100,,15900,159,,,Archived,,
2026-01-10,DVC Resale Market (archive),gfg3067,,Grand Floridian Villas,100,,16100,161,,,Archived,,
2026-01-10,DVC Resale Market (archive),gf33074,,Grand Floridian Villas,150,,22800,152,,,Archived,,
2026-01-10,DVC Resale Market (archive),gfe3078,,Grand Floridian Villas,175,,28000,160,,,Archived,,
2026-01-10,DVC Resale Market (archive),gf23081,,Grand Floridian Villas,200,,29600,148,,,Archived,,
2026-01-10,DVC Resale Market (archive),gfa3084,,Grand Floridian Villas,150,,20400,136,,,Archived,,
2026-01-10,DVC Resale Market (archive),gfa3088,,Grand Floridian Villas,90,,16200,180,,,Archived,,
2026-01-10,DVC Resale Market (archive),gfb2854,,Grand Floridian Villas,150,,24000,160,,,Archived,,
2026-01-10,DVC Resale Market (archive),gfb2855,,Grand Floridian Villas,50,,8450,169,,,Archived,,
2026-01-10,DVC Resale Market (archive),gfb3094,,Grand Floridian Villas,250,,40250,161,,,Archived,,
2026-01-10,DVC Resale Market (archive),gfb3101,,Grand Floridian Villas,200,,30000,150,,,Archived,,
2026-01-10,DVC Resale Market (archive),gf53104,,Grand Floridian Villas,100,,16400,164,,,Archived,,
2026-01-10,DVC Resale Market (archive),gf33096,,Grand Floridian Villas,200,,27600,138,,,Archived,,
2026-01-10,DVC Resale Market (archive),gfb3098,,Grand Floridian Villas,125,,20000,160,,,Archived,,
2026-01-10,DVC Resale Market (archive),gfb2819,,Grand Floridian Villas,150,,24000,160,,,Archived,,
2026-01-10,DVC Resale Market (archive),hhc1700,,Hilton Head Island,210,,13650,65,,,Archived,,
2026-01-10,DVC Resale Market (archive),hhg1671,,Hilton Head Island,230,,14720,64,,,Archived,,
2026-01-10,DVC Resale Market (archive),hhe1672,,Hilton Head Island,200,,14600,73,,,Archived,,
2026-01-10,DVC Resale Market (archive),hhc1668,,Hilton Head Island,30,,2310,77,,,Archived,,
2026-01-10,DVC Resale Market (archive),hhe1697,,Hilton Head Island,350,,26600,76,,,Archived,,
2026-01-10,DVC Resale Market (archive),hh91698,,Hilton Head Island,30,,2370,79,,,Archived,,
2026-01-10,DVC Resale Market (archive),hh71699,,Hilton Head Island,160,,10400,65,,,Archived,,
2026-01-10,DVC Resale Market (archive),hhb1703,,Hilton Head Island,200,,11800,59,,,Archived,,
2026-01-10,DVC Resale Market (archive),hhb1705,,Hilton Head Island,230,,13570,59,,,Archived,,
2026-01-10,DVC Resale Market (archive),hh71702,,Hilton Head Island,100,,7700,77,,,Archived,,
2026-01-10,DVC Resale Market (archive),hhb1560,,Hilton Head Island,200,,11000,55,,,Archived,,
2026-01-10,DVC Resale Market (archive),hhb1561,,Hilton Head Island,50,,3750,75,,,Archived,,
2026-01-10,DVC Resale Market (archive),hhb1562,,Hilton Head Island,160,,9600,60,,,Archived,,
2026-01-10,DVC Resale Market (archive),hhb1704,,Hilton Head Island,25,,1925,77,,,Archived,,
2026-01-10,DVC Resale Market (archive),hh51708,,Hilton Head Island,50,,4100,82,,,Archived,,
2026-01-10,DVC Resale Market (archive),oka4588,,Old KeyWest,190,,18810,99,,,Archived,,
2026-01-10,DVC Resale Market (archive),ok24662,,Old KeyWest,50,,6100,122,,,Archived,,
2026-01-10,DVC Resale Market (archive),ok24681,,Old KeyWest,50,,5350,107,,,Archived,,
2026-01-10,DVC Resale Market (archive),okg4476,,Old KeyWest,150,,12900,86,,,Archived,,
2026-01-10,DVC Resale Market (archive),oka4553,,Old KeyWest,180,,19260,107,,,Archived,,
2026-01-10,DVC Resale Market (archive),okb4567,,Old KeyWest,560,,44800,80,,,Archived,,
2026-01-10,DVC Resale Market (archive),ok84593,,Old KeyWest,170,,14790,87,,,Archived,,
2026-01-10,DVC Resale Market (archive),ok64619,,Old KeyWest,270,,24840,92,,,Archived,,
2026-01-10,DVC Resale Market (archive),ok64622,,Old KeyWest,60,,6180,103,,,Archived,,
2026-01-10,DVC Resale Market (archive),okb4604,,Old KeyWest,180,,16380,91,,,Archived,,
2026-01-10,DVC Resale Market (archive),okg4626,,Old KeyWest,230,,21390,93,,,Archived,,
2026-01-10,DVC Resale Market (archive),oka4630,,Old KeyWest,32,,4000,125,,,Archived,,
2026-01-10,DVC Resale Market (archive),ok94633,,Old KeyWest,220,,19360,88,,,Archived,,
2026-01-10,DVC Resale Market (archive),ok24638,,Old KeyWest,100,,8400,84,,,Archived,,
2026-01-10,DVC Resale Market (archive),ok24640,,Old KeyWest,310,,26040,84,,,Archived,,
2026-01-10,DVC Resale Market (archive),ok24643,,Old KeyWest,150,,12900,86,,,Archived,,
2026-01-10,DVC Resale Market (archive),ok24644,,Old KeyWest,230,,19550,85,,,Archived,,
2026-01-10,DVC Resale Market (archive),ok34642,,Old KeyWest,230,,19320,84,,,Archived,,
2026-01-10,DVC Resale Market (archive),oke4612,,Old KeyWest,150,,15000,100,,,Archived,,
2026-01-10,DVC Resale Market (archive),ok24647,,Old KeyWest,220,,19800,90,,,Archived,,
2026-01-10,DVC Resale Market (archive),ok24650,,Old KeyWest,300,,24900,83,,,Archived,,
2026-01-10,DVC Resale Market (archive),ok64606,,Old KeyWest,190,,16720,88,,,Archived,,
2026-01-10,DVC Resale Market (archive),oke4652,,Old KeyWest,270,,27000,100,,,Archived,,
2026-01-10,DVC Resale Market (archive),oke4649,,Old KeyWest,230,,21850,95,,,Archived,,
2026-01-10,DVC Resale Market (archive),ok54655,,Old KeyWest,250,,20250,81,,,Archived,,
2026-01-10,DVC Resale Market (archive),okd4615,,Old KeyWest,150,,15300,102,,,Archived,,
2026-01-10,DVC Resale Market (archive),okd4616,,Old KeyWest,60,,7380,123,,,Archived,,
2026-01-10,DVC Resale Market (archive),okf4628,,Old KeyWest,150,,17400,116,,,Archived,,
2026-01-10,DVC Resale Market (archive),okf4627,,Old KeyWest,100,,12100,121,,,Archived,,
2026-01-10,DVC Resale Market (archive),okf3847,,Old KeyWest,210,,21420,102,,,Archived,,
2026-01-10,DVC Resale Market (archive),ok74659,,Old KeyWest,175,,18375,105,,,Archived,,
2026-01-10,DVC Resale Market (archive),okb4637,,Old KeyWest,250,,23000,92,,,Archived,,
2026-01-10,DVC Resale Market (archive),ok94665,,Old KeyWest,78,,9594,123,,,Archived,,
2026-01-10,DVC Resale Market (archive),ok94670,,Old KeyWest,58,,7366,127,,,Archived,,
2026-01-10,DVC Resale Market (archive),ok94654,,Old KeyWest,50,,5600,112,,,Archived,,
2026-01-10,DVC Resale Market (archive),oka4674,,Old KeyWest,100,,9500,95,,,Archived,,
2026-01-10,DVC Resale Market (archive),okb4675,,Old KeyWest,210,,17010,81,,,Archived,,
2026-01-10,DVC Resale Market (archive),ok54669,,Old KeyWest,310,,26660,86,,,Archived,,
2026-01-10,DVC Resale Market (archive),okb3736,,Old KeyWest,210,,18060,86,,,Archived,,
2026-01-10,DVC Resale Market (archive),ok94676,,Old KeyWest,80,,7920,99,,,Archived,,
2026-01-10,DVC Resale Market (archive),okf4509,,Old KeyWest,140,,12460,89,,,Archived,,
2026-01-10,DVC Resale Market (archive),okf4507,,Old KeyWest,210,,19950,95,,,Archived,,
2026-01-10,DVC Resale Market (archive),okb4679,,Old KeyWest,100,,11000,110,,,Archived,,
2026-01-10,DVC Resale Market (archive),ok74672,,Old KeyWest,230,,20240,88,,,Archived,,
2026-01-10,DVC Resale Market (archive),ok74673,,Old KeyWest,50,,5250,105,,,Archived,,
2026-01-10,DVC Resale Market (archive),plf4295,,Polynesian Villas,110,,20460,186,,,Archived,,
2026-01-10,DVC Resale Market (archive),pld4149,,Polynesian Villas,200,,35800,179,,,Archived,,
2026-01-10,DVC Resale Market (archive),plg4184,,Polynesian Villas,175,,29750,170,,,Archived,,
2026-01-10,DVC Resale Market (archive),pl54150,,Polynesian Villas,100,,18000,180,,,Archived,,
2026-01-10,DVC Resale Market (archive),pl34241,,Polynesian Villas,175,,28875,165,,,Archived,,
2026-01-10,DVC Resale Market (archive),ple4222,,Polynesian Villas,100,,16300,163,,,Archived,,
2026-01-10,DVC Resale Market (archive),plb4248,,Polynesian Villas,125,,20125,161,,,Archived,,
2026-01-10,DVC Resale Market (archive),pla4246,,Polynesian Villas,150,,25500,170,,,Archived,,
2026-01-10,DVC Resale Market (archive),pl34261,,Polynesian Villas,125,,21625,173,,,Archived,,
2026-01-10,DVC Resale Market (archive),pl54265,,Polynesian Villas,250,,38000,152,,,Archived,,
2026-01-10,DVC Resale Market (archive),pl54264,,Polynesian Villas,250,,38000,152,,,Archived,,
2026-01-10,DVC Resale Market (archive),plc4274,,Polynesian Villas,150,,24600,164,,,Archived,,
2026-01-10,DVC Resale Market (archive),pla4276,,Polynesian Villas,50,,8900,178,,,Archived,,
2026-01-10,DVC Resale Market (archive),pl94275,,Polynesian Villas,120,,19080,159,,,Archived,,
2026-01-10,DVC Resale Market (archive),pl24278,,Polynesian Villas,135,,20790,154,,,Archived,,
2026-01-10,DVC Resale Market (archive),pl24279,,Polynesian Villas,150,,25500,170,,,Archived,,
2026-01-10,DVC Resale Market (archive),pl24280,,Polynesian Villas,250,,39750,159,,,Archived,,
2026-01-10,DVC Resale Market (archive),pl84220,,Polynesian Villas,65,,11310,174,,,Archived,,
2026-01-10,DVC Resale Market (archive),pl84218,,Polynesian Villas,65,,10725,165,,,Archived,,
2026-01-10,DVC Resale Market (archive),pl34286,,Polynesian Villas,100,,15500,155,,,Archived,,
2026-01-10,DVC Resale Market (archive),ple4284,,Polynesian Villas,112,,19600,175,,,Archived,,
2026-01-10,DVC Resale Market (archive),ple4285,,Polynesian Villas,100,,17600,176,,,Archived,,
2026-01-10,DVC Resale Market (archive),pl34296,,Polynesian Villas,75,,12900,172,,,Archived,,
2026-01-10,DVC Resale Market (archive),plf4293,,Polynesian Villas,250,,41000,164,,,Archived,,
2026-01-10,DVC Resale Market (archive),rr61906,,RivieraResort,200,,24400,122,,,Archived,,
2026-01-10,DVC Resale Market (archive),rra2013,,RivieraResort,300,,36000,120,,,Archived,,
2026-01-10,DVC Resale Market (archive),rr82044,,RivieraResort,525,,58275,111,,,Archived,,
2026-01-10,DVC Resale Market (archive),rrf2050,,RivieraResort,215,,25585,119,,,Archived,,
2026-01-10,DVC Resale Market (archive),rr82070,,RivieraResort,100,,13900,139,,,Archived,,
2026-01-10,DVC Resale Market (archive),rrg2087,,RivieraResort,75,,9525,127,,,Archived,,
2026-01-10,DVC Resale Market (archive),rr92110,,RivieraResort,150,,20250,135,,,Archived,,
2026-01-10,DVC Resale Market (archive),rrf2115,,RivieraResort,125,,17000,136,,,Archived,,
2026-01-10,DVC Resale Market (archive),rr62111,,RivieraResort,300,,34800,116,,,Archived,,
2026-01-10,DVC Resale Market (archive),rrc2122,,RivieraResort,75,,9900,132,,,Archived,,
2026-01-10,DVC Resale Market (archive),rrc2116,,RivieraResort,300,,31200,104,,,Archived,,
2026-01-10,DVC Resale Market (archive),rrc2117,,RivieraResort,200,,24000,120,,,Archived,,
2026-01-10,DVC Resale Market (archive),rra2124,,RivieraResort,200,,23200,116,,,Archived,,
2026-01-10,DVC Resale Market (archive),rra2125,,RivieraResort,200,,25800,129,,,Archived,,
2026-01-10,DVC Resale Market (archive),rr82119,,RivieraResort,350,,40250,115,,,Archived,,
2026-01-10,DVC Resale Market (archive),rrc2129,,RivieraResort,200,,26000,130,,,Archived,,
2026-01-10,DVC Resale Market (archive),ssa7896,,Saratoga Springs,100,,10200,102,,,Archived,,
2026-01-10,DVC Resale Market (archive),ss56778,,Saratoga Springs,320,,35200,110,,,Archived,,
2026-01-10,DVC Resale Market (archive),ss57696,,Saratoga Springs,150,,15000,100,,,Archived,,
2026-01-10,DVC Resale Market (archive),ss57712,,Saratoga Springs,200,,21000,105,,,Archived,,
2026-01-10,DVC Resale Market (archive),ss57713,,Saratoga Springs,200,,22000,110,,,Archived,,
2026-01-10,DVC Resale Market (archive),ssc7765,,Saratoga Springs,200,,21200,106,,,Archived,,
2026-01-10,DVC Resale Market (archive),ss57806,,Saratoga Springs,50,,6000,120,,,Archived,,
2026-01-10,DVC Resale Market (archive),ssd7228,,Saratoga Springs,500,,48000,96,,,Archived,,
2026-01-10,DVC Resale Market (archive),ssa7741,,Saratoga Springs,150,,17250,115,,,Archived,,
2026-01-10,DVC Resale Market (archive),ssa7826,,Saratoga Springs,150,,15000,100,,,Archived,,
2026-01-10,DVC Resale Market (archive),ss27834,,Saratoga Springs,200,,21400,107,,,Archived,,
2026-01-10,DVC Resale Market (archive),ss27725,,Saratoga Springs,225,,21150,94,,,Archived,,
2026-01-10,DVC Resale Market (archive),ss27838,,Saratoga Springs,200,,20600,103,,,Archived,,
2026-01-10,DVC Resale Market (archive),ss27840,,Saratoga Springs,160,,16640,104,,,Archived,,
2026-01-10,DVC Resale Market (archive),ss27843,,Saratoga Springs,150,,15600,104,,,Archived,,
2026-01-10,DVC Resale Market (archive),sse7846,,Saratoga Springs,375,,39375,105,,,Archived,,
2026-01-10,DVC Resale Market (archive),sse7848,,Saratoga Springs,375,,39375,105,,,Archived,,
2026-01-10,DVC Resale Market (archive),sse7849,,Saratoga Springs,375,,40875,109,,,Archived,,
2026-01-10,DVC Resale Market (archive),sse7850,,Saratoga Springs,375,,39375,105,,,Archived,,
2026-01-10,DVC Resale Market (archive),ssa7851,,Saratoga Springs,65,,7345,113,,,Archived,,
2026-01-10,DVC Resale Market (archive),ss87858,,Saratoga Springs,200,,22200,111,,,Archived,,
2026-01-10,DVC Resale Market (archive),ss37831,,Saratoga Springs,225,,23400,104,,,Archived,,
2026-01-10,DVC Resale Market (archive),ss87845,,Saratoga Springs,285,,29070,102,,,Archived,,
2026-01-10,DVC Resale Market (archive),ssg7854,,Saratoga Springs,130,,14690,113,,,Archived,,
2026-01-10,DVC Resale Market (archive),ssg7855,,Saratoga Springs,200,,23600,118,,,Archived,,
2026-01-10,DVC Resale Market (archive),ssa7335,,Saratoga Springs,300,,33000,110,,,Archived,,
2026-01-10,DVC Resale Market (archive),ss57863,,Saratoga Springs,120,,12960,108,,,Archived,,
2026-01-10,DVC Resale Market (archive),ssg7856,,Saratoga Springs,150,,15300,102,,,Archived,,
2026-01-10,DVC Resale Market (archive),ssd7670,,Saratoga Springs,150,,17100,114,,,Archived,,
2026-01-10,DVC Resale Market (archive),ss37869,,Saratoga Springs,25,,3375,135,,,Archived,,
2026-01-10,DVC Resale Market (archive),ss37868,,Saratoga Springs,25,,3225,129,,,Archived,,
2026-01-10,DVC Resale Market (archive),ss57861,,Saratoga Springs,120,,13800,115,,,Archived,,
2026-01-10,DVC Resale Market (archive),ss37872,,Saratoga Springs,200,,20600,103,,,Archived,,
2026-01-10,DVC Resale Market (archive),ss37860,,Saratoga Springs,150,,15600,104,,,Archived,,
2026-01-10,DVC Resale Market (archive),ss37862,,Saratoga Springs,150,,15600,104,,,Archived,,
2026-01-10,DVC Resale Market (archive),ssa7879,,Saratoga Springs,150,,14700,98,,,Archived,,
2026-01-10,DVC Resale Market (archive),ssa7877,,Saratoga Springs,160,,16800,105,,,Archived,,
2026-01-10,DVC Resale Market (archive),ss57841,,Saratoga Springs,50,,6400,128,,,Archived,,
2026-01-10,DVC Resale Market (archive),ss77876,,Saratoga Springs,160,,17600,110,,,Archived,,
2026-01-10,DVC Resale Market (archive),ssb6858,,Saratoga Springs,130,,12480,96,,,Archived,,
2026-01-10,DVC Resale Market (archive),ss57880,,Saratoga Springs,50,,5700,114,,,Archived,,
2026-01-10,DVC Resale Market (archive),ssc7885,,Saratoga Springs,160,,14720,92,,,Archived,,
2026-01-10,DVC Resale Market (archive),ssb7883,,Saratoga Springs,200,,20800,104,,,Archived,,
2026-01-10,DVC Resale Market (archive),ss77866,,Saratoga Springs,150,,15900,106,,,Archived,,
2026-01-10,DVC Resale Market (archive),ssf7672,,Saratoga Springs,100,,11800,118,,,Archived,,
2026-01-10,DVC Resale Market (archive),ss37882,,Saratoga Springs,160,,16480,103,,,Archived,,
2026-01-10,DVC Resale Market (archive),ss97893,,Saratoga Springs,160,,18880,118,,,Archived,,
2026-01-10,DVC Resale Market (archive),ssg7895,,Saratoga Springs,160,,18080,113,,,Archived,,
2026-01-10,DVC Resale Market (archive),ssb7884,,Saratoga Springs,200,,20600,103,,,Archived,,
2026-01-10,DVC Resale Market (archive),ssa7897,,Saratoga Springs,200,,19200,96,,,Archived,,
2026-01-10,DVC Resale Market (archive),vbe2407,,Vero Beach,200,,11000,55,,,Archived,,
2026-01-10,DVC Resale Market (archive),vb62353,,Vero Beach,200,,9200,46,,,Archived,,
2026-01-10,DVC Resale Market (archive),vb32443,,Vero Beach,293,,12306,42,,,Archived,,
2026-01-10,DVC Resale Market (archive),vbb2440,,Vero Beach,150,,7050,47,,,Archived,,
2026-01-10,DVC Resale Market (archive),vb22449,,Vero Beach,150,,6150,41,,,Archived,,
2026-01-10,DVC Resale Market (archive),vb22450,,Vero Beach,50,,3150,63,,,Archived,,
2026-01-10,DVC Resale Market (archive),vbb2448,,Vero Beach,400,,16800,42,,,Archived,,
2026-01-10,DVC Resale Market (archive),vb22453,,Vero Beach,210,,11340,54,,,Archived,,
2026-01-10,DVC Resale Market (archive),vbe2341,,Vero Beach,230,,11500,50,,,Archived,,
2026-01-10,DVC Resale Market (archive),vb52459,,Vero Beach,100,,5300,53,,,Archived,,
2026-01-10,DVC Resale Market (archive),vb52462,,Vero Beach,50,,3150,63,,,Archived,,
2026-01-10,DVC Resale Market (archive),vbf2465,,Vero Beach,85,,5015,59,,,Archived,,
2026-01-10,DVC Resale Market (archive),vb32458,,Vero Beach,150,,7800,52,,,Archived,,
2026-01-10,DVC Resale Market (archive),vb32466,,Vero Beach,75,,4425,59,,,Archived,,
2026-01-10,DVC Resale Market (archive),dhf1055,,Villas at Disneyland Hotel,180,,32400,180,,,Archived,,
2026-01-10,DVC Resale Market (archive),dhg1069,,Villas at Disneyland Hotel,200,,36000,180,,,Archived,,
2026-01-10,DVC Resale Market (archive),dha1076,,Villas at Disneyland Hotel,60,,9600,160,,,Archived,,
2026-01-10,DVC Resale Market (archive),dh81087,,Villas at Disneyland Hotel,50,,9000,180,,,Archived,,
2026-08-17,DVC Resale Market,AKA6374,https://www.dvcresalemarket.com/listings/animal-kingdom-lodge/aka6374/,Animal Kingdom Villas,160,December,21760,136.0,10.16,2057,Sale Pending,160,14.22
2026-08-17,DVC Resale Market,AK86192,https://www.dvcresalemarket.com/listings/animal-kingdom-lodge/ak86192/,Animal Kingdom Villas,150,September,18600,124.0,10.16,2057,Offer Accepted,150,13.846
2026-08-17,DVC Resale Market,AKC6330,https://www.dvcresalemarket.com/listings/animal-kingdom-lodge/akc6330/,Animal Kingdom Villas,220,June,23980,109.0,10.16,2057,Offer Accepted,0,13.887
2026-08-17,DVC Resale Market,AKE6390,https://www.dvcresalemarket.com/listings/animal-kingdom-lodge/ake6390/,Animal Kingdom Villas,160,June,17600,110.0,10.16,2057,Offer Accepted,-164,14.615
2026-08-17,DVC Resale Market,AK96381,https://www.dvcresalemarket.com/listings/animal-kingdom-lodge/ak96381/,Animal Kingdom Villas,200,December,23000,115.0,10.16,2057,Available,10,14.071
2026-08-17,DVC Resale Market,AKB6252,https://www.dvcresalemarket.com/listings/animal-kingdom-lodge/akb6252/,Animal Kingdom Villas,160,December,20320,127.0,10.16,2057,Available,160,13.9
2026-08-17,DVC Resale Market,AKF6376,https://www.dvcresalemarket.com/listings/animal-kingdom-lodge/akf6376/,Animal Kingdom Villas,180,March,20880,116.0,10.16,2057,Available,-10,14.188
2026-08-17,DVC Resale Market,AKE6391,https://www.dvcresalemarket.com/listings/animal-kingdom-lodge/ake6391/,Animal Kingdom Villas,160,December,17600,110.0,10.16,2057,Available,-319,15.208
2026-08-17,DVC Resale Market,AKC6269,https://www.dvcresalemarket.com/listings/animal-kingdom-lodge/akc6269/,Animal Kingdom Villas,250,August,27750,111.0,10.16,2057,Sale Pending,0,13.935
2026-08-17,DVC Resale Market,AKA6388,https://www.dvcresalemarket.com/listings/animal-kingdom-lodge/aka6388/,Animal Kingdom Villas,100,August,13300,133.0,10.16,2057,Sale Pending,-2,14.891
2026-08-17,DVC Resale Market,AKE6346,https://www.dvcresalemarket.com/listings/animal-kingdom-lodge/ake6346/,Animal Kingdom Villas,160,June,17600,110.0,10.16,2057,Sale Pending,-61,14.22
2026-08-17,DVC Resale Market,AK76356,https://www.dvcresalemarket.com/listings/animal-kingdom-lodge/ak76356/,Animal Kingdom Villas,150,March,16800,112.0,10.16,2057,Sale Pending,-28,14.182
2026-08-17,DVC Resale Market,AKE6370,https://www.dvcresalemarket.com/listings/animal-kingdom-lodge/ake6370/,Animal Kingdom Villas,300,June,30900,103.0,10.16,2057,Sale Pending,-300,14.265
2026-08-17,DVC Resale Market,AKE6280,https://www.dvcresalemarket.com/listings/animal-kingdom-lodge/ake6280/,Animal Kingdom Villas,300,June,30900,103.0,10.16,2057,Sale Pending,-300,14.265
2026-08-17,DVC Resale Market,AK86318,https://www.dvcresalemarket.com/listings/animal-kingdom-lodge/ak86318/,Animal Kingdom Villas,160,June,21760,136.0,10.16,2057,Sale Pending,160,14.22
2026-08-17,DVC Resale Market,AKF6271,https://www.dvcresalemarket.com/listings/animal-kingdom-lodge/akf6271/,Animal Kingdom Villas,160,December,18080,113.0,10.16,2057,Available,-92,14.438
2026-08-17,DVC Resale Market,AK26342,https://www.dvcresalemarket.com/listings/animal-kingdom-lodge/ak26342/,Animal Kingdom Villas,25,February,3750,150.0,10.16,2057,Sale Pending,0,16.443
2026-08-17,DVC Resale Market,AKG6353,https://www.dvcresalemarket.com/listings/animal-kingdom-lodge/akg6353/,Animal Kingdom Villas,25,December,3425,137.0,10.16,2057,Sale Pending,25,15.41
2026-08-17,DVC Resale Market,AKE6379,https://www.dvcresalemarket.com/listings/animal-kingdom-lodge/ake6379/,Animal Kingdom Villas,160,October,18400,115.0,10.16,2057,Available,-155,14.743
2026-08-17,DVC Resale Market,AK26343,https://www.dvcresalemarket.com/listings/animal-kingdom-lodge/ak26343/,Animal Kingdom Villas,25,August,3875,155.0,10.16,2057,Sale Pending,1,16.579
2026-08-17,DVC Resale Market,AK36383,https://www.dvcresalemarket.com/listings/animal-kingdom-lodge/ak36383/,Animal Kingdom Villas,180,December,18900,105.0,10.16,2057,Available,-180,14.409
2026-08-17,DVC Resale Market,AK36364,https://www.dvcresalemarket.com/listings/animal-kingdom-lodge/ak36364/,Animal Kingdom Villas,110,December,12100,110.0,10.16,2057,Sale Pending,-102,14.661
2026-08-17,DVC Resale Market,AK36382,https://www.dvcresalemarket.com/listings/animal-kingdom-lodge/ak36382/,Animal Kingdom Villas,160,December,17120,107.0,10.16,2057,Sale Pending,-127,14.376
2026-08-17,DVC Resale Market,AK36361,https://www.dvcresalemarket.com/listings/animal-kingdom-lodge/ak36361/,Animal Kingdom Villas,100,August,11500,115.0,10.16,2057,Sale Pending,-99,14.892
2026-08-17,DVC Resale Market,AK76259,https://www.dvcresalemarket.com/listings/animal-kingdom-lodge/ak76259/,Animal Kingdom Villas,320,December,40000,125.0,10.16,2057,Available,0,14.366
2026-08-17,DVC Resale Market,AK36384,https://www.dvcresalemarket.com/listings/animal-kingdom-lodge/ak36384/,Animal Kingdom Villas,100,October,11600,116.0,10.16,2057,Sale Pending,14,14.232
2026-08-17,DVC Resale Market,AK96363,https://www.dvcresalemarket.com/listings/animal-kingdom-lodge/ak96363/,Animal Kingdom Villas,100,February,12500,125.0,10.16,2057,Sale Pending,0,14.615
2026-08-17,DVC Resale Market,AKC6372,https://www.dvcresalemarket.com/listings/animal-kingdom-lodge/akc6372/,Animal Kingdom Villas,250,August,27750,111.0,10.16,2057,Available,0,13.935
2026-08-17,DVC Resale Market,AK76261,https://www.dvcresalemarket.com/listings/animal-kingdom-lodge/ak76261/,Animal Kingdom Villas,480,October,50400,105.0,10.16,2057,Sale Pending,-356,14.124
2026-08-17,DVC Resale Market,AKE6341,https://www.dvcresalemarket.com/listings/animal-kingdom-lodge/ake6341/,Animal Kingdom Villas,270,June,28350,105.0,10.16,2057,Sale Pending,-229,14.25
2026-08-17,DVC Resale Market,AKA6373,https://www.dvcresalemarket.com/listings/animal-kingdom-lodge/aka6373/,Animal Kingdom Villas,150,August,17250,115.0,10.16,2057,Available,-299,15.388
2026-08-17,DVC Resale Market,AK86326,https://www.dvcresalemarket.com/listings/animal-kingdom-lodge/ak86326/,Animal Kingdom Villas,50,December,6850,137.0,10.16,2057,Sale Pending,0,15.34
2026-08-17,DVC Resale Market,AK76303,https://www.dvcresalemarket.com/listings/animal-kingdom-lodge/ak76303/,Animal Kingdom Villas,160,October,18880,118.0,10.16,2057,Available,6,14.224
2026-08-17,DVC Resale Market,AK26368,https://www.dvcresalemarket.com/listings/animal-kingdom-lodge/ak26368/,Animal Kingdom Villas,160,December,17440,109.0,10.16,2057,Available,-160,14.567
2026-08-17,The DVC Store,AK140-12-0225,https://www.dvcstore.com/resort/animal-kingdom/ak140-12-0225/,Animal Kingdom Villas,140,December,15400,110.0,10.1608,2057,Sold,0,13.969
2026-08-17,The DVC Store,AK200-10-0112-1,https://www.dvcstore.com/resort/animal-kingdom/ak200-10-0112-1/,Animal Kingdom Villas,200,October,20000,100.0,10.1608,2057,Sold,0,13.578
2026-08-17,The DVC Store,AK200-12-1018,https://www.dvcstore.com/resort/animal-kingdom/ak200-12-1018/,Animal Kingdom Villas,200,December,20600,103.0,10.1608,2057,Sold,4,13.664
2026-08-17,The DVC Store,AK200-12-1102,https://www.dvcstore.com/resort/animal-kingdom/ak200-12-1102/,Animal Kingdom Villas,200,December,22400,112.0,10.1608,2057,Sold,0,13.968
2026-08-17,The DVC Store,AK167-06-0127,https://www.dvcstore.com/resort/animal-kingdom/ak167-06-0127/,Animal Kingdom Villas,167,June,15030,90.0,10.1608,2057,Sold,0,13.282
2026-08-17,The DVC Store,AK050-08-0521,https://www.dvcstore.com/resort/animal-kingdom/ak050-08-0521/,Animal Kingdom Villas,50,August,6000,120.0,10.1608,2057,Sale Pending,100,13.455
2026-08-17,The DVC Store,AK210-12-0518,https://www.dvcstore.com/resort/animal-kingdom/ak210-12-0518/,Animal Kingdom Villas,210,December,19740,94.0,10.1608,2057,Sale Pending,-210,13.988
2026-08-17,The DVC Store,AK100-06-0602,https://www.dvcstore.com/resort/animal-kingdom/ak100-06-0602/,Animal Kingdom Villas,100,June,10900,109.0,10.1608,2057,Sale Pending,0,14.022
2026-08-17,The DVC Store,AK100-06-0727,https://www.dvcstore.com/resort/animal-kingdom/ak100-06-0727/,Animal Kingdom Villas,100,June,11000,110.0,10.1608,2057,Sale Pending,0,14.054
2026-08-17,The DVC Store,AK180-12-0729,https://www.dvcstore.com/resort/animal-kingdom/ak180-12-0729/,Animal Kingdom Villas,180,December,20700,115.0,10.1608,2057,Available,0,14.085
2026-08-17,The DVC Store,AK300-06-0727,https://www.dvcstore.com/resort/animal-kingdom/ak300-06-0727/,Animal Kingdom Villas,300,June,29100,97.0,10.1608,2057,Sold,-400,14.244
2026-08-17,The DVC Store,AK320-09-0713,https://www.dvcstore.com/resort/animal-kingdom/ak320-09-0713/,Animal Kingdom Villas,320,September,34560,108.0,10.1608,2057,Sold,308,13.191
2026-08-17,The DVC Store,AK300-12-0713,https://www.dvcstore.com/resort/animal-kingdom/ak300-12-0713/,Animal Kingdom Villas,300,December,30900,103.0,10.1608,2057,Sold,-576,14.802
2026-08-17,The DVC Store,AK120-06-0727,https://www.dvcstore.com/resort/animal-kingdom/ak120-06-0727/,Animal Kingdom Villas,120,June,14400,120.0,10.1608,2057,Sold,0,14.324
2026-08-17,The DVC Store,AK220-09-0812,https://www.dvcstore.com/resort/animal-kingdom/ak220-09-0812/,Animal Kingdom Villas,220,September,21780,99.0,10.1608,2057,Available,-556,15.081
2026-08-17,The DVC Store,AK100-09-0725,https://www.dvcstore.com/resort/animal-kingdom/ak100-09-0725/,Animal Kingdom Villas,100,September,12000,120.0,10.1608,2057,Sold,-36,14.599
2026-08-17,The DVC Store,AK160-02-0807,https://www.dvcstore.com/resort/animal-kingdom/ak160-02-0807/,Animal Kingdom Villas,160,February,17440,109.0,10.1608,2057,Sold,0,13.908
2026-08-17,DVC Sales,501,https://dvcsales.com/dvc-resale/animal-kingdom/360-points/501,Animal Kingdom Villas,360,,38520,107.0,,2057,Unverified,0,
2026-08-17,DVC Sales,1259,https://dvcsales.com/dvc-resale/animal-kingdom/110-points/1259,Animal Kingdom Villas,110,,12320,112.0,,2057,Unverified,0,
2026-08-17,DVC Sales,1418,https://dvcsales.com/dvc-resale/animal-kingdom/290-points/1418,Animal Kingdom Villas,290,,29870,103.0,,2057,Unverified,0,
2026-08-17,DVC Resale Market,AU83487,https://www.dvcresalemarket.com/listings/aulani/au83487/,Aulani,210,March,19110,91.0,10.96,2062,Offer Accepted,-210,14.225
2026-08-17,DVC Resale Market,AUB3477,https://www.dvcresalemarket.com/listings/aulani/aub3477/,Aulani,175,December,17500,100.0,10.96,2062,Offer Accepted,-100,14.29
2026-08-17,DVC Resale Market,AU83417,https://www.dvcresalemarket.com/listings/aulani/au83417/,Aulani,170,August,16320,96.0,10.96,2062,Offer Accepted,-92,14.17
2026-08-17,DVC Resale Market,AUC3491,https://www.dvcresalemarket.com/listings/aulani/auc3491/,Aulani,100,December,11000,110.0,10.96,2062,Offer Accepted,86,14.001
2026-08-17,DVC Resale Market,AUB3497,https://www.dvcresalemarket.com/listings/aulani/aub3497/,Aulani,200,June,19600,98.0,10.96,2062,Offer Accepted,-7,13.92
2026-08-17,DVC Resale Market,AU63499,https://www.dvcresalemarket.com/listings/aulani/au63499/,Aulani,115,March,12075,105.0,10.96,2062,Available,-115,14.786
2026-08-17,DVC Resale Market,AU23498,https://www.dvcresalemarket.com/listings/aulani/au23498/,Aulani,100,August,11000,110.0,10.96,2062,Available,86,14.001
2026-08-17,DVC Resale Market,AUE3494,https://www.dvcresalemarket.com/listings/aulani/aue3494/,Aulani,150,August,15750,105.0,10.96,2062,Available,-114,14.57
2026-08-17,DVC Resale Market,AUC3479,https://www.dvcresalemarket.com/listings/aulani/auc3479/,Aulani,200,August,21000,105.0,10.96,2062,Offer Accepted,200,13.568
2026-08-17,DVC Resale Market,AU33473,https://www.dvcresalemarket.com/listings/aulani/au33473/,Aulani,320,December,33280,104.0,10.96,2062,Available,320,13.458
2026-08-17,DVC Resale Market,AUB3444,https://www.dvcresalemarket.com/listings/aulani/aub3444/,Aulani,125,August,11750,94.0,10.96,2062,Sale Pending,-125,14.45
2026-08-17,DVC Resale Market,AUE3475,https://www.dvcresalemarket.com/listings/aulani/aue3475/,Aulani,320,March,38400,120.0,10.96,2062,Sale Pending,-253,14.848
2026-08-17,DVC Resale Market,AUC3485,https://www.dvcresalemarket.com/listings/aulani/auc3485/,Aulani,150,March,13800,92.0,10.96,2062,Offer Accepted,-150,14.336
2026-08-17,DVC Resale Market,AU33422,https://www.dvcresalemarket.com/listings/aulani/au33422/,Aulani,150,March,14400,96.0,10.96,2062,Available,-247,14.788
2026-08-17,DVC Resale Market,AUC3490,https://www.dvcresalemarket.com/listings/aulani/auc3490/,Aulani,220,June,22880,104.0,10.96,2062,Available,180,13.617
2026-08-17,DVC Resale Market,AUC3484,https://www.dvcresalemarket.com/listings/aulani/auc3484/,Aulani,375,March,33375,89.0,10.96,2062,Available,-336,14.022
2026-08-17,DVC Resale Market,AUF3482,https://www.dvcresalemarket.com/listings/aulani/auf3482/,Aulani,160,September,15840,99.0,10.96,2062,Offer Accepted,0,13.984
2026-08-17,DVC Resale Market,AUC3459,https://www.dvcresalemarket.com/listings/aulani/auc3459/,Aulani,100,September,9700,97.0,10.96,2062,Offer Accepted,0,14.093
2026-08-17,DVC Resale Market,AUC3489,https://www.dvcresalemarket.com/listings/aulani/auc3489/,Aulani,220,October,20680,94.0,10.96,2062,Available,-140,14.106
2026-08-17,DVC Resale Market,AU83483,https://www.dvcresalemarket.com/listings/aulani/au83483/,Aulani,330,March,29700,90.0,10.96,2062,Available,-286,14.05
2026-08-17,DVC Resale Market,AU83488,https://www.dvcresalemarket.com/listings/aulani/au83488/,Aulani,400,March,35200,88.0,10.96,2062,Available,-400,14.042
2026-08-17,DVC Resale Market,AU63364,https://www.dvcresalemarket.com/listings/aulani/au63364/,Aulani,300,August,33000,110.0,10.96,2062,Available,200,13.81
2026-08-17,DVC Resale Market,AUB3414,https://www.dvcresalemarket.com/listings/aulani/aub3414/,Aulani,100,August,11000,110.0,10.96,2062,Available,0,14.454
2026-08-17,DVC Resale Market,AUB3357,https://www.dvcresalemarket.com/listings/aulani/aub3357/,Aulani,100,August,11000,110.0,10.96,2062,Available,0,14.454
2026-08-17,DVC Resale Market,AU83462,https://www.dvcresalemarket.com/listings/aulani/au83462/,Aulani,330,April,37950,115.0,10.96,2062,Available,0,14.287
2026-08-17,DVC Resale Market,AU33476,https://www.dvcresalemarket.com/listings/aulani/au33476/,Aulani,500,September,51500,103.0,10.96,2062,Available,0,13.909
2026-08-17,DVC Resale Market,AU33474,https://www.dvcresalemarket.com/listings/aulani/au33474/,Aulani,500,September,51500,103.0,10.96,2062,Available,0,13.909
2026-08-17,DVC Resale Market,AUE3424,https://www.dvcresalemarket.com/listings/aulani/aue3424/,Aulani,50,February,5350,107.0,10.96,2062,Available,-50,15.338
2026-08-17,DVC Resale Market,AU23455,https://www.dvcresalemarket.com/listings/aulani/au23455/,Aulani,100,June,10400,104.0,10.96,2062,Available,-200,15.343
2026-08-17,The DVC Store,AR150-12-0213,https://www.dvcstore.com/resort/aulani/ar150-12-0213/,Aulani,150,December,15750,105.0,10.9572,2062,Available,0,14.166
2026-08-17,The DVC Store,AR025-03-0526,https://www.dvcstore.com/resort/aulani/ar025-03-0526/,Aulani,25,March,2875,115.0,10.9572,2062,Available,0,15.707
2026-08-17,The DVC Store,AR220-03-0526,https://www.dvcstore.com/resort/aulani/ar220-03-0526/,Aulani,220,March,23100,105.0,10.9572,2062,Available,0,14.051
2026-08-17,The DVC Store,AR200-04-0409,https://www.dvcstore.com/resort/aulani/ar200-04-0409/,Aulani,200,April,19600,98.0,10.9572,2062,Sale Pending,0,13.874
2026-08-17,The DVC Store,AR120-12-0331,https://www.dvcstore.com/resort/aulani/ar120-12-0331/,Aulani,120,December,11880,99.0,10.9572,2062,Available,-14,14.093
2026-08-17,The DVC Store,AR100-02-0602,https://www.dvcstore.com/resort/aulani/ar100-02-0602/,Aulani,100,February,9700,97.0,10.9572,2062,Available,0,14.041
2026-08-17,The DVC Store,AR100-08-0714,https://www.dvcstore.com/resort/aulani/ar100-08-0714/,Aulani,100,August,10300,103.0,10.9572,2062,Available,0,14.207
2026-08-17,The DVC Store,AR100-08-0720,https://www.dvcstore.com/resort/aulani/ar100-08-0720/,Aulani,100,August,10500,105.0,10.9572,2062,Available,0,14.332
2026-08-17,The DVC Store,AR200-02-0723,https://www.dvcstore.com/resort/aulani/ar200-02-0723/,Aulani,200,February,24000,120.0,8.24,2062,Sold,-38,11.868
2026-08-17,The DVC Store,AR200-03-0512,https://www.dvcstore.com/resort/aulani/ar200-03-0512/,Aulani,200,March,19600,98.0,10.9572,2062,Available,0,13.874
2026-08-17,The DVC Store,AR035-02-0602,https://www.dvcstore.com/resort/aulani/ar035-02-0602/,Aulani,35,February,3850,110.0,10.9572,2062,Available,2,15.094
2026-08-17,The DVC Store,AR250-02-0713,https://www.dvcstore.com/resort/aulani/ar250-02-0713/,Aulani,250,February,25250,101.0,10.9572,2062,Available,-486,14.944
2026-08-17,The DVC Store,AR160-02-0805,https://www.dvcstore.com/resort/aulani/ar160-02-0805/,Aulani,160,February,16320,102.0,10.9572,2062,Available,0,14.034
2026-08-17,The DVC Store,AR100-02-0411-1,https://www.dvcstore.com/resort/aulani/ar100-02-0411-1/,Aulani,100,February,10200,102.0,10.9572,2062,Sold,0,14.228
2026-08-17,The DVC Store,AR170-09-0812,https://www.dvcstore.com/resort/aulani/ar170-09-0812/,Aulani,170,September,16830,99.0,10.9572,2062,Available,-362,15.06
2026-08-17,The DVC Store,AR150-09-0812,https://www.dvcstore.com/resort/aulani/ar150-09-0812/,Aulani,150,September,14850,99.0,10.9572,2062,Available,-300,15.022
2026-08-17,The DVC Store,AR100-02-0411,https://www.dvcstore.com/resort/aulani/ar100-02-0411-2/,Aulani,100,February,10200,102.0,10.9572,2062,Sale Pending,0,14.228
2026-08-17,The DVC Store,AR150-03-0706,https://www.dvcstore.com/resort/aulani/ar150-03-0706/,Aulani,150,March,14100,94.0,10.9572,2062,Available,0,13.828
2026-08-17,DVC Sales,339,https://dvcsales.com/dvc-resale/aulani/205-points/339,Aulani,205,,21730,106.0,,2062,Unverified,0,
2026-08-17,DVC Sales,931,https://dvcsales.com/dvc-resale/aulani/160-points/931,Aulani,160,,16000,100.0,,2062,Unverified,0,
2026-08-17,DVC Sales,945,https://dvcsales.com/dvc-resale/aulani/175-points/945,Aulani,175,,17325,99.0,,2062,Unverified,0,
2026-08-17,DVC Sales,969,https://dvcsales.com/dvc-resale/aulani/115-points/969,Aulani,115,,11615,101.0,,2062,Unverified,0,
2026-08-17,DVC Sales,1125,https://dvcsales.com/dvc-resale/aulani/200-points/1125,Aulani,200,,19400,97.0,,2062,Unverified,0,
2026-08-17,DVC Sales,1302,https://dvcsales.com/dvc-resale/aulani/300-points/1302,Aulani,300,,30600,102.0,,2062,Unverified,0,
2026-08-17,DVC Sales,1306,https://dvcsales.com/dvc-resale/aulani/300-points/1306,Aulani,300,,28200,94.0,,2062,Unverified,0,
2026-08-17,DVC Sales,1463,https://dvcsales.com/dvc-resale/aulani/300-points/1463,Aulani,300,,30000,100.0,,2062,Unverified,0,
2026-08-17,DVC Sales,1483,https://dvcsales.com/dvc-resale/aulani/100-points/1483,Aulani,100,,9800,98.0,,2062,Unverified,0,
2026-08-17,DVC Sales,1503,https://dvcsales.com/dvc-resale/aulani/320-points/1503,Aulani,320,,27840,87.0,,2062,Unverified,0,
2026-08-17,DVC Sales,1509,https://dvcsales.com/dvc-resale/aulani/200-points/1509,Aulani,200,,19000,95.0,,2062,Unverified,0,
2026-08-17,DVC Resale Market,BL83547,https://www.dvcresalemarket.com/listings/bay-lake-tower/bl83547/,Bay Lake Tower,160,October,22880,143.0,8.74,2060,Sale Pending,160,12.65
2026-08-17,DVC Resale Market,BL23732,https://www.dvcresalemarket.com/listings/bay-lake-tower/bl23732/,Bay Lake Tower,100,August,13500,135.0,8.74,2060,Offer Accepted,-100,13.66
2026-08-17,DVC Resale Market,BLF3704,https://www.dvcresalemarket.com/listings/bay-lake-tower/blf3704/,Bay Lake Tower,75,June,10275,137.0,8.74,2060,Sale Pending,-82,13.878
2026-08-17,DVC Resale Market,BL33705,https://www.dvcresalemarket.com/listings/bay-lake-tower/bl33705/,Bay Lake Tower,200,September,29800,149.0,8.74,2060,Sale Pending,200,12.791
2026-08-17,DVC Resale Market,BL83546,https://www.dvcresalemarket.com/listings/bay-lake-tower/bl83546/,Bay Lake Tower,160,October,22880,143.0,8.74,2060,Offer Accepted,160,12.65
2026-08-17,DVC Resale Market,BLB3720,https://www.dvcresalemarket.com/listings/bay-lake-tower/blb3720/,Bay Lake Tower,108,December,15120,140.0,8.74,2060,Available,-10,13.277
2026-08-17,DVC Resale Market,BLC3733,https://www.dvcresalemarket.com/listings/bay-lake-tower/blc3733/,Bay Lake Tower,200,September,28000,140.0,8.74,2060,Sale Pending,143,12.683
2026-08-17,DVC Resale Market,BL83694,https://www.dvcresalemarket.com/listings/bay-lake-tower/bl83694/,Bay Lake Tower,100,June,14400,144.0,8.74,2060,Available,52,13.079
2026-08-17,DVC Resale Market,BLA3725,https://www.dvcresalemarket.com/listings/bay-lake-tower/bla3725/,Bay Lake Tower,160,February,22400,140.0,8.74,2060,Sale Pending,-320,14.238
2026-08-17,DVC Resale Market,BL73718,https://www.dvcresalemarket.com/listings/bay-lake-tower/bl73718/,Bay Lake Tower,25,March,4075,163.0,8.74,2060,Sale Pending,-11,15.12
2026-08-17,DVC Resale Market,BLE3727,https://www.dvcresalemarket.com/listings/bay-lake-tower/ble3727/,Bay Lake Tower,200,February,26000,130.0,8.74,2060,Sale Pending,-400,13.9
2026-08-17,DVC Resale Market,BLA3700,https://www.dvcresalemarket.com/listings/bay-lake-tower/bla3700/,Bay Lake Tower,125,April,18125,145.0,8.74,2060,Sale Pending,0,13.332
2026-08-17,DVC Resale Market,BLG3693,https://www.dvcresalemarket.com/listings/bay-lake-tower/blg3693/,Bay Lake Tower,160,December,21760,136.0,8.74,2060,Sale Pending,-160,13.56
2026-08-17,DVC Resale Market,BL93726,https://www.dvcresalemarket.com/listings/bay-lake-tower/bl93726/,Bay Lake Tower,100,February,14700,147.0,8.74,2060,Sale Pending,-94,13.983
2026-08-17,DVC Resale Market,BL93690,https://www.dvcresalemarket.com/listings/bay-lake-tower/bl93690/,Bay Lake Tower,50,October,7350,147.0,8.74,2060,Sale Pending,-21,14.004
2026-08-17,DVC Resale Market,BL83550,https://www.dvcresalemarket.com/listings/bay-lake-tower/bl83550/,Bay Lake Tower,240,February,32160,134.0,8.74,2060,Sale Pending,-270,13.508
2026-08-17,DVC Resale Market,BLB3723,https://www.dvcresalemarket.com/listings/bay-lake-tower/blb3723/,Bay Lake Tower,160,December,20160,126.0,8.74,2060,Sale Pending,-160,13.264
2026-08-17,DVC Resale Market,BL33702,https://www.dvcresalemarket.com/listings/bay-lake-tower/bl33702/,Bay Lake Tower,300,February,40800,136.0,8.74,2060,Sale Pending,-296,13.46
2026-08-17,DVC Resale Market,BL33703,https://www.dvcresalemarket.com/listings/bay-lake-tower/bl33703/,Bay Lake Tower,107,March,14445,135.0,8.74,2060,Sale Pending,-25,13.209
2026-08-17,DVC Resale Market,BLB3719,https://www.dvcresalemarket.com/listings/bay-lake-tower/blb3719/,Bay Lake Tower,150,June,20400,136.0,8.74,2060,Sale Pending,-147,13.564
2026-08-17,DVC Resale Market,BLA3724,https://www.dvcresalemarket.com/listings/bay-lake-tower/bla3724/,Bay Lake Tower,50,February,7500,150.0,8.74,2060,Available,-99,14.964
2026-08-17,DVC Resale Market,BL23696,https://www.dvcresalemarket.com/listings/bay-lake-tower/bl23696/,Bay Lake Tower,86,December,12642,147.0,8.74,2060,Sale Pending,0,13.511
2026-08-17,DVC Resale Market,BLB3683,https://www.dvcresalemarket.com/listings/bay-lake-tower/blb3683/,Bay Lake Tower,25,February,3875,155.0,8.74,2060,Sale Pending,-25,15.174
2026-08-17,DVC Resale Market,BLF3709,https://www.dvcresalemarket.com/listings/bay-lake-tower/blf3709/,Bay Lake Tower,200,February,29400,147.0,8.74,2060,Sale Pending,0,13.291
2026-08-17,DVC Resale Market,BL93712,https://www.dvcresalemarket.com/listings/bay-lake-tower/bl93712/,Bay Lake Tower,320,February,47040,147.0,8.74,2060,Sale Pending,-90,13.385
2026-08-17,DVC Resale Market,BLB3692,https://www.dvcresalemarket.com/listings/bay-lake-tower/blb3692/,Bay Lake Tower,200,September,26800,134.0,8.74,2060,Sale Pending,44,12.777
2026-08-17,DVC Resale Market,BLA3699,https://www.dvcresalemarket.com/listings/bay-lake-tower/bla3699/,Bay Lake Tower,25,April,4150,166.0,8.74,2060,Sale Pending,0,14.962
2026-08-17,DVC Resale Market,BLC3707,https://www.dvcresalemarket.com/listings/bay-lake-tower/blc3707/,Bay Lake Tower,50,February,7750,155.0,8.74,2060,Available,-50,14.563
2026-08-17,DVC Resale Market,BL53482,https://www.dvcresalemarket.com/listings/bay-lake-tower/bl53482/,Bay Lake Tower,160,December,23200,145.0,8.74,2060,Available,-140,13.758
2026-08-17,The DVC Store,BLT160-02-1208,https://www.dvcstore.com/resort/bay-lake-tower/blt160-02-1208/,Bay Lake Tower,160,February,20000,125.0,8.7415,2060,Sold,0,12.636
2026-08-17,The DVC Store,BLT210-02-1112-1,https://www.dvcstore.com/resort/bay-lake-tower/blt210-02-1112-1/,Bay Lake Tower,210,February,28980,138.0,8.7415,2060,Sold,202,12.441
2026-08-17,The DVC Store,BLT160-06-0215-1,https://www.dvcstore.com/resort/bay-lake-tower/blt160-02-0215-1/,Bay Lake Tower,160,June,20960,131.0,8.7415,2060,Sold,48,12.646
2026-08-17,The DVC Store,BLT100-10-0602,https://www.dvcstore.com/resort/bay-lake-tower/blt100-10-0602/,Bay Lake Tower,100,October,13800,138.0,8.7415,2060,Sale Pending,-32,13.299
2026-08-17,The DVC Store,BLT160-12-0726,https://www.dvcstore.com/resort/bay-lake-tower/blt160-12-0726/,Bay Lake Tower,160,December,21920,137.0,8.7415,2060,Sold,320,11.875
2026-08-17,The DVC Store,BLT100-08-0728,https://www.dvcstore.com/resort/bay-lake-tower/blt100-08-0728/,Bay Lake Tower,100,August,14500,145.0,8.7415,2060,Available,0,13.326
2026-08-17,The DVC Store,BLT075-08-0728,https://www.dvcstore.com/resort/bay-lake-tower/blt075-08-0728/,Bay Lake Tower,75,August,10875,145.0,8.7415,2060,Available,0,13.426
2026-08-17,The DVC Store,BLT100-08-0728-1,https://www.dvcstore.com/resort/bay-lake-tower/blt100-08-0728-1/,Bay Lake Tower,100,August,14300,143.0,8.7415,2060,Available,0,13.267
2026-08-17,The DVC Store,BLT134-09-0730,https://www.dvcstore.com/resort/bay-lake-tower/blt134-09-0730/,Bay Lake Tower,134,September,17822,133.0,8.7415,2060,Sale Pending,-102,13.33
2026-08-17,The DVC Store,BLT200-03-0320,https://www.dvcstore.com/resort/bay-lake-tower/blt200-03-0320/,Bay Lake Tower,200,March,27000,135.0,8.7415,2060,Sold,10,12.868
2026-08-17,The DVC Store,BLT160-12-0811,https://www.dvcstore.com/resort/bay-lake-tower/blt160-12-0811/,Bay Lake Tower,160,December,22880,143.0,8.7415,2060,Available,106,12.8
2026-08-17,The DVC Store,BLT160-12-0729,https://www.dvcstore.com/resort/bay-lake-tower/blt160-12-0729/,Bay Lake Tower,160,December,22240,139.0,8.7415,2060,Sold,56,12.855
2026-08-17,The DVC Store,BLT160-02-0811,https://www.dvcstore.com/resort/bay-lake-tower/blt160-02-0811/,Bay Lake Tower,160,February,21120,132.0,8.7415,2060,Sold,0,12.844
2026-08-17,The DVC Store,BLT160-02-0816,https://www.dvcstore.com/resort/bay-lake-tower/blt160-02-0816/,Bay Lake Tower,160,February,23200,145.0,8.7415,2060,Available,-10,13.264
2026-08-17,DVC Sales,1117,https://dvcsales.com/dvc-resale/bay-lake-tower/160-points/1117,Bay Lake Tower,160,,25600,160.0,,2060,Unverified,0,
2026-08-17,DVC Sales,1118,https://dvcsales.com/dvc-resale/bay-lake-tower/80-points/1118,Bay Lake Tower,80,,13600,170.0,,2060,Unverified,0,
2026-08-17,DVC Sales,1443,https://dvcsales.com/dvc-resale/bay-lake-tower/110-points/1443,Bay Lake Tower,110,,14630,133.0,,2060,Unverified,0,
2026-08-17,DVC Sales,1484,https://dvcsales.com/dvc-resale/bay-lake-tower/100-points/1484,Bay Lake Tower,100,,13200,132.0,,2060,Unverified,0,
2026-08-17,DVC Sales,1487,https://dvcsales.com/dvc-resale/bay-lake-tower/410-points/1487,Bay Lake Tower,410,,55350,135.0,,2060,Unverified,0,
2026-08-17,DVC Resale Market,BCA2541,https://www.dvcresalemarket.com/listings/beach-club/bca2541/,Beach Club Villas,160,March,22400,140.0,9.81,2042,Offer Accepted,-160,20.306
2026-08-17,DVC Resale Market,BCB2145,https://www.dvcresalemarket.com/listings/beach-club/bcb2145/,Beach Club Villas,200,February,26000,130.0,9.81,2042,Available,-200,19.588
2026-08-17,DVC Resale Market,BCA2540,https://www.dvcresalemarket.com/listings/beach-club/bca2540/,Beach Club Villas,200,March,27000,135.0,9.81,2042,Available,-200,19.907
2026-08-17,DVC Resale Market,BCA2553,https://www.dvcresalemarket.com/listings/beach-club/bca2553/,Beach Club Villas,170,February,25160,148.0,9.81,2042,Available,-114,20.396
2026-08-17,DVC Resale Market,BC22499,https://www.dvcresalemarket.com/listings/beach-club/bc22499/,Beach Club Villas,230,April,31050,135.0,9.81,2042,Sale Pending,-220,19.818
2026-08-17,DVC Resale Market,BCB2490,https://www.dvcresalemarket.com/listings/beach-club/bcb2490/,Beach Club Villas,200,March,25000,125.0,9.81,2042,Sale Pending,-399,20.451
2026-08-17,DVC Resale Market,BC32550,https://www.dvcresalemarket.com/listings/beach-club/bc32550/,Beach Club Villas,150,April,21750,145.0,9.81,2042,Available,-213,21.15
2026-08-17,DVC Resale Market,BC22518,https://www.dvcresalemarket.com/listings/beach-club/bc22518/,Beach Club Villas,220,March,26840,122.0,9.81,2042,Sale Pending,-405,20.044
2026-08-17,DVC Resale Market,BC32549,https://www.dvcresalemarket.com/listings/beach-club/bc32549/,Beach Club Villas,100,December,17000,170.0,9.81,2042,Sale Pending,100,20.109
2026-08-17,DVC Resale Market,BCB2509,https://www.dvcresalemarket.com/listings/beach-club/bcb2509/,Beach Club Villas,175,February,25025,143.0,9.81,2042,Available,-165,20.392
2026-08-17,DVC Resale Market,BCB2539,https://www.dvcresalemarket.com/listings/beach-club/bcb2539/,Beach Club Villas,210,February,28770,137.0,9.81,2042,Sale Pending,0,18.828
2026-08-17,DVC Resale Market,BCE2483,https://www.dvcresalemarket.com/listings/beach-club/bce2483/,Beach Club Villas,160,March,22080,138.0,9.81,2042,Sale Pending,0,18.993
2026-08-17,DVC Resale Market,BC92548,https://www.dvcresalemarket.com/listings/beach-club/bc92548/,Beach Club Villas,150,February,23250,155.0,9.81,2042,Available,0,20.097
2026-08-17,DVC Resale Market,BC22516,https://www.dvcresalemarket.com/listings/beach-club/bc22516/,Beach Club Villas,200,December,27200,136.0,9.81,2042,Available,-200,19.969
2026-08-17,DVC Resale Market,BC22514,https://www.dvcresalemarket.com/listings/beach-club/bc22514/,Beach Club Villas,240,December,32400,135.0,9.81,2042,Available,-240,19.857
2026-08-17,DVC Resale Market,BCC2545,https://www.dvcresalemarket.com/listings/beach-club/bcc2545/,Beach Club Villas,150,February,20700,138.0,9.81,2042,Sale Pending,0,19.022
2026-08-17,DVC Resale Market,BC82543,https://www.dvcresalemarket.com/listings/beach-club/bc82543/,Beach Club Villas,250,February,33750,135.0,9.81,2042,Available,-500,21.032
2026-08-17,DVC Resale Market,BCA2547,https://www.dvcresalemarket.com/listings/beach-club/bca2547/,Beach Club Villas,220,March,31240,142.0,9.81,2042,Available,-283,20.667
2026-08-17,DVC Resale Market,BCE2542,https://www.dvcresalemarket.com/listings/beach-club/bce2542/,Beach Club Villas,130,March,21190,163.0,9.81,2042,Available,0,20.68
2026-08-17,DVC Resale Market,BCB2411,https://www.dvcresalemarket.com/listings/beach-club/bcb2411/,Beach Club Villas,250,March,34750,139.0,9.81,2042,Available,-223,19.971
2026-08-17,DVC Resale Market,BCE2536,https://www.dvcresalemarket.com/listings/beach-club/bce2536/,Beach Club Villas,100,February,15500,155.0,9.81,2042,Available,-92,21.433
2026-08-17,DVC Resale Market,BCC2339,https://www.dvcresalemarket.com/listings/beach-club/bcc2339/,Beach Club Villas,150,February,21600,144.0,9.81,2042,Available,-171,20.755
2026-08-17,The DVC Store,BC250-03-0429,https://www.dvcstore.com/resort/beach-club-villas/bc250-03-0429/,Beach Club Villas,250,March,33750,135.0,9.8113,2042,Sold,0,18.583
2026-08-17,The DVC Store,BC250-03-0403,https://www.dvcstore.com/resort/beach-club-villas/bc250-03-0403/,Beach Club Villas,250,March,34750,139.0,9.8113,2042,Available,54,18.579
2026-08-17,The DVC Store,BC270-02-0519,https://www.dvcstore.com/resort/beach-club-villas/bc270-02-0519/,Beach Club Villas,270,February,33750,125.0,9.8113,2042,Sold,-540,20.309
2026-08-17,The DVC Store,BC350-02-1021,https://www.dvcstore.com/resort/beach-club-villas/bc350-02-1021/,Beach Club Villas,350,February,43050,123.0,9.8113,2042,Sold,0,17.761
2026-08-17,The DVC Store,BC250-02-0519,https://www.dvcstore.com/resort/beach-club-villas/bc250-02-0519/,Beach Club Villas,250,February,30000,120.0,9.8113,2042,Sold,-364,19.365
2026-08-17,The DVC Store,BC100-09-0806,https://www.dvcstore.com/resort/beach-club-villas/bc100-09-0806/,Beach Club Villas,100,September,13800,138.0,9.8113,2042,Sold,-18,19.329
2026-08-17,The DVC Store,BC250-02-0731,https://www.dvcstore.com/resort/beach-club-villas/bc250-02-0731-2/,Beach Club Villas,250,February,32500,130.0,9.8113,2042,Sold,0,18.266
2026-08-17,The DVC Store,BC050-02-0731,https://www.dvcstore.com/resort/beach-club-villas/bc050-02-0731/,Beach Club Villas,50,February,7400,148.0,9.8113,2042,Sold,0,20.326
2026-08-17,The DVC Store,BC032-08-0815,https://www.dvcstore.com/resort/beach-club-villas/bc032-08-0815/,Beach Club Villas,32,August,4960,155.0,9.8113,2042,Sold,0,21.454
2026-08-17,DVC Sales,1324,https://dvcsales.com/dvc-resale/beach-club/160-points/1324,Beach Club Villas,160,,22400,140.0,,2042,Unverified,0,
2026-08-17,DVC Sales,1496,https://dvcsales.com/dvc-resale/beach-club/230-points/1496,Beach Club Villas,230,,32200,140.0,,2042,Unverified,0,
2026-08-17,DVC Resale Market,BWA3378,https://www.dvcresalemarket.com/listings/boardwalk/bwa3378/,BoardWalk Villas,200,March,25000,125.0,9.67,2042,Available,-197,19.111
2026-08-17,DVC Resale Market,BW73364,https://www.dvcresalemarket.com/listings/boardwalk/bw73364/,BoardWalk Villas,100,June,13200,132.0,9.67,2042,Offer Accepted,-100,19.938
2026-08-17,DVC Resale Market,BWE3399,https://www.dvcresalemarket.com/listings/boardwalk/bwe3399/,BoardWalk Villas,100,October,12400,124.0,9.67,2042,Sale Pending,-100,19.426
2026-08-17,DVC Resale Market,BW23018,https://www.dvcresalemarket.com/listings/boardwalk/bw23018/,BoardWalk Villas,270,June,34290,127.0,9.67,2042,Sale Pending,-270,19.179
2026-08-17,DVC Resale Market,BW73370,https://www.dvcresalemarket.com/listings/boardwalk/bw73370/,BoardWalk Villas,314,February,36424,116.0,9.67,2042,Sale Pending,-254,18.215
2026-08-17,DVC Resale Market,BWA3374,https://www.dvcresalemarket.com/listings/boardwalk/bwa3374/,BoardWalk Villas,250,February,32500,130.0,9.67,2042,Available,-250,19.387
2026-08-17,DVC Resale Market,BW23020,https://www.dvcresalemarket.com/listings/boardwalk/bw23020/,BoardWalk Villas,150,October,19500,130.0,9.67,2042,Available,-134,19.439
2026-08-17,DVC Resale Market,BWB3189,https://www.dvcresalemarket.com/listings/boardwalk/bwb3189/,BoardWalk Villas,250,August,34750,139.0,9.67,2042,Sale Pending,237,17.646
2026-08-17,DVC Resale Market,BWA3381,https://www.dvcresalemarket.com/listings/boardwalk/bwa3381/,BoardWalk Villas,210,September,27510,131.0,9.67,2042,Sale Pending,-156,19.189
2026-08-17,DVC Resale Market,BW63397,https://www.dvcresalemarket.com/listings/boardwalk/bw63397/,BoardWalk Villas,225,February,27675,123.0,9.67,2042,Sale Pending,-225,18.964
2026-08-17,DVC Resale Market,BWB3390,https://www.dvcresalemarket.com/listings/boardwalk/bwb3390/,BoardWalk Villas,100,December,13100,131.0,9.67,2042,Sale Pending,19,18.462
2026-08-17,DVC Resale Market,BWA3388,https://www.dvcresalemarket.com/listings/boardwalk/bwa3388/,BoardWalk Villas,50,February,8250,165.0,9.67,2042,Sale Pending,-34,22.314
2026-08-17,DVC Resale Market,BWA3387,https://www.dvcresalemarket.com/listings/boardwalk/bwa3387/,BoardWalk Villas,440,March,57200,130.0,9.67,2042,Available,0,18.07
2026-08-17,DVC Resale Market,BW23360,https://www.dvcresalemarket.com/listings/boardwalk/bw23360/,BoardWalk Villas,350,June,41650,119.0,9.67,2042,Sale Pending,0,17.416
2026-08-17,DVC Resale Market,BWB3350,https://www.dvcresalemarket.com/listings/boardwalk/bwb3350/,BoardWalk Villas,150,March,18000,120.0,9.67,2042,Available,-298,20.108
2026-08-17,DVC Resale Market,BW83332,https://www.dvcresalemarket.com/listings/boardwalk/bw83332/,BoardWalk Villas,120,March,14040,117.0,9.67,2042,Sale Pending,-238,20.035
2026-08-17,DVC Resale Market,BWB3376,https://www.dvcresalemarket.com/listings/boardwalk/bwb3376/,BoardWalk Villas,400,October,46800,117.0,9.67,2042,Available,-156,17.724
2026-08-17,The DVC Store,BW150-09-1213,https://www.dvcstore.com/resort/boardwalk-villas/bw150-09-1213/,BoardWalk Villas,150,September,17250,115.0,9.7617,2042,Sold,67,16.9
2026-08-17,The DVC Store,BW150-10-0423,https://www.dvcstore.com/resort/boardwalk-villas/bw150-10-0423/,BoardWalk Villas,150,October,17850,119.0,9.7617,2042,Sold,84,17.012
2026-08-17,The DVC Store,BW270-02-0225,https://www.dvcstore.com/resort/boardwalk-villas/bw270-02-0225/,BoardWalk Villas,270,February,30240,112.0,9.7617,2042,Sold,0,17.063
2026-08-17,The DVC Store,BW200-02-0428,https://www.dvcstore.com/resort/boardwalk-villas/bw200-02-0428/,BoardWalk Villas,200,February,25000,125.0,9.7617,2042,Sold,0,17.965
2026-08-17,The DVC Store,BW050-10-0602,https://www.dvcstore.com/resort/boardwalk-villas/bw050-10-0602/,BoardWalk Villas,50,October,6500,130.0,9.7617,2042,Sale Pending,12,18.867
2026-08-17,The DVC Store,BW220-12-0721,https://www.dvcstore.com/resort/boardwalk-villas/bw220-12-0721/,BoardWalk Villas,220,December,26400,120.0,9.7617,2042,Sold,212,16.471
2026-08-17,The DVC Store,BW200-02-0707,https://www.dvcstore.com/resort/boardwalk-villas/bw200-02-0707/,BoardWalk Villas,200,February,26000,130.0,9.7617,2042,Available,400,15.9
2026-08-17,The DVC Store,BW025-04-0805,https://www.dvcstore.com/resort/boardwalk-villas/bw025-04-0805/,BoardWalk Villas,25,April,3375,135.0,9.7617,2042,Sold,0,20.702
2026-08-17,The DVC Store,BW108-03-0413,https://www.dvcstore.com/resort/boardwalk-villas/bw108-03-0413/,BoardWalk Villas,108,March,13284,123.0,9.7617,2042,Sold,0,18.075
2026-08-17,The DVC Store,BW200-02-0722-1,https://www.dvcstore.com/resort/boardwalk-villas/bw200-02-0722-1/,BoardWalk Villas,200,February,23600,118.0,9.7617,2042,Sold,0,17.498
2026-08-17,The DVC Store,BW150-03-0413,https://www.dvcstore.com/resort/boardwalk-villas/bw150-03-0413/,BoardWalk Villas,150,March,18450,123.0,9.7617,2042,Sold,0,17.927
2026-08-17,The DVC Store,BW200-06-0602,https://www.dvcstore.com/resort/boardwalk-villas/bw200-06-0602/,BoardWalk Villas,200,June,24000,120.0,9.7617,2042,Sold,0,17.644
2026-08-17,DVC Sales,1275,https://dvcsales.com/dvc-resale/boardwalk/220-points/1275,BoardWalk Villas,220,,27500,125.0,,2042,Unverified,0,
2026-08-17,DVC Sales,1370,https://dvcsales.com/dvc-resale/boardwalk/150-points/1370,BoardWalk Villas,150,,17250,115.0,,2042,Unverified,0,
2026-08-17,DVC Sales,1526,https://dvcsales.com/dvc-resale/boardwalk/300-points/1526,BoardWalk Villas,300,,39600,132.0,,2042,Unverified,0,
2026-08-17,DVC Resale Market,BRB1915,https://www.dvcresalemarket.com/listings/wilderness-lodge/brb1915/,Boulder Ridge Villas,100,December,11400,114.0,9.77,2042,Available,-51,18.306
2026-08-17,DVC Resale Market,BR21918,https://www.dvcresalemarket.com/listings/wilderness-lodge/br21918/,Boulder Ridge Villas,30,September,3720,124.0,9.77,2042,Sale Pending,-26,20.88
2026-08-17,The DVC Store,WLB130-08-0728,https://www.dvcstore.com/resort/boulder-ridge/wlb130-08-0728/,Boulder Ridge Villas,130,August,14300,110.0,9.7672,2042,Sold,0,17.164
2026-08-17,The DVC Store,WLB170-06-0717,https://www.dvcstore.com/resort/boulder-ridge/wlb170-06-0717/,Boulder Ridge Villas,170,June,17680,104.0,9.7672,2042,Sold,0,16.689
2026-08-17,The DVC Store,WLB240-06-0617,https://www.dvcstore.com/resort/boulder-ridge/wlb240-06-0617/,Boulder Ridge Villas,240,June,23520,98.0,9.7672,2042,Sold,0,16.209
2026-08-17,The DVC Store,WLB210-09-0409,https://www.dvcstore.com/resort/boulder-ridge/wlb210-09-0409/,Boulder Ridge Villas,210,September,19950,95.0,9.7672,2042,Sold,-230,17.358
2026-08-17,The DVC Store,WLB170-02-0728,https://www.dvcstore.com/resort/boulder-ridge/wlb170-02-0728/,Boulder Ridge Villas,170,February,17000,100.0,9.7672,2042,Sold,0,16.436
2026-08-17,The DVC Store,WLB200-08-0702,https://www.dvcstore.com/resort/boulder-ridge/wlb200-08-0702/,Boulder Ridge Villas,200,August,20400,102.0,9.7672,2042,Sold,0,16.513
2026-08-17,DVC Sales,1363,https://dvcsales.com/dvc-resale/boulder-ridge/350-points/1363,Boulder Ridge Villas,350,,33250,95.0,,2042,Unverified,0,
2026-08-17,DVC Resale Market,CCE2979,https://www.dvcresalemarket.com/listings/copper-creek/cce2979/,Copper Creek Villas,50,February,8100,162.0,9.02,2068,Offer Accepted,-36,13.783
2026-08-17,DVC Resale Market,CC92988,https://www.dvcresalemarket.com/listings/copper-creek/cc92988/,Copper Creek Villas,55,February,8745,159.0,9.02,2068,Available,-40,13.662
2026-08-17,DVC Resale Market,CCA2982,https://www.dvcresalemarket.com/listings/copper-creek/cca2982/,Copper Creek Villas,185,December,29600,160.0,9.02,2068,Available,78,12.838
2026-08-17,DVC Resale Market,CC62983,https://www.dvcresalemarket.com/listings/copper-creek/cc62983/,Copper Creek Villas,100,March,14900,149.0,9.02,2068,Available,-31,13.027
2026-08-17,DVC Resale Market,CCB2977,https://www.dvcresalemarket.com/listings/copper-creek/ccb2977/,Copper Creek Villas,150,August,21600,144.0,9.02,2068,Offer Accepted,-205,13.292
2026-08-17,DVC Resale Market,CC32986,https://www.dvcresalemarket.com/listings/copper-creek/cc32986/,Copper Creek Villas,200,December,27400,137.0,9.02,2068,Available,0,12.462
2026-08-17,DVC Resale Market,CCE2984,https://www.dvcresalemarket.com/listings/copper-creek/cce2984/,Copper Creek Villas,150,December,20700,138.0,9.02,2068,Sale Pending,0,12.529
2026-08-17,DVC Resale Market,CCA2980,https://www.dvcresalemarket.com/listings/copper-creek/cca2980/,Copper Creek Villas,130,March,19370,149.0,9.02,2068,Sale Pending,-33,12.939
2026-08-17,DVC Resale Market,CC32978,https://www.dvcresalemarket.com/listings/copper-creek/cc32978/,Copper Creek Villas,100,December,14900,149.0,9.02,2068,Available,-100,13.339
2026-08-17,DVC Resale Market,CCB2954,https://www.dvcresalemarket.com/listings/copper-creek/ccb2954/,Copper Creek Villas,75,June,10275,137.0,9.02,2068,Sale Pending,-75,13.137
2026-08-17,DVC Resale Market,CCB2974,https://www.dvcresalemarket.com/listings/copper-creek/ccb2974/,Copper Creek Villas,100,December,14900,149.0,9.02,2068,Sale Pending,-4,12.905
2026-08-17,DVC Resale Market,CC62938,https://www.dvcresalemarket.com/listings/copper-creek/cc62938/,Copper Creek Villas,200,August,30000,150.0,9.02,2068,Sale Pending,0,12.779
2026-08-17,DVC Resale Market,CCE2958,https://www.dvcresalemarket.com/listings/copper-creek/cce2958/,Copper Creek Villas,50,February,7250,145.0,9.02,2068,Available,-90,13.858
2026-08-17,DVC Resale Market,CCC2964,https://www.dvcresalemarket.com/listings/copper-creek/ccc2964/,Copper Creek Villas,100,December,13900,139.0,9.02,2068,Sale Pending,-100,13.098
2026-08-17,DVC Resale Market,CCB2971,https://www.dvcresalemarket.com/listings/copper-creek/ccb2971/,Copper Creek Villas,150,December,22350,149.0,9.02,2068,Sale Pending,0,12.794
2026-08-17,DVC Resale Market,CCB2961,https://www.dvcresalemarket.com/listings/copper-creek/ccb2961/,Copper Creek Villas,75,August,11700,156.0,9.02,2068,Sale Pending,0,13.143
2026-08-17,DVC Resale Market,CCE2931,https://www.dvcresalemarket.com/listings/copper-creek/cce2931/,Copper Creek Villas,75,October,11175,149.0,9.02,2068,Available,-75,13.429
2026-08-17,DVC Resale Market,CCE2941,https://www.dvcresalemarket.com/listings/copper-creek/cce2941/,Copper Creek Villas,75,October,11175,149.0,9.02,2068,Available,-75,13.429
2026-08-17,The DVC Store,WLCC175-06-1212,https://www.dvcstore.com/resort/copper-creek/wlcc175-06-1212/,Copper Creek Villas,175,June,23625,135.0,9.0,2068,Sold,18,12.402
2026-08-17,The DVC Store,WLCC250-10-0527,https://www.dvcstore.com/resort/copper-creek/wlcc250-10-0527/,Copper Creek Villas,250,October,38750,155.0,9.0,2068,Available,-500,13.727
2026-08-17,The DVC Store,WLCC175-09-0802,https://www.dvcstore.com/resort/copper-creek/wlcc175-09-0802/,Copper Creek Villas,175,September,23625,135.0,9.0,2068,Sale Pending,0,12.381
2026-08-17,The DVC Store,WLCC175-03-0724,https://www.dvcstore.com/resort/copper-creek/wlcc175-03-0724/,Copper Creek Villas,175,March,23625,135.0,9.0,2068,Sold,0,12.381
2026-08-17,The DVC Store,WLCC100-04-0817,https://www.dvcstore.com/resort/copper-creek/wlcc100-04-0817/,Copper Creek Villas,100,April,14500,145.0,9.0,2068,Available,0,12.724
2026-08-17,The DVC Store,WLCC100-04-0817-1,https://www.dvcstore.com/resort/copper-creek/wlcc100-04-0817-1/,Copper Creek Villas,100,April,14200,142.0,9.0,2068,Available,-106,13.132
2026-08-17,DVC Resale Market,GCB1853,https://www.dvcresalemarket.com/listings/grand-californian/gcb1853/,Grand Californian Villas,200,August,50400,252.0,9.52,2060,Available,-175,17.601
2026-08-17,DVC Resale Market,GC21852,https://www.dvcresalemarket.com/listings/grand-californian/gc21852/,Grand Californian Villas,100,August,26000,260.0,9.52,2060,Offer Accepted,21,17.403
2026-08-17,DVC Resale Market,GC91849,https://www.dvcresalemarket.com/listings/grand-californian/gc91849/,Grand Californian Villas,75,February,21000,280.0,9.52,2060,Offer Accepted,-5,18.262
2026-08-17,DVC Resale Market,GCB1845,https://www.dvcresalemarket.com/listings/grand-californian/gcb1845/,Grand Californian Villas,200,June,51800,259.0,9.52,2060,Available,0,17.318
2026-08-17,DVC Resale Market,GCG1840,https://www.dvcresalemarket.com/listings/grand-californian/gcg1840/,Grand Californian Villas,160,December,42880,268.0,9.52,2060,Offer Accepted,160,17.067
2026-08-17,DVC Resale Market,GCE1850,https://www.dvcresalemarket.com/listings/grand-californian/gce1850/,Grand Californian Villas,250,June,64250,257.0,9.52,2060,Available,124,16.947
2026-08-17,DVC Resale Market,GCF1838,https://www.dvcresalemarket.com/listings/grand-californian/gcf1838/,Grand Californian Villas,160,August,42720,267.0,9.52,2060,Available,148,17.08
2026-08-17,DVC Resale Market,GCB1829,https://www.dvcresalemarket.com/listings/grand-californian/gcb1829/,Grand Californian Villas,160,August,39840,249.0,9.52,2060,Available,-155,17.608
2026-08-17,DVC Resale Market,GC61830,https://www.dvcresalemarket.com/listings/grand-californian/gc61830/,Grand Californian Villas,400,August,100000,250.0,9.52,2060,Available,176,16.721
2026-08-17,DVC Resale Market,GCF1753,https://www.dvcresalemarket.com/listings/grand-californian/gcf1753/,Grand Californian Villas,100,August,26500,265.0,9.52,2060,Available,0,17.667
2026-08-17,DVC Resale Market,GCB1828,https://www.dvcresalemarket.com/listings/grand-californian/gcb1828/,Grand Californian Villas,160,August,42080,263.0,9.52,2060,Available,96,17.144
2026-08-17,DVC Resale Market,GCE1846,https://www.dvcresalemarket.com/listings/grand-californian/gce1846/,Grand Californian Villas,200,June,49800,249.0,9.52,2060,Available,-262,17.756
2026-08-17,DVC Resale Market,GC21810,https://www.dvcresalemarket.com/listings/grand-californian/gc21810/,Grand Californian Villas,130,August,33020,254.0,9.52,2060,Available,-44,17.453
2026-08-17,DVC Resale Market,GC91848,https://www.dvcresalemarket.com/listings/grand-californian/gc91848/,Grand Californian Villas,160,June,40640,254.0,9.52,2060,Available,-160,17.773
2026-08-17,DVC Resale Market,GC21825,https://www.dvcresalemarket.com/listings/grand-californian/gc21825/,Grand Californian Villas,250,June,60750,243.0,9.52,2060,Available,-471,17.865
2026-08-17,DVC Resale Market,GC21768,https://www.dvcresalemarket.com/listings/grand-californian/gc21768/,Grand Californian Villas,210,October,52080,248.0,9.52,2060,Available,-210,17.545
2026-08-17,The DVC Store,GCAL200-06-1210,https://www.dvcstore.com/resort/grand-californian/gcal200-06-1210/,Grand Californian Villas,200,June,49000,245.0,9.5203,2060,Sold,0,16.904
2026-08-17,The DVC Store,GCAL060-06-0602,https://www.dvcstore.com/resort/grand-californian/gcal060-06-0602/,Grand Californian Villas,60,June,15120,252.0,9.5203,2060,Sale Pending,0,17.512
2026-08-17,The DVC Store,GCAL160-06-0602,https://www.dvcstore.com/resort/grand-californian/gcal160-06-0602/,Grand Californian Villas,160,June,38400,240.0,9.5203,2060,Sold,0,16.801
2026-08-17,DVC Sales,1549,https://dvcsales.com/dvc-resale/grand-californian/200-points/1549,Grand Californian Villas,200,,50400,252.0,,2060,Unverified,0,
2026-08-17,DVC Resale Market,GF03299,https://www.dvcresalemarket.com/listings/grand-floridian/gf03299/,Grand Floridian Villas,50,August,9000,180.0,8.31,2064,Available,-34,14.039
2026-08-17,DVC Resale Market,GF03304,https://www.dvcresalemarket.com/listings/grand-floridian/gf03304/,Grand Floridian Villas,50,August,9300,186.0,8.31,2064,Available,-44,14.297
2026-08-17,DVC Resale Market,GFF3313,https://www.dvcresalemarket.com/listings/grand-floridian/gff3313/,Grand Floridian Villas,85,August,15300,180.0,8.31,2064,Available,-85,13.964
2026-08-17,DVC Resale Market,GF03315,https://www.dvcresalemarket.com/listings/grand-floridian/gf03315/,Grand Floridian Villas,150,August,25800,172.0,8.31,2064,Available,-112,13.467
2026-08-17,DVC Resale Market,GF23278,https://www.dvcresalemarket.com/listings/grand-floridian/gf23278/,Grand Floridian Villas,58,December,10092,174.0,8.31,2064,Available,0,13.465
2026-08-17,DVC Resale Market,GF23311,https://www.dvcresalemarket.com/listings/grand-floridian/gf23311/,Grand Floridian Villas,90,April,14310,159.0,8.31,2064,Available,-269,14.38
2026-08-17,DVC Resale Market,GFA3306,https://www.dvcresalemarket.com/listings/grand-floridian/gfa3306/,Grand Floridian Villas,250,February,42500,170.0,8.31,2064,Sale Pending,-177,13.321
2026-08-17,DVC Resale Market,GF73283,https://www.dvcresalemarket.com/listings/grand-floridian/gf73283/,Grand Floridian Villas,100,April,18000,180.0,8.31,2064,Sale Pending,0,13.412
2026-08-17,DVC Resale Market,GF33305,https://www.dvcresalemarket.com/listings/grand-floridian/gf33305/,Grand Floridian Villas,250,February,39750,159.0,8.31,2064,Sale Pending,-491,13.656
2026-08-17,DVC Resale Market,GF63292,https://www.dvcresalemarket.com/listings/grand-floridian/gf63292/,Grand Floridian Villas,75,August,12525,167.0,8.31,2064,Sale Pending,13,13.077
2026-08-17,DVC Resale Market,GFE3293,https://www.dvcresalemarket.com/listings/grand-floridian/gfe3293/,Grand Floridian Villas,532,June,74480,140.0,8.31,2064,Sale Pending,-930,12.979
2026-08-17,DVC Resale Market,GF73298,https://www.dvcresalemarket.com/listings/grand-floridian/gf73298/,Grand Floridian Villas,100,April,18800,188.0,8.31,2064,Sale Pending,100,13.123
2026-08-17,DVC Resale Market,GFF3297,https://www.dvcresalemarket.com/listings/grand-floridian/gff3297/,Grand Floridian Villas,175,August,29400,168.0,8.31,2064,Sale Pending,-170,13.45
2026-08-17,DVC Resale Market,GF33301,https://www.dvcresalemarket.com/listings/grand-floridian/gf33301/,Grand Floridian Villas,100,October,18000,180.0,8.31,2064,Sale Pending,70,13.062
2026-08-17,DVC Resale Market,GF63277,https://www.dvcresalemarket.com/listings/grand-floridian/gf63277/,Grand Floridian Villas,100,March,16000,160.0,8.31,2064,Available,-200,13.881
2026-08-17,DVC Resale Market,GF23288,https://www.dvcresalemarket.com/listings/grand-floridian/gf23288/,Grand Floridian Villas,50,August,9300,186.0,8.31,2064,Available,0,13.857
2026-08-17,DVC Resale Market,GF63279,https://www.dvcresalemarket.com/listings/grand-floridian/gf63279/,Grand Floridian Villas,250,December,41500,166.0,8.31,2064,Sale Pending,10,12.84
2026-08-17,DVC Resale Market,GFF3285,https://www.dvcresalemarket.com/listings/grand-floridian/gff3285/,Grand Floridian Villas,200,October,31800,159.0,8.31,2064,Sale Pending,-394,13.69
2026-08-17,DVC Resale Market,GF83260,https://www.dvcresalemarket.com/listings/grand-floridian/gf83260/,Grand Floridian Villas,150,October,25500,170.0,8.31,2064,Sale Pending,-17,13.098
2026-08-17,DVC Resale Market,GFB3296,https://www.dvcresalemarket.com/listings/grand-floridian/gfb3296/,Grand Floridian Villas,100,December,17300,173.0,8.31,2064,Sale Pending,-100,13.726
2026-08-17,DVC Resale Market,GFB3284,https://www.dvcresalemarket.com/listings/grand-floridian/gfb3284/,Grand Floridian Villas,200,December,33000,165.0,8.31,2064,Sale Pending,-114,13.153
2026-08-17,The DVC Store,GF080-04-1012,https://www.dvcstore.com/resort/grand-floridian/gf080-04-1012/,Grand Floridian Villas,80,April,13200,165.0,8.3142,2064,Sold,0,13.012
2026-08-17,The DVC Store,GF276-08-0317,https://www.dvcstore.com/resort/grand-floridian/gf276-08-0317/,Grand Floridian Villas,276,August,41124,149.0,8.3142,2064,Sold,-552,13.373
2026-08-17,The DVC Store,GF100-04-0428,https://www.dvcstore.com/resort/grand-floridian/gf100-04-0428/,Grand Floridian Villas,100,April,15800,158.0,8.3142,2064,Sold,0,12.771
2026-08-17,The DVC Store,GF075-10-0602,https://www.dvcstore.com/resort/grand-floridian/gf075-10-0602/,Grand Floridian Villas,75,October,13350,178.0,8.3142,2064,Sale Pending,-10,13.444
2026-08-17,The DVC Store,GF050-08-0720,https://www.dvcstore.com/resort/grand-floridian/gf050-08-0720/,Grand Floridian Villas,50,August,9000,180.0,8.3142,2064,Sold,100,12.589
2026-08-17,The DVC Store,GF060-02-0730,https://www.dvcstore.com/resort/grand-floridian/gf060-02-0730/,Grand Floridian Villas,60,February,10020,167.0,8.3142,2064,Sold,0,13.178
2026-08-17,The DVC Store,GF100-04-0624,https://www.dvcstore.com/resort/grand-floridian/gf100-04-0624/,Grand Floridian Villas,100,April,15700,157.0,8.3142,2064,Sold,-200,13.744
2026-08-17,The DVC Store,GF025-12-0715,https://www.dvcstore.com/resort/grand-floridian/gf025-12-0715/,Grand Floridian Villas,25,December,4550,182.0,8.3142,2064,Available,-25,14.657
2026-08-17,DVC Sales,1359,https://dvcsales.com/dvc-resale/grand-floridian/100-points/1359,Grand Floridian Villas,100,,17800,178.0,,2064,Unverified,0,
2026-08-17,DVC Sales,1547,https://dvcsales.com/dvc-resale/grand-floridian/150-points/1547,Grand Floridian Villas,150,,24750,165.0,,2064,Unverified,0,
2026-08-17,DVC Resale Market,HH31777,https://www.dvcresalemarket.com/listings/hilton-head/hh31777/,Hilton Head Island,100,June,6900,69.0,12.86,2042,Sale Pending,0,17.933
2026-08-17,DVC Resale Market,HHF1791,https://www.dvcresalemarket.com/listings/hilton-head/hhf1791/,Hilton Head Island,25,June,2150,86.0,12.86,2042,Offer Accepted,0,21.27
2026-08-17,DVC Resale Market,HH61799,https://www.dvcresalemarket.com/listings/hilton-head/hh61799/,Hilton Head Island,275,April,20625,75.0,12.86,2042,Available,0,17.836
2026-08-17,DVC Resale Market,HH71786,https://www.dvcresalemarket.com/listings/hilton-head/hh71786/,Hilton Head Island,50,October,3500,70.0,12.86,2042,Sale Pending,-50,19.94
2026-08-17,DVC Resale Market,HH31772,https://www.dvcresalemarket.com/listings/hilton-head/hh31772/,Hilton Head Island,55,June,4125,75.0,12.86,2042,Sale Pending,0,18.927
2026-08-17,DVC Resale Market,HHB1798,https://www.dvcresalemarket.com/listings/hilton-head/hhb1798/,Hilton Head Island,200,August,15000,75.0,12.86,2042,Available,-172,18.96
2026-08-17,DVC Resale Market,HH61788,https://www.dvcresalemarket.com/listings/hilton-head/hh61788/,Hilton Head Island,300,October,21000,70.0,12.86,2042,Available,8,17.469
2026-08-17,DVC Resale Market,HHA1797,https://www.dvcresalemarket.com/listings/hilton-head/hha1797/,Hilton Head Island,165,October,11880,72.0,12.86,2042,Available,-82,18.418
2026-08-17,DVC Resale Market,HHF1781,https://www.dvcresalemarket.com/listings/hilton-head/hhf1781/,Hilton Head Island,75,December,5925,79.0,12.86,2042,Available,1,18.793
2026-08-17,The DVC Store,HH200-09-0918,https://www.dvcstore.com/resort/hilton-head/hh200-09-0918/,Hilton Head Island,200,September,10000,50.0,12.8621,2042,Sold,0,16.373
2026-08-17,The DVC Store,HH210-12-1113,https://www.dvcstore.com/resort/hilton-head/hh210-12-1113/,Hilton Head Island,210,December,12600,60.0,12.8621,2042,Sold,0,16.983
2026-08-17,The DVC Store,HH060-03-0518,https://www.dvcstore.com/resort/hilton-head/hh060-03-0518/,Hilton Head Island,60,March,4800,80.0,12.8621,2042,Sold,0,19.13
2026-08-17,The DVC Store,HH080-02-0707,https://www.dvcstore.com/resort/hilton-head/hh080-02-0707/,Hilton Head Island,80,February,7600,95.0,12.8621,2042,Sold,0,19.759
2026-08-17,DVC Resale Market,OK24978,https://www.dvcresalemarket.com/listings/old-key-west/ok24978/,Old Key West,220,December,20240,92.0,11.21,2042,Sale Pending,0,17.36
2026-08-17,DVC Resale Market,OK34989,https://www.dvcresalemarket.com/listings/old-key-west/ok34989/,Old Key West,150,September,15450,103.0,11.21,2042,Available,0,18.21
2026-08-17,DVC Resale Market,OKB4967,https://www.dvcresalemarket.com/listings/old-key-west/okb4967/,Old Key West,200,June,17400,87.0,11.21,2042,Offer Accepted,-167,18.07
2026-08-17,DVC Resale Market,OKE4964,https://www.dvcresalemarket.com/listings/old-key-west/oke4964/,Old Key West,350,September,30100,86.0,11.21,2042,Available,-1,16.87
2026-08-17,DVC Resale Market,OKB4979,https://www.dvcresalemarket.com/listings/old-key-west/okb4979/,Old Key West,230,December,24840,108.0,11.21,2057,Available,-228,15.505
2026-08-17,DVC Resale Market,OK94986,https://www.dvcresalemarket.com/listings/old-key-west/ok94986/,Old Key West,230,October,22540,98.0,11.21,2042,Available,-180,18.653
2026-08-17,DVC Resale Market,OKA4969,https://www.dvcresalemarket.com/listings/old-key-west/oka4969/,Old Key West,25,October,3250,130.0,11.21,2042,Sale Pending,-40,24.032
2026-08-17,DVC Resale Market,OK24971,https://www.dvcresalemarket.com/listings/old-key-west/ok24971/,Old Key West,30,October,3870,129.0,11.21,2042,Available,-29,22.752
2026-08-17,DVC Resale Market,OK74976,https://www.dvcresalemarket.com/listings/old-key-west/ok74976/,Old Key West,450,June,48150,107.0,11.21,2057,Available,450,14.178
2026-08-17,DVC Resale Market,OKC4985,https://www.dvcresalemarket.com/listings/old-key-west/okc4985/,Old Key West,270,June,25110,93.0,11.21,2042,Available,2,17.354
2026-08-17,DVC Resale Market,OK84981,https://www.dvcresalemarket.com/listings/old-key-west/ok84981/,Old Key West,230,August,22770,99.0,11.21,2042,Available,-142,18.519
2026-08-17,DVC Resale Market,OK94948,https://www.dvcresalemarket.com/listings/old-key-west/ok94948/,Old Key West,150,August,15600,104.0,11.21,2042,Available,0,18.272
2026-08-17,DVC Resale Market,OK64946,https://www.dvcresalemarket.com/listings/old-key-west/ok64946/,Old Key West,230,June,20700,90.0,11.21,2042,Sale Pending,0,17.218
2026-08-17,DVC Resale Market,OK84972,https://www.dvcresalemarket.com/listings/old-key-west/ok84972/,Old Key West,50,March,6000,120.0,11.21,2042,Sale Pending,0,20.184
2026-08-17,DVC Resale Market,OK74965,https://www.dvcresalemarket.com/listings/old-key-west/ok74965/,Old Key West,164,March,14268,87.0,11.21,2042,Sale Pending,-164,18.345
2026-08-17,DVC Resale Market,OKB4932,https://www.dvcresalemarket.com/listings/old-key-west/okb4932/,Old Key West,264,March,23232,88.0,11.21,2042,Sale Pending,-170,17.815
2026-08-17,DVC Resale Market,OKE4957,https://www.dvcresalemarket.com/listings/old-key-west/oke4957/,Old Key West,350,February,33950,97.0,11.21,2057,Sale Pending,-692,15.702
2026-08-17,DVC Resale Market,OK74966,https://www.dvcresalemarket.com/listings/old-key-west/ok74966/,Old Key West,36,March,4392,122.0,11.21,2042,Available,0,20.812
2026-08-17,DVC Resale Market,OK24974,https://www.dvcresalemarket.com/listings/old-key-west/ok24974/,Old Key West,50,October,6100,122.0,11.21,2042,Available,-34,21.116
2026-08-17,DVC Resale Market,OK34968,https://www.dvcresalemarket.com/listings/old-key-west/ok34968/,Old Key West,160,October,17120,107.0,11.21,2057,Sale Pending,36,14.802
2026-08-17,DVC Resale Market,OK74961,https://www.dvcresalemarket.com/listings/old-key-west/ok74961/,Old Key West,210,August,19740,94.0,11.21,2042,Available,0,17.501
2026-08-17,DVC Resale Market,OKA2366,https://www.dvcresalemarket.com/listings/old-key-west/oka2366/,Old Key West,150,June,15000,100.0,11.21,2042,Available,-95,18.774
2026-08-17,DVC Resale Market,OK24952,https://www.dvcresalemarket.com/listings/old-key-west/ok24952/,Old Key West,50,March,5500,110.0,11.21,2042,Sale Pending,-48,20.674
2026-08-17,DVC Resale Market,OK94949,https://www.dvcresalemarket.com/listings/old-key-west/ok94949/,Old Key West,270,June,28350,105.0,11.21,2057,Available,-540,16.006
2026-08-17,The DVC Store,OKW100-02-0123,https://www.dvcstore.com/resort/old-key-west/okw100-02-0123/,Old Key West,100,February,8600,86.0,11.2054,2042,Sold,0,17.219
2026-08-17,The DVC Store,OKW150-06-1208,https://www.dvcstore.com/resort/old-key-west/okw150-06-1208/,Old Key West,150,June,12300,82.0,11.2054,2042,Sold,-14,16.889
2026-08-17,The DVC Store,OKW210-04-1110,https://www.dvcstore.com/resort/old-key-west/okw210-04-1110/,Old Key West,210,April,17640,84.0,11.2054,2042,Sold,420,14.422
2026-08-17,The DVC Store,OKW230-04-1124,https://www.dvcstore.com/resort/old-key-west/okw230-04-1124/,Old Key West,230,April,16790,73.0,11.2054,2042,Sold,44,15.85
2026-08-17,The DVC Store,OKW270-12-1118-1,https://www.dvcstore.com/resort/old-key-west/okw270-12-1118-1/,Old Key West,270,December,20250,75.0,11.2054,2042,Sale Pending,139,15.556
2026-08-17,The DVC Store,OKW269-09-0107,https://www.dvcstore.com/resort/old-key-west/okw269-09-0107/,Old Key West,269,September,20175,75.0,11.2054,2042,Sold,10,16.124
2026-08-17,The DVC Store,OKW150-02-0409,https://www.dvcstore.com/resort/old-key-west/okw150-02-0409/,Old Key West,150,February,12300,82.0,11.2054,2042,Sold,0,16.778
2026-08-17,The DVC Store,OKW270-10-0416,https://www.dvcstore.com/resort/old-key-west/okw270-10-0416/,Old Key West,270,October,20250,75.0,11.2054,2042,Sold,-380,17.839
2026-08-17,The DVC Store,OKW150-02-0317,https://www.dvcstore.com/resort/old-key-west/okw150-02-0317/,Old Key West,150,February,12600,84.0,11.2054,2042,Sold,0,16.664
2026-08-17,The DVC Store,OKW050-08-0624,https://www.dvcstore.com/resort/old-key-west/okw050-08-0624/,Old Key West,50,August,4500,90.0,11.2054,2042,Sold,-76,19.887
2026-08-17,The DVC Store,OKW300-12-0518,https://www.dvcstore.com/resort/old-key-west/okw300-12-0518/,Old Key West,300,December,20700,69.0,11.2054,2042,Available,-600,18.142
2026-08-17,The DVC Store,OKW100-02-0722,https://www.dvcstore.com/resort/old-key-west/okw100-02-0722/,Old Key West,100,February,9000,90.0,11.2054,2042,Available,10,17.35
2026-08-17,The DVC Store,OKW104-08-0621,https://www.dvcstore.com/resort/old-key-west/okw104-08-0621/,Old Key West,104,August,9360,90.0,11.2054,2042,Available,0,17.445
2026-08-17,The DVC Store,OKW230-06-0520,https://www.dvcstore.com/resort/old-key-west/okw230-06-0520/,Old Key West,230,June,15870,69.0,11.2054,2042,Available,-230,17.014
2026-08-17,The DVC Store,OKW046-02-0514,https://www.dvcstore.com/resort/old-key-west/okw046-02-0514/,Old Key West,46,February,4370,95.0,11.2054,2042,Available,-88,20.775
2026-08-17,The DVC Store,OKW050-02-0805,https://www.dvcstore.com/resort/old-key-west/okw050-02-0805/,Old Key West,50,February,4750,95.0,11.2054,2042,Available,-69,20.033
2026-08-17,The DVC Store,OKW220-08-0512,https://www.dvcstore.com/resort/old-key-west/okw220-08-0512/,Old Key West,220,August,15180,69.0,11.2054,2042,Sold,-440,18.214
2026-08-17,The DVC Store,OKW190-06-0805,https://www.dvcstore.com/resort/old-key-west/okw190-06-0805/,Old Key West,190,June,16720,88.0,11.2054,2042,Available,0,17.078
2026-08-17,The DVC Store,OKW320-12-0728,https://www.dvcstore.com/resort/old-key-west/okw320-12-0728/,Old Key West,320,December,28800,90.0,11.2054,2042,Available,96,16.722
2026-08-17,The DVC Store,OKW220-12-0814,https://www.dvcstore.com/resort/old-key-west/okw220-12-0814/,Old Key West,220,December,18700,85.0,11.2054,2042,Available,0,16.846
2026-08-17,DVC Sales,1247,https://dvcsales.com/dvc-resale/old-key-west/50-points/1247,Old Key West,50,,5250,105.0,,2042,Unverified,0,
2026-08-17,DVC Sales,1257,https://dvcsales.com/dvc-resale/old-key-west/210-points/1257,Old Key West,210,,17010,81.0,,2042,Unverified,0,
2026-08-17,DVC Sales,1317,https://dvcsales.com/dvc-resale/old-key-west/230-points/1317,Old Key West,230,,18630,81.0,,2042,Unverified,0,
2026-08-17,DVC Sales,1433,https://dvcsales.com/dvc-resale/old-key-west/400-points/1433,Old Key West,400,,30000,75.0,,2042,Unverified,0,
2026-08-17,The DVC Store,OKW2057230-04-1209,https://www.dvcstore.com/resort/old-key-west-2057/okw2057230-04-1209/,Old Key West (2057),230,April,20470,89.0,11.2054,2057,Sold,-230,14.855
2026-08-17,The DVC Store,OKW2057050-10-0621,https://www.dvcstore.com/resort/old-key-west-2057/okw2057050-10-0621/,Old Key West (2057),50,October,5650,113.0,11.2054,2057,Sold,-84,16.529
2026-08-17,The DVC Store,OKW2057125-02-0727,https://www.dvcstore.com/resort/old-key-west-2057/okw2057125-02-0727/,Old Key West (2057),125,February,14375,115.0,11.2054,2057,Available,0,15.195
2026-08-17,The DVC Store,OKW2057025-04-0731,https://www.dvcstore.com/resort/old-key-west-2057/okw2057025-04-0731/,Old Key West (2057),25,April,3000,120.0,11.2054,2057,Available,-50,17.594
2026-08-17,The DVC Store,OKW2057100-04-0731,https://www.dvcstore.com/resort/old-key-west-2057/okw2057100-04-0731/,Old Key West (2057),100,April,9800,98.0,11.2054,2057,Available,-200,15.936
2026-08-17,The DVC Store,OKW2057100-06-0731,https://www.dvcstore.com/resort/old-key-west-2057/okw2057100-06-0731/,Old Key West (2057),100,June,10300,103.0,11.2054,2057,Sold,0,14.872
2026-08-17,The DVC Store,OKW2057110-06-0811,https://www.dvcstore.com/resort/old-key-west-2057/okw2057110-06-0811/,Old Key West (2057),110,June,11770,107.0,11.2054,2057,Available,0,14.972
2026-08-17,The DVC Store,OKW2057025-08-0816,https://www.dvcstore.com/resort/old-key-west-2057/okw2057025-08-0816/,Old Key West (2057),25,August,2875,115.0,11.2054,2057,Sale Pending,0,16.207
2026-08-17,DVC Sales,981,https://dvcsales.com/dvc-resale/old-key-west57/230-points/981,Old Key West (2057),230,,27140,118.0,,2057,Unverified,0,
2026-08-17,DVC Sales,1232,https://dvcsales.com/dvc-resale/old-key-west57/230-points/1232,Old Key West (2057),230,,25300,110.0,,2057,Unverified,0,
2026-08-17,DVC Sales,1233,https://dvcsales.com/dvc-resale/old-key-west57/80-points/1233,Old Key West (2057),80,,10400,130.0,,2057,Unverified,0,
2026-08-17,DVC Sales,1374,https://dvcsales.com/dvc-resale/old-key-west57/150-points/1374,Old Key West (2057),150,,16800,112.0,,2057,Unverified,0,
2026-08-17,DVC Sales,1545,https://dvcsales.com/dvc-resale/old-key-west57/300-points/1545,Old Key West (2057),300,,34500,115.0,,2057,Unverified,0,
2026-08-17,DVC Sales,1546,https://dvcsales.com/dvc-resale/old-key-west57/160-points/1546,Old Key West (2057),160,,16160,101.0,,2057,Unverified,0,
2026-08-17,DVC Resale Market,PLB4503,https://www.dvcresalemarket.com/listings/polynesian/plb4503/,Polynesian Villas,50,December,8700,174.0,8.33,2066,Sale Pending,0,13.29
2026-08-17,DVC Resale Market,PL84597,https://www.dvcresalemarket.com/listings/polynesian/pl84597/,Polynesian Villas,100,December,16700,167.0,8.33,2066,Available,-32,12.999
2026-08-17,DVC Resale Market,PL34591,https://www.dvcresalemarket.com/listings/polynesian/pl34591/,Polynesian Villas,200,December,34000,170.0,8.33,2066,Available,-200,13.262
2026-08-17,DVC Resale Market,PL84595,https://www.dvcresalemarket.com/listings/polynesian/pl84595/,Polynesian Villas,110,December,18590,169.0,8.33,2066,Offer Accepted,2,12.862
2026-08-17,DVC Resale Market,PL94588,https://www.dvcresalemarket.com/listings/polynesian/pl94588/,Polynesian Villas,75,September,14625,195.0,8.33,2066,Offer Accepted,75,13.176
2026-08-17,DVC Resale Market,PLA4344,https://www.dvcresalemarket.com/listings/polynesian/pla4344/,Polynesian Villas,50,December,9000,180.0,8.33,2066,Sale Pending,0,13.45
2026-08-17,DVC Resale Market,PL34582,https://www.dvcresalemarket.com/listings/polynesian/pl34582/,Polynesian Villas,150,June,26250,175.0,8.33,2066,Sale Pending,-150,13.428
2026-08-17,DVC Resale Market,PLE4404,https://www.dvcresalemarket.com/listings/polynesian/ple4404/,Polynesian Villas,50,September,9000,180.0,8.33,2066,Sale Pending,-45,13.877
2026-08-17,DVC Resale Market,PL24596,https://www.dvcresalemarket.com/listings/polynesian/pl24596/,Polynesian Villas,125,August,21875,175.0,8.33,2066,Available,-132,13.49
2026-08-17,DVC Resale Market,PLF4558,https://www.dvcresalemarket.com/listings/polynesian/plf4558/,Polynesian Villas,150,October,27000,180.0,8.33,2066,Sale Pending,77,12.838
2026-08-17,DVC Resale Market,PL24571,https://www.dvcresalemarket.com/listings/polynesian/pl24571/,Polynesian Villas,220,June,35860,163.0,8.33,2066,Sale Pending,-440,13.545
2026-08-17,DVC Resale Market,PL24590,https://www.dvcresalemarket.com/listings/polynesian/pl24590/,Polynesian Villas,200,February,33800,169.0,8.33,2066,Sale Pending,-200,13.235
2026-08-17,DVC Resale Market,PL34573,https://www.dvcresalemarket.com/listings/polynesian/pl34573/,Polynesian Villas,150,October,26250,175.0,8.33,2066,Sale Pending,0,12.953
2026-08-17,DVC Resale Market,PLA4552,https://www.dvcresalemarket.com/listings/polynesian/pla4552/,Polynesian Villas,110,September,18700,170.0,8.33,2066,Sale Pending,-110,13.371
2026-08-17,DVC Resale Market,PL34507,https://www.dvcresalemarket.com/listings/polynesian/pl34507/,Polynesian Villas,100,September,17500,175.0,8.33,2066,Sale Pending,-73,13.397
2026-08-17,DVC Resale Market,PLF4581,https://www.dvcresalemarket.com/listings/polynesian/plf4581/,Polynesian Villas,200,June,34800,174.0,8.33,2066,Sale Pending,-91,13.103
2026-08-17,DVC Resale Market,PLB4517,https://www.dvcresalemarket.com/listings/polynesian/plb4517/,Polynesian Villas,200,March,34600,173.0,8.33,2066,Sale Pending,-187,13.307
2026-08-17,DVC Resale Market,PLE4579,https://www.dvcresalemarket.com/listings/polynesian/ple4579/,Polynesian Villas,100,April,17500,175.0,8.33,2066,Available,-106,13.553
2026-08-17,DVC Resale Market,PLA4506,https://www.dvcresalemarket.com/listings/polynesian/pla4506/,Polynesian Villas,75,December,13575,181.0,8.33,2066,Available,11,13.228
2026-08-17,The DVC Store,PV200-10-0408-1,https://www.dvcstore.com/resort/polynesian-villas-and-bungalows/pv200-10-0408-1/,Polynesian Villas,200,October,32000,160.0,8.3334,2066,Sold,-400,13.448
2026-08-17,The DVC Store,PV050-08-0724,https://www.dvcstore.com/resort/polynesian-villas-and-bungalows/pv050-08-0724/,Polynesian Villas,50,August,9000,180.0,8.3334,2066,Sold,-50,13.819
2026-08-17,The DVC Store,PV300-02-0722,https://www.dvcstore.com/resort/polynesian-villas-and-bungalows/pv300-02-0722/,Polynesian Villas,300,February,50400,168.0,8.3334,2066,Sale Pending,0,12.664
2026-08-17,The DVC Store,PV500-10-0528,https://www.dvcstore.com/resort/polynesian-villas-and-bungalows/pv500-10-0528/,Polynesian Villas,500,October,81500,163.0,8.3334,2066,Available,-838,13.306
2026-08-17,The DVC Store,PV150-09-0716,https://www.dvcstore.com/resort/polynesian-villas-and-bungalows/pv150-09-0716/,Polynesian Villas,150,September,24600,164.0,8.3334,2066,Sold,-174,13.19
2026-08-17,DVC Sales,1109,https://dvcsales.com/dvc-resale/polynesian/25-points/1109,Polynesian Villas,25,,4875,195.0,,2066,Unverified,0,
2026-08-17,DVC Sales,1314,https://dvcsales.com/dvc-resale/polynesian/150-points/1314,Polynesian Villas,150,,24900,166.0,,2066,Unverified,0,
2026-08-17,DVC Sales,1329,https://dvcsales.com/dvc-resale/polynesian/160-points/1329,Polynesian Villas,160,,27520,172.0,,2066,Unverified,0,
2026-08-17,DVC Sales,1409,https://dvcsales.com/dvc-resale/polynesian/100-points/1409,Polynesian Villas,100,,16500,165.0,,2066,Unverified,0,
2026-08-17,DVC Resale Market,RRA2319,https://www.dvcresalemarket.com/listings/rivieraresort/rra2319/,Riviera Resort,250,February,30500,122.0,9.46,2070,Available,-250,12.808
2026-08-17,DVC Resale Market,RR62320,https://www.dvcresalemarket.com/listings/rivieraresort/rr62320/,Riviera Resort,200,June,22600,113.0,9.46,2070,Available,-399,13.052
2026-08-17,DVC Resale Market,RR32301,https://www.dvcresalemarket.com/listings/rivieraresort/rr32301/,Riviera Resort,300,August,32400,108.0,9.46,2070,Sale Pending,-277,12.436
2026-08-17,DVC Resale Market,RR32304,https://www.dvcresalemarket.com/listings/rivieraresort/rr32304/,Riviera Resort,175,December,20650,118.0,9.46,2070,Available,-1,12.327
2026-08-17,DVC Resale Market,RRB2303,https://www.dvcresalemarket.com/listings/rivieraresort/rrb2303/,Riviera Resort,500,August,55500,111.0,9.46,2070,Sale Pending,0,12.069
2026-08-17,DVC Resale Market,RR32309,https://www.dvcresalemarket.com/listings/rivieraresort/rr32309/,Riviera Resort,50,March,7000,140.0,9.46,2070,Available,-100,14.05
2026-08-17,DVC Resale Market,RR92310,https://www.dvcresalemarket.com/listings/rivieraresort/rr92310/,Riviera Resort,150,December,20850,139.0,9.46,2070,Sale Pending,148,12.407
2026-08-17,DVC Resale Market,RRA1204,https://www.dvcresalemarket.com/listings/rivieraresort/rra1204/,Riviera Resort,150,December,19500,130.0,9.46,2070,Available,-145,13.044
2026-08-17,DVC Resale Market,RRC2306,https://www.dvcresalemarket.com/listings/rivieraresort/rrc2306/,Riviera Resort,100,December,13600,136.0,9.46,2070,Sale Pending,0,12.853
2026-08-17,DVC Resale Market,RRC2307,https://www.dvcresalemarket.com/listings/rivieraresort/rrc2307/,Riviera Resort,200,December,27200,136.0,9.46,2070,Sale Pending,0,12.722
2026-08-17,DVC Resale Market,RR82305,https://www.dvcresalemarket.com/listings/rivieraresort/rr82305/,Riviera Resort,405,June,47385,117.0,9.46,2070,Available,-810,13.083
2026-08-17,DVC Resale Market,RRB2302,https://www.dvcresalemarket.com/listings/rivieraresort/rrb2302/,Riviera Resort,500,August,52000,104.0,9.46,2070,Available,-448,12.295
2026-08-17,The DVC Store,RV300-08-0819,https://www.dvcstore.com/resort/riviera/rv300-08-0819/,Riviera Resort,300,August,33000,110.0,9.4553,2070,Sold,0,12.056
2026-08-17,The DVC Store,RV175-12-0617,https://www.dvcstore.com/resort/riviera/rv175-12-0617/,Riviera Resort,175,December,24500,140.0,9.4553,2070,Available,350,11.934
2026-08-17,The DVC Store,RV300-03-0603,https://www.dvcstore.com/resort/riviera/rv300-03-0603/,Riviera Resort,300,March,34500,115.0,9.4553,2070,Sold,-104,12.321
2026-08-17,The DVC Store,RV200-06-0324,https://www.dvcstore.com/resort/riviera/rv200-06-0324/,Riviera Resort,200,June,26000,130.0,9.4553,2070,Available,-400,13.415
2026-08-17,The DVC Store,RV500-02-0722,https://www.dvcstore.com/resort/riviera/rv500-02-0722/,Riviera Resort,500,February,59000,118.0,9.4553,2070,Sold,0,12.212
2026-08-17,The DVC Store,RV200-09-0708,https://www.dvcstore.com/resort/riviera/rv200-09-0708/,Riviera Resort,200,September,26000,130.0,9.4553,2070,Sold,-4,12.56
2026-08-17,The DVC Store,RV600-08-0417,https://www.dvcstore.com/resort/riviera/rv600-08-0417/,Riviera Resort,600,August,66000,110.0,9.4553,2070,Sale Pending,0,12.023
2026-08-17,DVC Sales,1239,https://dvcsales.com/dvc-resale/riviera/200-points/1239,Riviera Resort,200,,25000,125.0,,2070,Unverified,0,
2026-08-17,DVC Sales,1352,https://dvcsales.com/dvc-resale/riviera/100-points/1352,Riviera Resort,100,,17000,170.0,,2070,Unverified,0,
2026-08-17,DVC Sales,1426,https://dvcsales.com/dvc-resale/riviera/150-points/1426,Riviera Resort,150,,18450,123.0,,2070,Unverified,0,
2026-08-17,DVC Resale Market,SS88451,https://www.dvcresalemarket.com/listings/saratoga-springs/ss88451/,Saratoga Springs,215,August,22790,106.0,9.19,2054,Sale Pending,0,13.213
2026-08-17,DVC Resale Market,SSB8520,https://www.dvcresalemarket.com/listings/saratoga-springs/ssb8520/,Saratoga Springs,50,December,6150,123.0,9.19,2054,Available,0,14.425
2026-08-17,DVC Resale Market,SSB8519,https://www.dvcresalemarket.com/listings/saratoga-springs/ssb8519/,Saratoga Springs,50,December,6150,123.0,9.19,2054,Available,0,14.425
2026-08-17,DVC Resale Market,SS28466,https://www.dvcresalemarket.com/listings/saratoga-springs/ss28466/,Saratoga Springs,360,September,35640,99.0,9.19,2054,Offer Accepted,-354,13.559
2026-08-17,DVC Resale Market,SS38463,https://www.dvcresalemarket.com/listings/saratoga-springs/ss38463/,Saratoga Springs,160,December,19680,123.0,9.19,2054,Offer Accepted,160,13.217
2026-08-17,DVC Resale Market,SSE8517,https://www.dvcresalemarket.com/listings/saratoga-springs/sse8517/,Saratoga Springs,200,October,18600,93.0,9.19,2054,Offer Accepted,-400,14.117
2026-08-17,DVC Resale Market,SS98250,https://www.dvcresalemarket.com/listings/saratoga-springs/ss98250/,Saratoga Springs,225,April,23625,105.0,9.19,2054,Offer Accepted,-225,13.847
2026-08-17,DVC Resale Market,SSF8484,https://www.dvcresalemarket.com/listings/saratoga-springs/ssf8484/,Saratoga Springs,200,December,19000,95.0,9.19,2054,Offer Accepted,-200,13.511
2026-08-17,DVC Resale Market,SSE8515,https://www.dvcresalemarket.com/listings/saratoga-springs/sse8515/,Saratoga Springs,100,October,9900,99.0,9.19,2054,Offer Accepted,-200,14.525
2026-08-17,DVC Resale Market,SSF8457,https://www.dvcresalemarket.com/listings/saratoga-springs/ssf8457/,Saratoga Springs,180,February,18180,101.0,9.19,2054,Sale Pending,-138,13.593
2026-08-17,DVC Resale Market,SSE8328,https://www.dvcresalemarket.com/listings/saratoga-springs/sse8328/,Saratoga Springs,450,February,43200,96.0,9.19,2054,Sale Pending,-409,13.374
2026-08-17,DVC Resale Market,SS38502,https://www.dvcresalemarket.com/listings/saratoga-springs/ss38502/,Saratoga Springs,160,September,17440,109.0,9.19,2054,Available,-65,13.666
2026-08-17,DVC Resale Market,SS88417,https://www.dvcresalemarket.com/listings/saratoga-springs/ss88417/,Saratoga Springs,115,December,14260,124.0,9.19,2054,Sale Pending,46,13.763
2026-08-17,DVC Resale Market,SS88432,https://www.dvcresalemarket.com/listings/saratoga-springs/ss88432/,Saratoga Springs,150,March,15750,105.0,9.19,2054,Sale Pending,-292,14.582
2026-08-17,DVC Resale Market,SSE8516,https://www.dvcresalemarket.com/listings/saratoga-springs/sse8516/,Saratoga Springs,100,October,10200,102.0,9.19,2054,Available,-152,14.318
2026-08-17,DVC Resale Market,SS78472,https://www.dvcresalemarket.com/listings/saratoga-springs/ss78472/,Saratoga Springs,150,September,15300,102.0,9.19,2054,Available,-296,14.493
2026-08-17,DVC Resale Market,SSC8511,https://www.dvcresalemarket.com/listings/saratoga-springs/ssc8511/,Saratoga Springs,150,December,15150,101.0,9.19,2054,Available,-150,13.797
2026-08-17,DVC Resale Market,SSC8510,https://www.dvcresalemarket.com/listings/saratoga-springs/ssc8510/,Saratoga Springs,210,December,22260,106.0,9.19,2054,Available,-27,13.306
2026-08-17,DVC Resale Market,SSE8509,https://www.dvcresalemarket.com/listings/saratoga-springs/sse8509/,Saratoga Springs,160,December,18560,116.0,9.19,2054,Available,160,12.964
2026-08-17,DVC Resale Market,SSE8389,https://www.dvcresalemarket.com/listings/saratoga-springs/sse8389/,Saratoga Springs,160,December,18560,116.0,9.19,2054,Available,160,12.964
2026-08-17,DVC Resale Market,SS28514,https://www.dvcresalemarket.com/listings/saratoga-springs/ss28514/,Saratoga Springs,50,December,5950,119.0,9.19,2054,Available,-50,14.946
2026-08-17,DVC Resale Market,SS28512,https://www.dvcresalemarket.com/listings/saratoga-springs/ss28512/,Saratoga Springs,100,December,11400,114.0,9.19,2054,Available,-100,14.4
2026-08-17,DVC Resale Market,SS88455,https://www.dvcresalemarket.com/listings/saratoga-springs/ss88455/,Saratoga Springs,160,June,20160,126.0,9.19,2054,Sale Pending,160,13.326
2026-08-17,DVC Resale Market,SSA8507,https://www.dvcresalemarket.com/listings/saratoga-springs/ssa8507/,Saratoga Springs,60,September,7980,133.0,9.19,2054,Available,0,14.654
2026-08-17,DVC Resale Market,SS98508,https://www.dvcresalemarket.com/listings/saratoga-springs/ss98508/,Saratoga Springs,150,December,18000,120.0,9.19,2054,Available,0,13.806
2026-08-17,DVC Resale Market,SSA8497,https://www.dvcresalemarket.com/listings/saratoga-springs/ssa8497/,Saratoga Springs,160,September,18400,115.0,9.19,2054,Available,-67,13.891
2026-08-17,DVC Resale Market,SSC8493,https://www.dvcresalemarket.com/listings/saratoga-springs/ssc8493/,Saratoga Springs,220,August,21560,98.0,9.19,2054,Sale Pending,-268,13.747
2026-08-17,DVC Resale Market,SS28348,https://www.dvcresalemarket.com/listings/saratoga-springs/ss28348/,Saratoga Springs,160,December,16800,105.0,9.19,2054,Offer Accepted,-160,13.924
2026-08-17,DVC Resale Market,SSF8200,https://www.dvcresalemarket.com/listings/saratoga-springs/ssf8200/,Saratoga Springs,160,October,17600,110.0,9.19,2054,Available,-121,13.94
2026-08-17,DVC Resale Market,SS88501,https://www.dvcresalemarket.com/listings/saratoga-springs/ss88501/,Saratoga Springs,150,September,16200,108.0,9.19,2054,Available,0,13.373
2026-08-17,DVC Resale Market,SS88504,https://www.dvcresalemarket.com/listings/saratoga-springs/ss88504/,Saratoga Springs,130,September,14300,110.0,9.19,2054,Available,0,13.486
2026-08-17,DVC Resale Market,SS88458,https://www.dvcresalemarket.com/listings/saratoga-springs/ss88458/,Saratoga Springs,115,August,12535,109.0,9.19,2054,Sale Pending,0,13.489
2026-08-17,DVC Resale Market,SS88491,https://www.dvcresalemarket.com/listings/saratoga-springs/ss88491/,Saratoga Springs,160,February,18080,113.0,9.19,2054,Sale Pending,-91,13.922
2026-08-17,DVC Resale Market,SSE8205,https://www.dvcresalemarket.com/listings/saratoga-springs/sse8205/,Saratoga Springs,160,April,18080,113.0,9.19,2054,Available,0,13.536
2026-08-17,DVC Resale Market,SS98503,https://www.dvcresalemarket.com/listings/saratoga-springs/ss98503/,Saratoga Springs,200,December,23800,119.0,9.19,2054,Sale Pending,200,13.018
2026-08-17,DVC Resale Market,SS78468,https://www.dvcresalemarket.com/listings/saratoga-springs/ss78468/,Saratoga Springs,25,March,3250,130.0,9.19,2054,Sale Pending,0,15.431
2026-08-17,DVC Resale Market,SSG6351,https://www.dvcresalemarket.com/listings/saratoga-springs/ssg6351/,Saratoga Springs,100,December,11000,110.0,9.19,2054,Sale Pending,0,13.579
2026-08-17,DVC Resale Market,SSB8430,https://www.dvcresalemarket.com/listings/saratoga-springs/ssb8430/,Saratoga Springs,200,June,22000,110.0,9.19,2054,Sale Pending,0,13.374
2026-08-17,DVC Resale Market,SSE8479,https://www.dvcresalemarket.com/listings/saratoga-springs/sse8479/,Saratoga Springs,300,June,27000,90.0,9.19,2054,Sale Pending,-573,13.88
2026-08-17,DVC Resale Market,SS88488,https://www.dvcresalemarket.com/listings/saratoga-springs/ss88488/,Saratoga Springs,150,October,18000,120.0,9.19,2054,Sale Pending,0,13.806
2026-08-17,DVC Resale Market,SS98403,https://www.dvcresalemarket.com/listings/saratoga-springs/ss98403/,Saratoga Springs,200,April,21400,107.0,9.19,2054,Sale Pending,0,13.265
2026-08-17,DVC Resale Market,SSB8462,https://www.dvcresalemarket.com/listings/saratoga-springs/ssb8462/,Saratoga Springs,132,October,14256,108.0,9.19,2054,Available,17,13.322
2026-08-17,DVC Resale Market,SS78398,https://www.dvcresalemarket.com/listings/saratoga-springs/ss78398/,Saratoga Springs,50,December,6000,120.0,9.19,2054,Available,-50,14.996
2026-08-17,DVC Resale Market,SS88371,https://www.dvcresalemarket.com/listings/saratoga-springs/ss88371/,Saratoga Springs,200,March,21000,105.0,9.19,2054,Sale Pending,0,13.193
2026-08-17,DVC Resale Market,SSG8498,https://www.dvcresalemarket.com/listings/saratoga-springs/ssg8498/,Saratoga Springs,150,December,17250,115.0,9.19,2054,Available,-178,14.431
2026-08-17,DVC Resale Market,SSE8496,https://www.dvcresalemarket.com/listings/saratoga-springs/sse8496/,Saratoga Springs,225,December,25875,115.0,9.19,2054,Sale Pending,211,12.894
2026-08-17,DVC Resale Market,SS78317,https://www.dvcresalemarket.com/listings/saratoga-springs/ss78317/,Saratoga Springs,316,September,34444,109.0,9.19,2054,Available,-316,13.949
2026-08-17,DVC Resale Market,SSF8485,https://www.dvcresalemarket.com/listings/saratoga-springs/ssf8485/,Saratoga Springs,120,September,15360,128.0,9.19,2054,Sale Pending,104,13.575
2026-08-17,DVC Resale Market,SSC8489,https://www.dvcresalemarket.com/listings/saratoga-springs/ssc8489/,Saratoga Springs,50,October,6350,127.0,9.19,2054,Available,-49,15.233
2026-08-17,DVC Resale Market,SS88490,https://www.dvcresalemarket.com/listings/saratoga-springs/ss88490/,Saratoga Springs,75,March,9675,129.0,9.19,2054,Available,0,14.387
2026-08-17,DVC Resale Market,SSE8305,https://www.dvcresalemarket.com/listings/saratoga-springs/sse8305/,Saratoga Springs,125,December,14500,116.0,9.19,2054,Sale Pending,125,13.037
2026-08-17,DVC Resale Market,SSB8453,https://www.dvcresalemarket.com/listings/saratoga-springs/ssb8453/,Saratoga Springs,160,October,18400,115.0,9.19,2054,Sale Pending,29,13.484
2026-08-17,DVC Resale Market,SS28494,https://www.dvcresalemarket.com/listings/saratoga-springs/ss28494/,Saratoga Springs,25,August,3550,142.0,9.19,2054,Available,-25,16.539
2026-08-17,DVC Resale Market,SS88475,https://www.dvcresalemarket.com/listings/saratoga-springs/ss88475/,Saratoga Springs,100,June,11600,116.0,9.19,2054,Available,-93,14.424
2026-08-17,DVC Resale Market,SS28342,https://www.dvcresalemarket.com/listings/saratoga-springs/ss28342/,Saratoga Springs,225,February,21600,96.0,9.19,2054,Sale Pending,-225,13.522
2026-08-17,DVC Resale Market,SSE8476,https://www.dvcresalemarket.com/listings/saratoga-springs/sse8476/,Saratoga Springs,175,December,19950,114.0,9.19,2054,Available,175,12.868
2026-08-17,DVC Resale Market,SS98400,https://www.dvcresalemarket.com/listings/saratoga-springs/ss98400/,Saratoga Springs,200,September,21400,107.0,9.19,2054,Sale Pending,119,12.861
2026-08-17,DVC Resale Market,SSB7974,https://www.dvcresalemarket.com/listings/saratoga-springs/ssb7974/,Saratoga Springs,100,December,12600,126.0,9.19,2054,Sale Pending,92,13.533
2026-08-17,DVC Resale Market,SS98461,https://www.dvcresalemarket.com/listings/saratoga-springs/ss98461/,Saratoga Springs,200,December,22000,110.0,9.19,2054,Sale Pending,200,12.695
2026-08-17,DVC Resale Market,SS38477,https://www.dvcresalemarket.com/listings/saratoga-springs/ss38477/,Saratoga Springs,130,December,14300,110.0,9.19,2054,Sale Pending,-130,14.165
2026-08-17,DVC Resale Market,SSB8374,https://www.dvcresalemarket.com/listings/saratoga-springs/ssb8374/,Saratoga Springs,275,April,27500,100.0,9.19,2054,Available,-548,14.31
2026-08-17,DVC Resale Market,SS27980,https://www.dvcresalemarket.com/listings/saratoga-springs/ss27980/,Saratoga Springs,30,December,3660,122.0,9.19,2054,Sale Pending,-19,15.309
2026-08-17,DVC Resale Market,SSB8474,https://www.dvcresalemarket.com/listings/saratoga-springs/ssb8474/,Saratoga Springs,125,August,13500,108.0,9.19,2054,Sale Pending,-5,13.454
2026-08-17,DVC Resale Market,SSB7783,https://www.dvcresalemarket.com/listings/saratoga-springs/ssb7783/,Saratoga Springs,200,December,20800,104.0,9.19,2054,Available,-160,13.699
2026-08-17,DVC Resale Market,SSB8363,https://www.dvcresalemarket.com/listings/saratoga-springs/ssb8363/,Saratoga Springs,250,December,25750,103.0,9.19,2054,Available,-248,13.752
2026-08-17,DVC Resale Market,SSC8447,https://www.dvcresalemarket.com/listings/saratoga-springs/ssc8447/,Saratoga Springs,160,September,17600,110.0,9.19,2054,Available,-119,13.931
2026-08-17,DVC Resale Market,SSB8443,https://www.dvcresalemarket.com/listings/saratoga-springs/ssb8443/,Saratoga Springs,210,February,21000,100.0,9.19,2054,Available,-418,14.353
2026-08-17,DVC Resale Market,SS28339,https://www.dvcresalemarket.com/listings/saratoga-springs/ss28339/,Saratoga Springs,200,December,19200,96.0,9.19,2054,Available,-200,13.547
2026-08-17,DVC Resale Market,SS38409,https://www.dvcresalemarket.com/listings/saratoga-springs/ss38409/,Saratoga Springs,200,February,21000,105.0,9.19,2054,Available,-49,13.36
2026-08-17,The DVC Store,SS160-06-1215,https://www.dvcstore.com/resort/saratoga-springs/ss160-06-1215/,Saratoga Springs,160,June,15360,96.0,9.1877,2054,Sold,102,12.436
2026-08-17,The DVC Store,SS150-09-1126,https://www.dvcstore.com/resort/saratoga-springs/ss150-09-1126/,Saratoga Springs,150,September,15000,100.0,9.1877,2054,Sold,0,13.028
2026-08-17,The DVC Store,SS180-09-1013,https://www.dvcstore.com/resort/saratoga-springs/ss180-09-1013/,Saratoga Springs,180,September,17280,96.0,9.1877,2054,Sold,2,12.835
2026-08-17,The DVC Store,SS500-02-1021,https://www.dvcstore.com/resort/saratoga-springs/ss500-02-1021/,Saratoga Springs,500,February,44000,88.0,9.1877,2054,Sold,0,12.436
2026-08-17,The DVC Store,SS160-12-1028-1,https://www.dvcstore.com/resort/saratoga-springs/ss160-12-1028-1/,Saratoga Springs,160,December,15680,98.0,9.1877,2054,Sold,0,12.941
2026-08-17,The DVC Store,SS250-12-0127,https://www.dvcstore.com/resort/saratoga-springs/ss250-12-0127/,Saratoga Springs,250,December,24000,96.0,9.1877,2054,Sale Pending,0,12.791
2026-08-17,The DVC Store,SS160-09-0421,https://www.dvcstore.com/resort/saratoga-springs/ss160-09-0421/,Saratoga Springs,160,September,15520,97.0,9.1877,2054,Sold,6,12.879
2026-08-17,The DVC Store,SS160-12-0518,https://www.dvcstore.com/resort/saratoga-springs/ss160-12-0518-2/,Saratoga Springs,160,December,14400,90.0,9.1877,2054,Available,-160,13.323
2026-08-17,The DVC Store,SS200-12-0518,https://www.dvcstore.com/resort/saratoga-springs/ss200-12-0518/,Saratoga Springs,200,December,18200,91.0,9.1877,2054,Available,-200,13.321
2026-08-17,The DVC Store,SS150-02-0520,https://www.dvcstore.com/resort/saratoga-springs/ss150-02-0520/,Saratoga Springs,150,February,14400,96.0,9.1877,2054,Sold,0,12.885
2026-08-17,The DVC Store,SS075-06-0423,https://www.dvcstore.com/resort/saratoga-springs/ss075-06-0423/,Saratoga Springs,75,June,8025,107.0,9.1877,2054,Sale Pending,-75,14.172
2026-08-17,The DVC Store,SS160-12-0505,https://www.dvcstore.com/resort/saratoga-springs/ss160-12-0505/,Saratoga Springs,160,December,15200,95.0,9.1877,2054,Sale Pending,-306,14.13
2026-08-17,The DVC Store,SS075-06-0707,https://www.dvcstore.com/resort/saratoga-springs/ss075-06-0707/,Saratoga Springs,75,June,8025,107.0,9.1877,2054,Sold,0,13.493
2026-08-17,The DVC Store,SS200-12-0505,https://www.dvcstore.com/resort/saratoga-springs/ss200-12-0505-2/,Saratoga Springs,200,December,19000,95.0,9.1877,2054,Sale Pending,-400,14.144
2026-08-17,The DVC Store,SS150-12-0713,https://www.dvcstore.com/resort/saratoga-springs/ss150-12-0713/,Saratoga Springs,150,December,14400,96.0,9.1877,2054,Sold,0,12.875
2026-08-17,The DVC Store,SS200-12-0728,https://www.dvcstore.com/resort/saratoga-springs/ss200-12-0728/,Saratoga Springs,200,December,19400,97.0,9.1877,2054,Available,26,12.774
2026-08-17,The DVC Store,SS150-08-0624,https://www.dvcstore.com/resort/saratoga-springs/ss150-08-0624-2/,Saratoga Springs,150,August,14550,97.0,9.1877,2054,Available,0,12.921
2026-08-17,The DVC Store,SS150-12-0709,https://www.dvcstore.com/resort/saratoga-springs/ss150-12-0709-2/,Saratoga Springs,150,December,14850,99.0,9.1877,2054,Sold,-172,13.77
2026-08-17,The DVC Store,SS050-02-0723,https://www.dvcstore.com/resort/saratoga-springs/ss050-02-0723/,Saratoga Springs,50,February,5250,105.0,9.1877,2054,Sold,0,13.653
2026-08-17,The DVC Store,SS160-08-0327,https://www.dvcstore.com/resort/saratoga-springs/ss160-08-0327-2/,Saratoga Springs,160,August,15520,97.0,9.1877,2054,Available,0,12.905
2026-08-17,The DVC Store,SS225-02-0723,https://www.dvcstore.com/resort/saratoga-springs/ss225-02-0723/,Saratoga Springs,225,February,22500,100.0,9.1877,2054,Sold,0,12.952
2026-08-17,The DVC Store,SS150-09-0805,https://www.dvcstore.com/resort/saratoga-springs/ss150-09-0805-2/,Saratoga Springs,150,September,17250,115.0,9.1877,2054,Sale Pending,20,13.476
2026-08-17,The DVC Store,SS210-10-0808,https://www.dvcstore.com/resort/saratoga-springs/ss210-10-0808/,Saratoga Springs,210,October,21000,100.0,9.1877,2054,Available,80,12.704
2026-08-17,The DVC Store,SS050-02-0727,https://www.dvcstore.com/resort/saratoga-springs/ss050-02-0727/,Saratoga Springs,50,February,5950,119.0,9.1877,2054,Available,0,14.156
2026-08-17,The DVC Store,SS200-08-0810,https://www.dvcstore.com/resort/saratoga-springs/ss200-08-0810/,Saratoga Springs,200,August,19600,98.0,9.1877,2054,Available,-338,14.046
2026-08-17,The DVC Store,SS130-08-0617,https://www.dvcstore.com/resort/saratoga-springs/ss130-08-0617/,Saratoga Springs,130,August,13130,101.0,9.1877,2054,Sold,0,13.092
2026-08-17,The DVC Store,SS255-08-0728,https://www.dvcstore.com/resort/saratoga-springs/ss255-08-0728/,Saratoga Springs,255,August,26775,105.0,9.1877,2054,Sold,0,13.113
2026-08-17,The DVC Store,SS160-06-0620,https://www.dvcstore.com/resort/saratoga-springs/ss160-06-0620/,Saratoga Springs,160,June,14720,92.0,9.1877,2054,Sold,-314,14.057
2026-08-17,The DVC Store,SS120-02-0804,https://www.dvcstore.com/resort/saratoga-springs/ss120-02-0804/,Saratoga Springs,120,February,12000,100.0,9.1877,2054,Sold,0,13.079
2026-08-17,The DVC Store,SS250-12-0723,https://www.dvcstore.com/resort/saratoga-springs/ss250-12-0723/,Saratoga Springs,250,December,23500,94.0,9.1877,2054,Sold,0,12.72
2026-08-17,The DVC Store,SS110-10-0702,https://www.dvcstore.com/resort/saratoga-springs/ss110-10-0702/,Saratoga Springs,110,October,11000,100.0,9.1877,2054,Sold,-110,13.785
2026-08-17,The DVC Store,SS130-02-0728,https://www.dvcstore.com/resort/saratoga-springs/ss130-02-0728/,Saratoga Springs,130,February,13260,102.0,9.1877,2054,Sold,0,13.128
2026-08-17,The DVC Store,SS300-02-0728,https://www.dvcstore.com/resort/saratoga-springs/ss300-02-0728/,Saratoga Springs,300,February,29700,99.0,9.1877,2054,Sold,0,12.875
2026-08-17,The DVC Store,SS050-02-0723-1,https://www.dvcstore.com/resort/saratoga-springs/ss050-02-0723-1/,Saratoga Springs,50,February,5250,105.0,9.1877,2054,Sold,0,13.653
2026-08-17,The DVC Store,SS250-02-0811,https://www.dvcstore.com/resort/saratoga-springs/ss250-02-0811-2/,Saratoga Springs,250,February,24750,99.0,9.1877,2054,Available,-500,14.257
2026-08-17,The DVC Store,SS025-08-0815,https://www.dvcstore.com/resort/saratoga-springs/ss025-08-0815/,Saratoga Springs,25,August,3000,120.0,9.1877,2054,Sale Pending,0,14.903
2026-08-17,The DVC Store,SS200-04-0805,https://www.dvcstore.com/resort/saratoga-springs/ss200-04-0805/,Saratoga Springs,200,April,19200,96.0,9.1877,2054,Sold,56,12.633
2026-08-17,DVC Sales,496,https://dvcsales.com/dvc-resale/saratoga-springs/160-points/496,Saratoga Springs,160,,18880,118.0,,2054,Unverified,0,
2026-08-17,DVC Sales,1004,https://dvcsales.com/dvc-resale/saratoga-springs/110-points/1004,Saratoga Springs,110,,11440,104.0,,2054,Unverified,0,
2026-08-17,DVC Sales,1057,https://dvcsales.com/dvc-resale/saratoga-springs/130-points/1057,Saratoga Springs,130,,12350,95.0,,2054,Unverified,0,
2026-08-17,DVC Sales,1082,https://dvcsales.com/dvc-resale/saratoga-springs/170-points/1082,Saratoga Springs,170,,17340,102.0,,2054,Unverified,0,
2026-08-17,DVC Sales,1115,https://dvcsales.com/dvc-resale/saratoga-springs/250-points/1115,Saratoga Springs,250,,23000,92.0,,2054,Unverified,0,
2026-08-17,DVC Sales,1145,https://dvcsales.com/dvc-resale/saratoga-springs/200-points/1145,Saratoga Springs,200,,21600,108.0,,2054,Unverified,0,
2026-08-17,DVC Sales,1293,https://dvcsales.com/dvc-resale/saratoga-springs/150-points/1293,Saratoga Springs,150,,14550,97.0,,2054,Unverified,0,
2026-08-17,DVC Sales,1308,https://dvcsales.com/dvc-resale/saratoga-springs/100-points/1308,Saratoga Springs,100,,10100,101.0,,2054,Unverified,0,
2026-08-17,DVC Resale Market,VBB2605,https://www.dvcresalemarket.com/listings/vero-beach/vbb2605/,Vero Beach,210,March,9450,45.0,14.89,2042,Sale Pending,-420,20.446
2026-08-17,DVC Resale Market,VBG2606,https://www.dvcresalemarket.com/listings/vero-beach/vbg2606/,Vero Beach,25,October,1675,67.0,14.89,2042,Available,-25,23.062
2026-08-17,DVC Resale Market,VBC2583,https://www.dvcresalemarket.com/listings/vero-beach/vbc2583/,Vero Beach,200,December,10000,50.0,14.89,2042,Offer Accepted,-200,19.599
2026-08-17,DVC Resale Market,VBE2589,https://www.dvcresalemarket.com/listings/vero-beach/vbe2589/,Vero Beach,50,August,4350,87.0,14.89,2042,Sale Pending,11,21.49
2026-08-17,DVC Resale Market,VB82585,https://www.dvcresalemarket.com/listings/vero-beach/vb82585/,Vero Beach,150,June,8700,58.0,14.89,2042,Available,0,19.023
2026-08-17,DVC Resale Market,VBA2602,https://www.dvcresalemarket.com/listings/vero-beach/vba2602/,Vero Beach,150,March,9450,63.0,14.89,2042,Available,-21,19.51
2026-08-17,DVC Resale Market,VBE2601,https://www.dvcresalemarket.com/listings/vero-beach/vbe2601/,Vero Beach,500,October,26000,52.0,14.89,2042,Available,-464,19.428
2026-08-17,DVC Resale Market,VB92587,https://www.dvcresalemarket.com/listings/vero-beach/vb92587/,Vero Beach,220,February,12980,59.0,14.89,2042,Available,-81,19.387
2026-08-17,DVC Resale Market,VB62600,https://www.dvcresalemarket.com/listings/vero-beach/vb62600/,Vero Beach,225,June,14175,63.0,14.89,2042,Available,0,19.199
2026-08-17,DVC Resale Market,VBC2592,https://www.dvcresalemarket.com/listings/vero-beach/vbc2592/,Vero Beach,200,August,12000,60.0,14.89,2042,Available,-200,20.237
2026-08-17,DVC Resale Market,VBA2588,https://www.dvcresalemarket.com/listings/vero-beach/vba2588/,Vero Beach,135,October,8775,65.0,14.89,2042,Available,0,19.517
2026-08-17,DVC Resale Market,VB82581,https://www.dvcresalemarket.com/listings/vero-beach/vb82581/,Vero Beach,230,June,13800,60.0,14.89,2042,Available,-230,20.189
2026-08-17,DVC Resale Market,VBA2586,https://www.dvcresalemarket.com/listings/vero-beach/vba2586/,Vero Beach,250,March,15500,62.0,14.89,2042,Available,0,19.102
2026-08-17,DVC Resale Market,VB92584,https://www.dvcresalemarket.com/listings/vero-beach/vb92584/,Vero Beach,80,June,4960,62.0,14.89,2042,Available,-70,20.694
2026-08-17,The DVC Store,VB150-02-1031,https://www.dvcstore.com/resort/vero-beach/vb150-02-1031/,Vero Beach,150,February,6900,46.0,14.8939,2042,Sold,30,17.953
2026-08-17,The DVC Store,VB150-02-1209,https://www.dvcstore.com/resort/vero-beach/vb150-02-1209/,Vero Beach,150,February,6450,43.0,14.8939,2042,Sold,16,17.874
2026-08-17,The DVC Store,VB210-03-0708-1,https://www.dvcstore.com/resort/vero-beach/vb210-03-0708-1/,Vero Beach,210,March,9450,45.0,14.8939,2042,Sold,0,18.011
2026-08-17,The DVC Store,VB210-12-1216,https://www.dvcstore.com/resort/vero-beach/vb210-12-1216/,Vero Beach,210,December,7980,38.0,14.8939,2042,Sold,0,17.572
2026-08-17,The DVC Store,VB225-08-1112-1,https://www.dvcstore.com/resort/vero-beach/vb225-08-1112-1/,Vero Beach,225,August,9000,40.0,14.8939,2042,Sold,0,17.678
2026-08-17,The DVC Store,VB250-12-0511,https://www.dvcstore.com/resort/vero-beach/vb250-12-0511/,Vero Beach,250,December,11250,45.0,14.8939,2042,Sold,0,17.974
2026-08-17,The DVC Store,VB100-09-0127,https://www.dvcstore.com/resort/vero-beach/vb100-09-0127/,Vero Beach,100,September,4500,45.0,14.8939,2042,Sale Pending,0,18.332
2026-08-17,The DVC Store,VB100-03-0707,https://www.dvcstore.com/resort/vero-beach/vb100-03-0707/,Vero Beach,100,March,7400,74.0,14.8939,2042,Available,0,20.155
2026-08-17,The DVC Store,VB400-12-0702,https://www.dvcstore.com/resort/vero-beach/vb400-12-0702/,Vero Beach,400,December,16000,40.0,14.8939,2042,Available,0,17.571
2026-08-17,The DVC Store,VB150-12-0811,https://www.dvcstore.com/resort/vero-beach/vb150-12-0811/,Vero Beach,150,December,9000,60.0,14.8939,2042,Available,0,19.07
2026-08-17,DVC Sales,710,https://dvcsales.com/dvc-resale/vero-beach/430-points/710,Vero Beach,430,,18920,44.0,,2042,Unverified,0,
2026-08-17,DVC Sales,1035,https://dvcsales.com/dvc-resale/vero-beach/80-points/1035,Vero Beach,80,,4160,52.0,,2042,Unverified,0,
2026-08-17,DVC Sales,1364,https://dvcsales.com/dvc-resale/vero-beach/75-points/1364,Vero Beach,75,,4125,55.0,,2042,Unverified,0,
2026-08-17,DVC Sales,1510,https://dvcsales.com/dvc-resale/vero-beach/50-points/1510,Vero Beach,50,,3000,60.0,,2042,Unverified,0,
2026-08-17,DVC Resale Market,DH31117,https://www.dvcresalemarket.com/listings/disneyland-hotel/dh31117/,Villas at Disneyland Hotel,150,August,23850,159.0,10.54,2073,Offer Accepted,35,13.999
2026-08-17,DVC Resale Market,DHB1121,https://www.dvcresalemarket.com/listings/disneyland-hotel/dhb1121/,Villas at Disneyland Hotel,150,August,23250,155.0,10.54,2073,Available,-18,14.056
2026-08-17,DVC Resale Market,DHB1101,https://www.dvcresalemarket.com/listings/disneyland-hotel/dhb1101/,Villas at Disneyland Hotel,150,September,23100,154.0,10.54,2073,Available,-150,14.391
2026-08-17,The DVC Store,VDH150-02-0418,https://www.dvcstore.com/resort/disneyland-hotel/vdh150-02-0418/,Villas at Disneyland Hotel,150,February,22500,150.0,10.5354,2074,Available,-286,14.588
2026-08-17,The DVC Store,VDH300-06-0727,https://www.dvcstore.com/resort/disneyland-hotel/vdh300-06-0727/,Villas at Disneyland Hotel,300,June,49500,165.0,10.5354,2074,Available,0,14.058
2026-08-17,The DVC Store,DLH250-08-0627,https://www.dvcstore.com/resort/disneyland-hotel/dlh250-08-0627/,Villas at Disneyland Hotel,250,August,36750,147.0,10.5354,2074,Available,0,13.699
2026-08-17,The DVC Store,VDL070-02-0702,https://www.dvcstore.com/resort/disneyland-hotel/vdl070-02-0702/,Villas at Disneyland Hotel,70,February,12950,185.0,10.5354,2074,Available,-62,15.062
2026-08-17,DVC Sales,854,https://dvcsales.com/dvc-resale/disneyland-hotel/150-points/854,Villas at Disneyland Hotel,150,,23850,159.0,,2074,Unverified,0,
2026-08-17,DVC Sales,948,https://dvcsales.com/dvc-resale/disneyland-hotel/250-points/948,Villas at Disneyland Hotel,250,,42500,170.0,,2074,Unverified,0,
2026-08-17,DVC Sales,949,https://dvcsales.com/dvc-resale/disneyland-hotel/150-points/949,Villas at Disneyland Hotel,150,,25500,170.0,,2074,Unverified,0,
2026-08-17,DVC Sales,999,https://dvcsales.com/dvc-resale/disneyland-hotel/65-points/999,Villas at Disneyland Hotel,65,,10075,155.0,,2074,Unverified,0,
2026-08-17,DVC Sales,1193,https://dvcsales.com/dvc-resale/disneyland-hotel/75-points/1193,Villas at Disneyland Hotel,75,,11625,155.0,,2074,Unverified,0,
2026-08-17,DVC Sales,1539,https://dvcsales.com/dvc-resale/disneyland-hotel/150-points/1539,Villas at Disneyland Hotel,150,,24750,165.0,,2074,Unverified,0,
2026-08-18,DVC Resale Market,OK24991,https://www.dvcresalemarket.com/listings/old-key-west/ok24991/,Old Key West,230,September,20470,89.0,11.21,2042,Available,-209,18.234
2026-08-18,DVC Resale Market,BR21920,https://www.dvcresalemarket.com/listings/wilderness-lodge/br21920/,Boulder Ridge Villas,50,September,5900,118.0,9.77,2042,Available,-50,19.781
2026-08-18,DVC Resale Market,SS28529,https://www.dvcresalemarket.com/listings/saratoga-springs/ss28529/,Saratoga Springs,200,October,21400,107.0,9.19,2054,Available,0,13.265
2026-08-18,DVC Resale Market,BL23737,https://www.dvcresalemarket.com/listings/bay-lake-tower/bl23737/,Bay Lake Tower,200,February,29400,147.0,8.74,2060,Available,0,13.291
2026-08-18,DVC Resale Market,BL23736,https://www.dvcresalemarket.com/listings/bay-lake-tower/bl23736/,Bay Lake Tower,250,February,36500,146.0,8.74,2060,Available,0,13.232
2026-08-18,DVC Resale Market,SS88521,https://www.dvcresalemarket.com/listings/saratoga-springs/ss88521/,Saratoga Springs,50,September,6400,128.0,9.19,2054,Available,-50,15.282
2026-08-18,DVC Resale Market,CCB2977,https://www.dvcresalemarket.com/listings/copper-creek/ccb2977/,Copper Creek Villas,150,August,21600,144.0,9.02,2068,Sale Pending,-205,13.292
2026-08-18,DVC Resale Market,HHB1802,https://www.dvcresalemarket.com/listings/hilton-head/hhb1802/,Hilton Head Island,50,April,3500,70.0,12.86,2042,Available,-76,20.558
2026-08-18,DVC Resale Market,HHB1801,https://www.dvcresalemarket.com/listings/hilton-head/hhb1801/,Hilton Head Island,225,April,14625,65.0,12.86,2042,Available,-450,19.644
2026-08-18,DVC Resale Market,CC32986,https://www.dvcresalemarket.com/listings/copper-creek/cc32986/,Copper Creek Villas,200,December,27400,137.0,9.02,2068,Offer Accepted,0,12.462
2026-08-18,DVC Resale Market,AU83417,https://www.dvcresalemarket.com/listings/aulani/au83417/,Aulani,170,August,16320,96.0,10.96,2062,Available,-92,14.17
2026-08-18,DVC Resale Market,RR62320,https://www.dvcresalemarket.com/listings/rivieraresort/rr62320/,Riviera Resort,200,June,22600,113.0,9.46,2070,Offer Accepted,-399,13.052
2026-08-18,DVC Resale Market,HHF1791,https://www.dvcresalemarket.com/listings/hilton-head/hhf1791/,Hilton Head Island,25,June,2150,86.0,12.86,2042,Sale Pending,0,21.27
2026-08-18,DVC Resale Market,BWB3401,https://www.dvcresalemarket.com/listings/boardwalk/bwb3401/,BoardWalk Villas,50,April,8500,170.0,9.67,2042,Available,0,21.819
2026-08-18,DVC Resale Market,SS98250,https://www.dvcresalemarket.com/listings/saratoga-springs/ss98250/,Saratoga Springs,225,April,23625,105.0,9.19,2054,Sale Pending,-225,13.847
2026-08-18,DVC Resale Market,OKB4967,https://www.dvcresalemarket.com/listings/old-key-west/okb4967/,Old Key West,200,June,17400,87.0,11.21,2042,Sale Pending,-167,18.07
2026-08-18,DVC Resale Market,BWA3378,https://www.dvcresalemarket.com/listings/boardwalk/bwa3378/,BoardWalk Villas,200,March,25000,125.0,9.67,2042,Available,-197,19.111
2026-08-18,DVC Resale Market,CCE2979,https://www.dvcresalemarket.com/listings/copper-creek/cce2979/,Copper Creek Villas,50,February,8100,162.0,9.02,2068,Offer Accepted,-36,13.783
2026-08-18,DVC Resale Market,BCA2541,https://www.dvcresalemarket.com/listings/beach-club/bca2541/,Beach Club Villas,160,March,22400,140.0,9.81,2042,Sale Pending,-160,20.306
2026-08-18,DVC Resale Market,AU83487,https://www.dvcresalemarket.com/listings/aulani/au83487/,Aulani,210,March,19110,91.0,10.96,2062,Offer Accepted,-210,14.225
2026-08-18,DVC Resale Market,AKA6374,https://www.dvcresalemarket.com/listings/animal-kingdom-lodge/aka6374/,Animal Kingdom Villas,160,December,21760,136.0,10.16,2057,Sale Pending,160,14.22
2026-08-18,DVC Resale Market,VBB2605,https://www.dvcresalemarket.com/listings/vero-beach/vbb2605/,Vero Beach,210,March,9450,45.0,14.89,2042,Sale Pending,-420,20.446
2026-08-18,DVC Resale Market,RRA2319,https://www.dvcresalemarket.com/listings/rivieraresort/rra2319/,Riviera Resort,250,February,30500,122.0,9.46,2070,Available,-250,12.808
2026-08-18,DVC Resale Market,AUB3477,https://www.dvcresalemarket.com/listings/aulani/aub3477/,Aulani,175,December,17500,100.0,10.96,2062,Offer Accepted,-100,14.29
2026-08-18,DVC Resale Market,OK24978,https://www.dvcresalemarket.com/listings/old-key-west/ok24978/,Old Key West,220,December,20240,92.0,11.21,2042,Sale Pending,0,17.36
2026-08-18,DVC Resale Market,AK86192,https://www.dvcresalemarket.com/listings/animal-kingdom-lodge/ak86192/,Animal Kingdom Villas,150,September,18600,124.0,10.16,2057,Offer Accepted,150,13.846
2026-08-18,DVC Resale Market,CC92988,https://www.dvcresalemarket.com/listings/copper-creek/cc92988/,Copper Creek Villas,55,February,8745,159.0,9.02,2068,Available,-40,13.662
2026-08-18,DVC Resale Market,BL83547,https://www.dvcresalemarket.com/listings/bay-lake-tower/bl83547/,Bay Lake Tower,160,October,22880,143.0,8.74,2060,Sale Pending,160,12.65
2026-08-18,DVC Resale Market,VBG2606,https://www.dvcresalemarket.com/listings/vero-beach/vbg2606/,Vero Beach,25,October,1675,67.0,14.89,2042,Available,-25,23.062
2026-08-18,DVC Resale Market,SS88451,https://www.dvcresalemarket.com/listings/saratoga-springs/ss88451/,Saratoga Springs,215,August,22790,106.0,9.19,2054,Sale Pending,0,13.213
2026-08-18,DVC Resale Market,BW73364,https://www.dvcresalemarket.com/listings/boardwalk/bw73364/,BoardWalk Villas,100,June,13200,132.0,9.67,2042,Offer Accepted,-100,19.938
2026-08-18,DVC Resale Market,PLB4503,https://www.dvcresalemarket.com/listings/polynesian/plb4503/,Polynesian Villas,50,December,8700,174.0,8.33,2066,Sale Pending,0,13.29
2026-08-18,DVC Resale Market,AUC3491,https://www.dvcresalemarket.com/listings/aulani/auc3491/,Aulani,100,December,11000,110.0,10.96,2062,Offer Accepted,86,14.001
2026-08-18,DVC Resale Market,GF03299,https://www.dvcresalemarket.com/listings/grand-floridian/gf03299/,Grand Floridian Villas,50,August,9000,180.0,8.31,2064,Available,-34,14.039
2026-08-18,DVC Resale Market,GF03304,https://www.dvcresalemarket.com/listings/grand-floridian/gf03304/,Grand Floridian Villas,50,August,9300,186.0,8.31,2064,Available,-44,14.297
2026-08-18,DVC Resale Market,BCB2145,https://www.dvcresalemarket.com/listings/beach-club/bcb2145/,Beach Club Villas,200,February,26000,130.0,9.81,2042,Available,-200,19.588
2026-08-18,DVC Resale Market,DH31117,https://www.dvcresalemarket.com/listings/disneyland-hotel/dh31117/,Villas at Disneyland Hotel,150,August,23850,159.0,10.54,2073,Offer Accepted,35,13.999
2026-08-18,DVC Resale Market,SSB8520,https://www.dvcresalemarket.com/listings/saratoga-springs/ssb8520/,Saratoga Springs,50,December,6150,123.0,9.19,2054,Available,0,14.425
2026-08-18,DVC Resale Market,SSB8519,https://www.dvcresalemarket.com/listings/saratoga-springs/ssb8519/,Saratoga Springs,50,December,6150,123.0,9.19,2054,Available,0,14.425
2026-08-18,DVC Resale Market,GCB1853,https://www.dvcresalemarket.com/listings/grand-californian/gcb1853/,Grand Californian Villas,200,August,50400,252.0,9.52,2060,Available,-175,17.601
2026-08-18,DVC Resale Market,OK34989,https://www.dvcresalemarket.com/listings/old-key-west/ok34989/,Old Key West,150,September,15450,103.0,11.21,2042,Available,0,18.21
2026-08-18,DVC Resale Market,GFF3313,https://www.dvcresalemarket.com/listings/grand-floridian/gff3313/,Grand Floridian Villas,85,August,15300,180.0,8.31,2064,Available,-85,13.964
2026-08-18,DVC Resale Market,SS28466,https://www.dvcresalemarket.com/listings/saratoga-springs/ss28466/,Saratoga Springs,360,September,35640,99.0,9.19,2054,Offer Accepted,-354,13.559
2026-08-18,DVC Resale Market,PL84597,https://www.dvcresalemarket.com/listings/polynesian/pl84597/,Polynesian Villas,100,December,16700,167.0,8.33,2066,Available,-32,12.999
2026-08-18,DVC Resale Market,PL34591,https://www.dvcresalemarket.com/listings/polynesian/pl34591/,Polynesian Villas,200,December,34000,170.0,8.33,2066,Available,-200,13.262
2026-08-18,DVC Resale Market,BL23732,https://www.dvcresalemarket.com/listings/bay-lake-tower/bl23732/,Bay Lake Tower,100,August,13500,135.0,8.74,2060,Offer Accepted,-100,13.66
2026-08-18,DVC Resale Market,AKC6330,https://www.dvcresalemarket.com/listings/animal-kingdom-lodge/akc6330/,Animal Kingdom Villas,220,June,23980,109.0,10.16,2057,Offer Accepted,0,13.887
2026-08-18,DVC Resale Market,BLF3704,https://www.dvcresalemarket.com/listings/bay-lake-tower/blf3704/,Bay Lake Tower,75,June,10275,137.0,8.74,2060,Sale Pending,-82,13.878
2026-08-18,DVC Resale Market,AKE6390,https://www.dvcresalemarket.com/listings/animal-kingdom-lodge/ake6390/,Animal Kingdom Villas,160,June,17600,110.0,10.16,2057,Offer Accepted,-164,14.615
2026-08-18,DVC Resale Market,BCA2540,https://www.dvcresalemarket.com/listings/beach-club/bca2540/,Beach Club Villas,200,March,27000,135.0,9.81,2042,Available,-200,19.907
2026-08-18,DVC Resale Market,HH31777,https://www.dvcresalemarket.com/listings/hilton-head/hh31777/,Hilton Head Island,100,June,6900,69.0,12.86,2042,Sale Pending,0,17.933
2026-08-18,DVC Resale Market,BCA2553,https://www.dvcresalemarket.com/listings/beach-club/bca2553/,Beach Club Villas,170,February,25160,148.0,9.81,2042,Available,-114,20.396
2026-08-18,DVC Resale Market,BWE3399,https://www.dvcresalemarket.com/listings/boardwalk/bwe3399/,BoardWalk Villas,100,October,12400,124.0,9.67,2042,Sale Pending,-100,19.426
2026-08-18,DVC Resale Market,GF03315,https://www.dvcresalemarket.com/listings/grand-floridian/gf03315/,Grand Floridian Villas,150,August,25800,172.0,8.31,2064,Available,-112,13.467
2026-08-18,DVC Resale Market,SS38463,https://www.dvcresalemarket.com/listings/saratoga-springs/ss38463/,Saratoga Springs,160,December,19680,123.0,9.19,2054,Offer Accepted,160,13.217
2026-08-18,DVC Resale Market,AK96381,https://www.dvcresalemarket.com/listings/animal-kingdom-lodge/ak96381/,Animal Kingdom Villas,200,December,23000,115.0,10.16,2057,Available,10,14.071
2026-08-18,DVC Resale Market,PL84595,https://www.dvcresalemarket.com/listings/polynesian/pl84595/,Polynesian Villas,110,December,18590,169.0,8.33,2066,Offer Accepted,2,12.862
2026-08-18,DVC Resale Market,CCA2982,https://www.dvcresalemarket.com/listings/copper-creek/cca2982/,Copper Creek Villas,185,December,29600,160.0,9.02,2068,Available,78,12.838
2026-08-18,DVC Resale Market,BL33705,https://www.dvcresalemarket.com/listings/bay-lake-tower/bl33705/,Bay Lake Tower,200,September,29800,149.0,8.74,2060,Sale Pending,200,12.791
2026-08-18,DVC Resale Market,PL94588,https://www.dvcresalemarket.com/listings/polynesian/pl94588/,Polynesian Villas,75,September,14625,195.0,8.33,2066,Offer Accepted,75,13.176
2026-08-18,DVC Resale Market,CC62983,https://www.dvcresalemarket.com/listings/copper-creek/cc62983/,Copper Creek Villas,100,March,14900,149.0,9.02,2068,Available,-31,13.027
2026-08-18,DVC Resale Market,AUB3497,https://www.dvcresalemarket.com/listings/aulani/aub3497/,Aulani,200,June,19600,98.0,10.96,2062,Offer Accepted,-7,13.92
2026-08-18,DVC Resale Market,GF23278,https://www.dvcresalemarket.com/listings/grand-floridian/gf23278/,Grand Floridian Villas,58,December,10092,174.0,8.31,2064,Available,0,13.465
2026-08-18,DVC Resale Market,BL83546,https://www.dvcresalemarket.com/listings/bay-lake-tower/bl83546/,Bay Lake Tower,160,October,22880,143.0,8.74,2060,Offer Accepted,160,12.65
2026-08-18,DVC Resale Market,AKB6252,https://www.dvcresalemarket.com/listings/animal-kingdom-lodge/akb6252/,Animal Kingdom Villas,160,December,20320,127.0,10.16,2057,Available,160,13.9
2026-08-18,DVC Resale Market,SSE8517,https://www.dvcresalemarket.com/listings/saratoga-springs/sse8517/,Saratoga Springs,200,October,18600,93.0,9.19,2054,Offer Accepted,-400,14.117
2026-08-18,DVC Resale Market,BLB3720,https://www.dvcresalemarket.com/listings/bay-lake-tower/blb3720/,Bay Lake Tower,108,December,15120,140.0,8.74,2060,Available,-10,13.277
2026-08-18,DVC Resale Market,BRB1915,https://www.dvcresalemarket.com/listings/wilderness-lodge/brb1915/,Boulder Ridge Villas,100,December,11400,114.0,9.77,2042,Available,-51,18.306
2026-08-18,DVC Resale Market,SSF8484,https://www.dvcresalemarket.com/listings/saratoga-springs/ssf8484/,Saratoga Springs,200,December,19000,95.0,9.19,2054,Offer Accepted,-200,13.511
2026-08-18,DVC Resale Market,VBC2583,https://www.dvcresalemarket.com/listings/vero-beach/vbc2583/,Vero Beach,200,December,10000,50.0,14.89,2042,Offer Accepted,-200,19.599
2026-08-18,DVC Resale Market,BLC3733,https://www.dvcresalemarket.com/listings/bay-lake-tower/blc3733/,Bay Lake Tower,200,September,28000,140.0,8.74,2060,Sale Pending,143,12.683
2026-08-18,DVC Resale Market,SSE8515,https://www.dvcresalemarket.com/listings/saratoga-springs/sse8515/,Saratoga Springs,100,October,9900,99.0,9.19,2054,Offer Accepted,-200,14.525
2026-08-18,DVC Resale Market,BC22499,https://www.dvcresalemarket.com/listings/beach-club/bc22499/,Beach Club Villas,230,April,31050,135.0,9.81,2042,Sale Pending,-220,19.818
2026-08-18,DVC Resale Market,OKE4964,https://www.dvcresalemarket.com/listings/old-key-west/oke4964/,Old Key West,350,September,30100,86.0,11.21,2042,Available,-1,16.87
2026-08-18,DVC Resale Market,CCE2984,https://www.dvcresalemarket.com/listings/copper-creek/cce2984/,Copper Creek Villas,150,December,20700,138.0,9.02,2068,Sale Pending,0,12.529
2026-08-18,DVC Resale Market,SSF8457,https://www.dvcresalemarket.com/listings/saratoga-springs/ssf8457/,Saratoga Springs,180,February,18180,101.0,9.19,2054,Sale Pending,-138,13.593
2026-08-18,DVC Resale Market,CCA2980,https://www.dvcresalemarket.com/listings/copper-creek/cca2980/,Copper Creek Villas,130,March,19370,149.0,9.02,2068,Sale Pending,-33,12.939
2026-08-18,DVC Resale Market,BR21918,https://www.dvcresalemarket.com/listings/wilderness-lodge/br21918/,Boulder Ridge Villas,30,September,3720,124.0,9.77,2042,Sale Pending,-26,20.88
2026-08-18,DVC Resale Market,PLA4344,https://www.dvcresalemarket.com/listings/polynesian/pla4344/,Polynesian Villas,50,December,9000,180.0,8.33,2066,Sale Pending,0,13.45
2026-08-18,DVC Resale Market,GC21852,https://www.dvcresalemarket.com/listings/grand-californian/gc21852/,Grand Californian Villas,100,August,26000,260.0,9.52,2060,Offer Accepted,21,17.403
2026-08-18,DVC Resale Market,OKB4979,https://www.dvcresalemarket.com/listings/old-key-west/okb4979/,Old Key West,230,December,24840,108.0,11.21,2057,Available,-228,15.505
2026-08-18,DVC Resale Market,BCB2490,https://www.dvcresalemarket.com/listings/beach-club/bcb2490/,Beach Club Villas,200,March,25000,125.0,9.81,2042,Sale Pending,-399,20.451
2026-08-18,DVC Resale Market,VBE2589,https://www.dvcresalemarket.com/listings/vero-beach/vbe2589/,Vero Beach,50,August,4350,87.0,14.89,2042,Sale Pending,11,21.49
2026-08-18,DVC Resale Market,PL34582,https://www.dvcresalemarket.com/listings/polynesian/pl34582/,Polynesian Villas,150,June,26250,175.0,8.33,2066,Sale Pending,-150,13.428
2026-08-18,DVC Resale Market,VB82585,https://www.dvcresalemarket.com/listings/vero-beach/vb82585/,Vero Beach,150,June,8700,58.0,14.89,2042,Available,0,19.023
2026-08-18,DVC Resale Market,BL83694,https://www.dvcresalemarket.com/listings/bay-lake-tower/bl83694/,Bay Lake Tower,100,June,14400,144.0,8.74,2060,Available,52,13.079
2026-08-18,DVC Resale Market,AU63499,https://www.dvcresalemarket.com/listings/aulani/au63499/,Aulani,115,March,12075,105.0,10.96,2062,Available,-115,14.786
2026-08-18,DVC Resale Market,AKF6376,https://www.dvcresalemarket.com/listings/animal-kingdom-lodge/akf6376/,Animal Kingdom Villas,180,March,20880,116.0,10.16,2057,Available,-10,14.188
2026-08-18,DVC Resale Market,GC91849,https://www.dvcresalemarket.com/listings/grand-californian/gc91849/,Grand Californian Villas,75,February,21000,280.0,9.52,2060,Offer Accepted,-5,18.262
2026-08-18,DVC Resale Market,SSE8328,https://www.dvcresalemarket.com/listings/saratoga-springs/sse8328/,Saratoga Springs,450,February,43200,96.0,9.19,2054,Sale Pending,-409,13.374
2026-08-18,DVC Resale Market,SS38502,https://www.dvcresalemarket.com/listings/saratoga-springs/ss38502/,Saratoga Springs,160,September,17440,109.0,9.19,2054,Available,-65,13.666
2026-08-18,DVC Resale Market,BC32550,https://www.dvcresalemarket.com/listings/beach-club/bc32550/,Beach Club Villas,150,April,21750,145.0,9.81,2042,Available,-213,21.15
2026-08-18,DVC Resale Market,SS88417,https://www.dvcresalemarket.com/listings/saratoga-springs/ss88417/,Saratoga Springs,115,December,14260,124.0,9.19,2054,Sale Pending,46,13.763
2026-08-18,DVC Resale Market,OK94986,https://www.dvcresalemarket.com/listings/old-key-west/ok94986/,Old Key West,230,October,22540,98.0,11.21,2042,Available,-180,18.653
2026-08-18,DVC Resale Market,SS88432,https://www.dvcresalemarket.com/listings/saratoga-springs/ss88432/,Saratoga Springs,150,March,15750,105.0,9.19,2054,Sale Pending,-292,14.582
2026-08-18,DVC Resale Market,AKE6391,https://www.dvcresalemarket.com/listings/animal-kingdom-lodge/ake6391/,Animal Kingdom Villas,160,December,17600,110.0,10.16,2057,Available,-319,15.208
2026-08-18,DVC Resale Market,AKC6269,https://www.dvcresalemarket.com/listings/animal-kingdom-lodge/akc6269/,Animal Kingdom Villas,250,August,27750,111.0,10.16,2057,Sale Pending,0,13.935
2026-08-18,DVC Resale Market,BLA3725,https://www.dvcresalemarket.com/listings/bay-lake-tower/bla3725/,Bay Lake Tower,160,February,22400,140.0,8.74,2060,Sale Pending,-320,14.238
2026-08-18,DVC Resale Market,GCB1845,https://www.dvcresalemarket.com/listings/grand-californian/gcb1845/,Grand Californian Villas,200,June,51800,259.0,9.52,2060,Available,0,17.318
2026-08-18,DVC Resale Market,SSE8516,https://www.dvcresalemarket.com/listings/saratoga-springs/sse8516/,Saratoga Springs,100,October,10200,102.0,9.19,2054,Available,-152,14.318
2026-08-18,DVC Resale Market,RR32301,https://www.dvcresalemarket.com/listings/rivieraresort/rr32301/,Riviera Resort,300,August,32400,108.0,9.46,2070,Sale Pending,-277,12.436
2026-08-18,DVC Resale Market,AKA6388,https://www.dvcresalemarket.com/listings/animal-kingdom-lodge/aka6388/,Animal Kingdom Villas,100,August,13300,133.0,10.16,2057,Sale Pending,-2,14.891
2026-08-18,DVC Resale Market,OKA4969,https://www.dvcresalemarket.com/listings/old-key-west/oka4969/,Old Key West,25,October,3250,130.0,11.21,2042,Sale Pending,-40,24.032
2026-08-18,DVC Resale Market,BL73718,https://www.dvcresalemarket.com/listings/bay-lake-tower/bl73718/,Bay Lake Tower,25,March,4075,163.0,8.74,2060,Sale Pending,-11,15.12
2026-08-18,DVC Resale Market,PLE4404,https://www.dvcresalemarket.com/listings/polynesian/ple4404/,Polynesian Villas,50,September,9000,180.0,8.33,2066,Sale Pending,-45,13.877
2026-08-18,DVC Resale Market,OK24971,https://www.dvcresalemarket.com/listings/old-key-west/ok24971/,Old Key West,30,October,3870,129.0,11.21,2042,Available,-29,22.752
2026-08-18,DVC Resale Market,SS78472,https://www.dvcresalemarket.com/listings/saratoga-springs/ss78472/,Saratoga Springs,150,September,15300,102.0,9.19,2054,Available,-296,14.493
2026-08-18,DVC Resale Market,SSC8511,https://www.dvcresalemarket.com/listings/saratoga-springs/ssc8511/,Saratoga Springs,150,December,15150,101.0,9.19,2054,Available,-150,13.797
2026-08-18,DVC Resale Market,SSC8510,https://www.dvcresalemarket.com/listings/saratoga-springs/ssc8510/,Saratoga Springs,210,December,22260,106.0,9.19,2054,Available,-27,13.306
2026-08-18,DVC Resale Market,VBA2602,https://www.dvcresalemarket.com/listings/vero-beach/vba2602/,Vero Beach,150,March,9450,63.0,14.89,2042,Available,-21,19.51
2026-08-18,DVC Resale Market,OK74976,https://www.dvcresalemarket.com/listings/old-key-west/ok74976/,Old Key West,450,June,48150,107.0,11.21,2057,Available,450,14.178
2026-08-18,DVC Resale Market,OKC4985,https://www.dvcresalemarket.com/listings/old-key-west/okc4985/,Old Key West,270,June,25110,93.0,11.21,2042,Available,2,17.354
2026-08-18,DVC Resale Market,SSE8509,https://www.dvcresalemarket.com/listings/saratoga-springs/sse8509/,Saratoga Springs,160,December,18560,116.0,9.19,2054,Available,160,12.964
2026-08-18,DVC Resale Market,SSE8389,https://www.dvcresalemarket.com/listings/saratoga-springs/sse8389/,Saratoga Springs,160,December,18560,116.0,9.19,2054,Available,160,12.964
2026-08-18,DVC Resale Market,SS28514,https://www.dvcresalemarket.com/listings/saratoga-springs/ss28514/,Saratoga Springs,50,December,5950,119.0,9.19,2054,Available,-50,14.946
2026-08-18,DVC Resale Market,SS28512,https://www.dvcresalemarket.com/listings/saratoga-springs/ss28512/,Saratoga Springs,100,December,11400,114.0,9.19,2054,Available,-100,14.4
2026-08-18,DVC Resale Market,GCG1840,https://www.dvcresalemarket.com/listings/grand-californian/gcg1840/,Grand Californian Villas,160,December,42880,268.0,9.52,2060,Offer Accepted,160,17.067
2026-08-18,DVC Resale Market,BLE3727,https://www.dvcresalemarket.com/listings/bay-lake-tower/ble3727/,Bay Lake Tower,200,February,26000,130.0,8.74,2060,Sale Pending,-400,13.9
2026-08-18,DVC Resale Market,RR32304,https://www.dvcresalemarket.com/listings/rivieraresort/rr32304/,Riviera Resort,175,December,20650,118.0,9.46,2070,Available,-1,12.327
2026-08-18,DVC Resale Market,PL24596,https://www.dvcresalemarket.com/listings/polynesian/pl24596/,Polynesian Villas,125,August,21875,175.0,8.33,2066,Available,-132,13.49
2026-08-18,DVC Resale Market,AKE6346,https://www.dvcresalemarket.com/listings/animal-kingdom-lodge/ake6346/,Animal Kingdom Villas,160,June,17600,110.0,10.16,2057,Sale Pending,-61,14.22
2026-08-18,DVC Resale Market,PLF4558,https://www.dvcresalemarket.com/listings/polynesian/plf4558/,Polynesian Villas,150,October,27000,180.0,8.33,2066,Sale Pending,77,12.838
2026-08-18,DVC Resale Market,OK84981,https://www.dvcresalemarket.com/listings/old-key-west/ok84981/,Old Key West,230,August,22770,99.0,11.21,2042,Available,-142,18.519
2026-08-18,DVC Resale Market,SS88455,https://www.dvcresalemarket.com/listings/saratoga-springs/ss88455/,Saratoga Springs,160,June,20160,126.0,9.19,2054,Sale Pending,160,13.326
2026-08-18,DVC Resale Market,CC32978,https://www.dvcresalemarket.com/listings/copper-creek/cc32978/,Copper Creek Villas,100,December,14900,149.0,9.02,2068,Available,-100,13.339
2026-08-18,DVC Resale Market,OK94948,https://www.dvcresalemarket.com/listings/old-key-west/ok94948/,Old Key West,150,August,15600,104.0,11.21,2042,Available,0,18.272
2026-08-18,DVC Resale Market,RRB2303,https://www.dvcresalemarket.com/listings/rivieraresort/rrb2303/,Riviera Resort,500,August,55500,111.0,9.46,2070,Sale Pending,0,12.069
2026-08-18,DVC Resale Market,GF23311,https://www.dvcresalemarket.com/listings/grand-floridian/gf23311/,Grand Floridian Villas,90,April,14310,159.0,8.31,2064,Available,-269,14.38
2026-08-18,DVC Resale Market,BW23018,https://www.dvcresalemarket.com/listings/boardwalk/bw23018/,BoardWalk Villas,270,June,34290,127.0,9.67,2042,Sale Pending,-270,19.179
2026-08-18,DVC Resale Market,AU23498,https://www.dvcresalemarket.com/listings/aulani/au23498/,Aulani,100,August,11000,110.0,10.96,2062,Available,86,14.001
2026-08-18,DVC Resale Market,VBE2601,https://www.dvcresalemarket.com/listings/vero-beach/vbe2601/,Vero Beach,500,October,26000,52.0,14.89,2042,Available,-464,19.428
2026-08-18,DVC Resale Market,AUE3494,https://www.dvcresalemarket.com/listings/aulani/aue3494/,Aulani,150,August,15750,105.0,10.96,2062,Available,-114,14.57
2026-08-18,DVC Resale Market,SSA8507,https://www.dvcresalemarket.com/listings/saratoga-springs/ssa8507/,Saratoga Springs,60,September,7980,133.0,9.19,2054,Available,0,14.654
2026-08-18,DVC Resale Market,AK76356,https://www.dvcresalemarket.com/listings/animal-kingdom-lodge/ak76356/,Animal Kingdom Villas,150,March,16800,112.0,10.16,2057,Sale Pending,-28,14.182
2026-08-18,DVC Resale Market,RR32309,https://www.dvcresalemarket.com/listings/rivieraresort/rr32309/,Riviera Resort,50,March,7000,140.0,9.46,2070,Available,-100,14.05
2026-08-18,DVC Resale Market,SS98508,https://www.dvcresalemarket.com/listings/saratoga-springs/ss98508/,Saratoga Springs,150,December,18000,120.0,9.19,2054,Available,0,13.806
2026-08-18,DVC Resale Market,BC22518,https://www.dvcresalemarket.com/listings/beach-club/bc22518/,Beach Club Villas,220,March,26840,122.0,9.81,2042,Sale Pending,-405,20.044
2026-08-18,DVC Resale Market,SSA8497,https://www.dvcresalemarket.com/listings/saratoga-springs/ssa8497/,Saratoga Springs,160,September,18400,115.0,9.19,2054,Available,-67,13.891
2026-08-18,DVC Resale Market,GFA3306,https://www.dvcresalemarket.com/listings/grand-floridian/gfa3306/,Grand Floridian Villas,250,February,42500,170.0,8.31,2064,Sale Pending,-177,13.321
2026-08-18,DVC Resale Market,SSC8493,https://www.dvcresalemarket.com/listings/saratoga-springs/ssc8493/,Saratoga Springs,220,August,21560,98.0,9.19,2054,Sale Pending,-268,13.747
2026-08-18,DVC Resale Market,SS28348,https://www.dvcresalemarket.com/listings/saratoga-springs/ss28348/,Saratoga Springs,160,December,16800,105.0,9.19,2054,Offer Accepted,-160,13.924
2026-08-18,DVC Resale Market,PL24571,https://www.dvcresalemarket.com/listings/polynesian/pl24571/,Polynesian Villas,220,June,35860,163.0,8.33,2066,Sale Pending,-440,13.545
2026-08-18,DVC Resale Market,BW73370,https://www.dvcresalemarket.com/listings/boardwalk/bw73370/,BoardWalk Villas,314,February,36424,116.0,9.67,2042,Sale Pending,-254,18.215
2026-08-18,DVC Resale Market,VB92587,https://www.dvcresalemarket.com/listings/vero-beach/vb92587/,Vero Beach,220,February,12980,59.0,14.89,2042,Available,-81,19.387
2026-08-18,DVC Resale Market,AKE6370,https://www.dvcresalemarket.com/listings/animal-kingdom-lodge/ake6370/,Animal Kingdom Villas,300,June,30900,103.0,10.16,2057,Sale Pending,-300,14.265
2026-08-18,DVC Resale Market,SSF8200,https://www.dvcresalemarket.com/listings/saratoga-springs/ssf8200/,Saratoga Springs,160,October,17600,110.0,9.19,2054,Available,-121,13.94
2026-08-18,DVC Resale Market,BWA3374,https://www.dvcresalemarket.com/listings/boardwalk/bwa3374/,BoardWalk Villas,250,February,32500,130.0,9.67,2042,Available,-250,19.387
2026-08-18,DVC Resale Market,SS88501,https://www.dvcresalemarket.com/listings/saratoga-springs/ss88501/,Saratoga Springs,150,September,16200,108.0,9.19,2054,Available,0,13.373
2026-08-18,DVC Resale Market,SS88504,https://www.dvcresalemarket.com/listings/saratoga-springs/ss88504/,Saratoga Springs,130,September,14300,110.0,9.19,2054,Available,0,13.486
2026-08-18,DVC Resale Market,AKE6280,https://www.dvcresalemarket.com/listings/animal-kingdom-lodge/ake6280/,Animal Kingdom Villas,300,June,30900,103.0,10.16,2057,Sale Pending,-300,14.265
2026-08-18,DVC Resale Market,SS88458,https://www.dvcresalemarket.com/listings/saratoga-springs/ss88458/,Saratoga Springs,115,August,12535,109.0,9.19,2054,Sale Pending,0,13.489
2026-08-18,DVC Resale Market,GF73283,https://www.dvcresalemarket.com/listings/grand-floridian/gf73283/,Grand Floridian Villas,100,April,18000,180.0,8.31,2064,Sale Pending,0,13.412
2026-08-18,DVC Resale Market,BC32549,https://www.dvcresalemarket.com/listings/beach-club/bc32549/,Beach Club Villas,100,December,17000,170.0,9.81,2042,Sale Pending,100,20.109
2026-08-18,DVC Resale Market,AUC3479,https://www.dvcresalemarket.com/listings/aulani/auc3479/,Aulani,200,August,21000,105.0,10.96,2062,Offer Accepted,200,13.568
2026-08-18,DVC Resale Market,GF33305,https://www.dvcresalemarket.com/listings/grand-floridian/gf33305/,Grand Floridian Villas,250,February,39750,159.0,8.31,2064,Sale Pending,-491,13.656
2026-08-18,DVC Resale Market,BW23020,https://www.dvcresalemarket.com/listings/boardwalk/bw23020/,BoardWalk Villas,150,October,19500,130.0,9.67,2042,Available,-134,19.439
2026-08-18,DVC Resale Market,SS88491,https://www.dvcresalemarket.com/listings/saratoga-springs/ss88491/,Saratoga Springs,160,February,18080,113.0,9.19,2054,Sale Pending,-91,13.922
2026-08-18,DVC Resale Market,RR92310,https://www.dvcresalemarket.com/listings/rivieraresort/rr92310/,Riviera Resort,150,December,20850,139.0,9.46,2070,Sale Pending,148,12.407
2026-08-18,DVC Resale Market,SSE8205,https://www.dvcresalemarket.com/listings/saratoga-springs/sse8205/,Saratoga Springs,160,April,18080,113.0,9.19,2054,Available,0,13.536
2026-08-18,DVC Resale Market,BLA3700,https://www.dvcresalemarket.com/listings/bay-lake-tower/bla3700/,Bay Lake Tower,125,April,18125,145.0,8.74,2060,Sale Pending,0,13.332
2026-08-18,DVC Resale Market,SS98503,https://www.dvcresalemarket.com/listings/saratoga-springs/ss98503/,Saratoga Springs,200,December,23800,119.0,9.19,2054,Sale Pending,200,13.018
2026-08-18,DVC Resale Market,AU33473,https://www.dvcresalemarket.com/listings/aulani/au33473/,Aulani,320,December,33280,104.0,10.96,2062,Available,320,13.458
2026-08-18,DVC Resale Market,OK64946,https://www.dvcresalemarket.com/listings/old-key-west/ok64946/,Old Key West,230,June,20700,90.0,11.21,2042,Sale Pending,0,17.218
2026-08-18,DVC Resale Market,GF63292,https://www.dvcresalemarket.com/listings/grand-floridian/gf63292/,Grand Floridian Villas,75,August,12525,167.0,8.31,2064,Sale Pending,13,13.077
2026-08-18,DVC Resale Market,AUB3444,https://www.dvcresalemarket.com/listings/aulani/aub3444/,Aulani,125,August,11750,94.0,10.96,2062,Sale Pending,-125,14.45
2026-08-18,DVC Resale Market,AUE3475,https://www.dvcresalemarket.com/listings/aulani/aue3475/,Aulani,320,March,38400,120.0,10.96,2062,Sale Pending,-253,14.848
2026-08-18,DVC Resale Market,AUC3485,https://www.dvcresalemarket.com/listings/aulani/auc3485/,Aulani,150,March,13800,92.0,10.96,2062,Offer Accepted,-150,14.336
2026-08-18,DVC Resale Market,BLG3693,https://www.dvcresalemarket.com/listings/bay-lake-tower/blg3693/,Bay Lake Tower,160,December,21760,136.0,8.74,2060,Sale Pending,-160,13.56
2026-08-18,DVC Resale Market,PL24590,https://www.dvcresalemarket.com/listings/polynesian/pl24590/,Polynesian Villas,200,February,33800,169.0,8.33,2066,Sale Pending,-200,13.235
2026-08-18,DVC Resale Market,RRA1204,https://www.dvcresalemarket.com/listings/rivieraresort/rra1204/,Riviera Resort,150,December,19500,130.0,9.46,2070,Available,-145,13.044
2026-08-18,DVC Resale Market,BCB2509,https://www.dvcresalemarket.com/listings/beach-club/bcb2509/,Beach Club Villas,175,February,25025,143.0,9.81,2042,Available,-165,20.392
2026-08-18,DVC Resale Market,SS78468,https://www.dvcresalemarket.com/listings/saratoga-springs/ss78468/,Saratoga Springs,25,March,3250,130.0,9.19,2054,Sale Pending,0,15.431
2026-08-18,DVC Resale Market,GFE3293,https://www.dvcresalemarket.com/listings/grand-floridian/gfe3293/,Grand Floridian Villas,532,June,74480,140.0,8.31,2064,Sale Pending,-930,12.979
2026-08-18,DVC Resale Market,SSG6351,https://www.dvcresalemarket.com/listings/saratoga-springs/ssg6351/,Saratoga Springs,100,December,11000,110.0,9.19,2054,Sale Pending,0,13.579
2026-08-18,DVC Resale Market,AK86318,https://www.dvcresalemarket.com/listings/animal-kingdom-lodge/ak86318/,Animal Kingdom Villas,160,June,21760,136.0,10.16,2057,Sale Pending,160,14.22
2026-08-18,DVC Resale Market,CCB2954,https://www.dvcresalemarket.com/listings/copper-creek/ccb2954/,Copper Creek Villas,75,June,10275,137.0,9.02,2068,Sale Pending,-75,13.137
2026-08-18,DVC Resale Market,SSB8430,https://www.dvcresalemarket.com/listings/saratoga-springs/ssb8430/,Saratoga Springs,200,June,22000,110.0,9.19,2054,Sale Pending,0,13.374
2026-08-18,DVC Resale Market,BL93726,https://www.dvcresalemarket.com/listings/bay-lake-tower/bl93726/,Bay Lake Tower,100,February,14700,147.0,8.74,2060,Sale Pending,-94,13.983
2026-08-18,DVC Resale Market,AKF6271,https://www.dvcresalemarket.com/listings/animal-kingdom-lodge/akf6271/,Animal Kingdom Villas,160,December,18080,113.0,10.16,2057,Available,-92,14.438
2026-08-18,DVC Resale Market,AU33422,https://www.dvcresalemarket.com/listings/aulani/au33422/,Aulani,150,March,14400,96.0,10.96,2062,Available,-247,14.788
2026-08-18,DVC Resale Market,BL93690,https://www.dvcresalemarket.com/listings/bay-lake-tower/bl93690/,Bay Lake Tower,50,October,7350,147.0,8.74,2060,Sale Pending,-21,14.004
2026-08-18,DVC Resale Market,BWB3189,https://www.dvcresalemarket.com/listings/boardwalk/bwb3189/,BoardWalk Villas,250,August,34750,139.0,9.67,2042,Sale Pending,237,17.646
2026-08-18,DVC Resale Market,GF73298,https://www.dvcresalemarket.com/listings/grand-floridian/gf73298/,Grand Floridian Villas,100,April,18800,188.0,8.31,2064,Sale Pending,100,13.123
2026-08-18,DVC Resale Market,GCE1850,https://www.dvcresalemarket.com/listings/grand-californian/gce1850/,Grand Californian Villas,250,June,64250,257.0,9.52,2060,Available,124,16.947
2026-08-18,DVC Resale Market,GFF3297,https://www.dvcresalemarket.com/listings/grand-floridian/gff3297/,Grand Floridian Villas,175,August,29400,168.0,8.31,2064,Sale Pending,-170,13.45
2026-08-18,DVC Resale Market,AUC3490,https://www.dvcresalemarket.com/listings/aulani/auc3490/,Aulani,220,June,22880,104.0,10.96,2062,Available,180,13.617
2026-08-18,DVC Resale Market,SSE8479,https://www.dvcresalemarket.com/listings/saratoga-springs/sse8479/,Saratoga Springs,300,June,27000,90.0,9.19,2054,Sale Pending,-573,13.88
2026-08-18,DVC Resale Market,AKG6353,https://www.dvcresalemarket.com/listings/animal-kingdom-lodge/akg6353/,Animal Kingdom Villas,25,December,3425,137.0,10.16,2057,Sale Pending,25,15.41
2026-08-18,DVC Resale Market,SS88488,https://www.dvcresalemarket.com/listings/saratoga-springs/ss88488/,Saratoga Springs,150,October,18000,120.0,9.19,2054,Sale Pending,0,13.806
2026-08-18,DVC Resale Market,VB62600,https://www.dvcresalemarket.com/listings/vero-beach/vb62600/,Vero Beach,225,June,14175,63.0,14.89,2042,Available,0,19.199
2026-08-18,DVC Resale Market,HH61799,https://www.dvcresalemarket.com/listings/hilton-head/hh61799/,Hilton Head Island,275,April,20625,75.0,12.86,2042,Available,0,17.836
2026-08-18,DVC Resale Market,AKE6379,https://www.dvcresalemarket.com/listings/animal-kingdom-lodge/ake6379/,Animal Kingdom Villas,160,October,18400,115.0,10.16,2057,Available,-155,14.743
2026-08-18,DVC Resale Market,AK26343,https://www.dvcresalemarket.com/listings/animal-kingdom-lodge/ak26343/,Animal Kingdom Villas,25,August,3875,155.0,10.16,2057,Sale Pending,1,16.579
2026-08-18,DVC Resale Market,OK84972,https://www.dvcresalemarket.com/listings/old-key-west/ok84972/,Old Key West,50,March,6000,120.0,11.21,2042,Sale Pending,0,20.184
2026-08-18,DVC Resale Market,SS98403,https://www.dvcresalemarket.com/listings/saratoga-springs/ss98403/,Saratoga Springs,200,April,21400,107.0,9.19,2054,Sale Pending,0,13.265
2026-08-18,DVC Resale Market,SSB8462,https://www.dvcresalemarket.com/listings/saratoga-springs/ssb8462/,Saratoga Springs,132,October,14256,108.0,9.19,2054,Available,17,13.322
2026-08-18,DVC Resale Market,BCB2539,https://www.dvcresalemarket.com/listings/beach-club/bcb2539/,Beach Club Villas,210,February,28770,137.0,9.81,2042,Sale Pending,0,18.828
2026-08-18,DVC Resale Market,HH71786,https://www.dvcresalemarket.com/listings/hilton-head/hh71786/,Hilton Head Island,50,October,3500,70.0,12.86,2042,Sale Pending,-50,19.94
2026-08-18,DVC Resale Market,GF33301,https://www.dvcresalemarket.com/listings/grand-floridian/gf33301/,Grand Floridian Villas,100,October,18000,180.0,8.31,2064,Sale Pending,70,13.062
2026-08-18,DVC Resale Market,BL83550,https://www.dvcresalemarket.com/listings/bay-lake-tower/bl83550/,Bay Lake Tower,240,February,32160,134.0,8.74,2060,Sale Pending,-270,13.508
2026-08-18,DVC Resale Market,AK36383,https://www.dvcresalemarket.com/listings/animal-kingdom-lodge/ak36383/,Animal Kingdom Villas,180,December,18900,105.0,10.16,2057,Available,-180,14.409
2026-08-18,DVC Resale Market,AK36364,https://www.dvcresalemarket.com/listings/animal-kingdom-lodge/ak36364/,Animal Kingdom Villas,110,December,12100,110.0,10.16,2057,Sale Pending,-102,14.661
2026-08-18,DVC Resale Market,SS78398,https://www.dvcresalemarket.com/listings/saratoga-springs/ss78398/,Saratoga Springs,50,December,6000,120.0,9.19,2054,Available,-50,14.996
2026-08-18,DVC Resale Market,BLB3723,https://www.dvcresalemarket.com/listings/bay-lake-tower/blb3723/,Bay Lake Tower,160,December,20160,126.0,8.74,2060,Sale Pending,-160,13.264
2026-08-18,DVC Resale Market,SS88371,https://www.dvcresalemarket.com/listings/saratoga-springs/ss88371/,Saratoga Springs,200,March,21000,105.0,9.19,2054,Sale Pending,0,13.193
2026-08-18,DVC Resale Market,SSG8498,https://www.dvcresalemarket.com/listings/saratoga-springs/ssg8498/,Saratoga Springs,150,December,17250,115.0,9.19,2054,Available,-178,14.431
2026-08-18,DVC Resale Market,BWA3381,https://www.dvcresalemarket.com/listings/boardwalk/bwa3381/,BoardWalk Villas,210,September,27510,131.0,9.67,2042,Sale Pending,-156,19.189
2026-08-18,DVC Resale Market,AK36382,https://www.dvcresalemarket.com/listings/animal-kingdom-lodge/ak36382/,Animal Kingdom Villas,160,December,17120,107.0,10.16,2057,Sale Pending,-127,14.376
2026-08-18,DVC Resale Market,SSE8496,https://www.dvcresalemarket.com/listings/saratoga-springs/sse8496/,Saratoga Springs,225,December,25875,115.0,9.19,2054,Sale Pending,211,12.894
2026-08-18,DVC Resale Market,OK74965,https://www.dvcresalemarket.com/listings/old-key-west/ok74965/,Old Key West,164,March,14268,87.0,11.21,2042,Sale Pending,-164,18.345
2026-08-18,DVC Resale Market,OKB4932,https://www.dvcresalemarket.com/listings/old-key-west/okb4932/,Old Key West,264,March,23232,88.0,11.21,2042,Sale Pending,-170,17.815
2026-08-18,DVC Resale Market,CCB2974,https://www.dvcresalemarket.com/listings/copper-creek/ccb2974/,Copper Creek Villas,100,December,14900,149.0,9.02,2068,Sale Pending,-4,12.905
2026-08-18,DVC Resale Market,AK36361,https://www.dvcresalemarket.com/listings/animal-kingdom-lodge/ak36361/,Animal Kingdom Villas,100,August,11500,115.0,10.16,2057,Sale Pending,-99,14.892
2026-08-18,DVC Resale Market,GF63277,https://www.dvcresalemarket.com/listings/grand-floridian/gf63277/,Grand Floridian Villas,100,March,16000,160.0,8.31,2064,Available,-200,13.881
2026-08-18,DVC Resale Market,AK76259,https://www.dvcresalemarket.com/listings/animal-kingdom-lodge/ak76259/,Animal Kingdom Villas,320,December,40000,125.0,10.16,2057,Available,0,14.366
2026-08-18,DVC Resale Market,SS78317,https://www.dvcresalemarket.com/listings/saratoga-springs/ss78317/,Saratoga Springs,316,September,34444,109.0,9.19,2054,Available,-316,13.949
2026-08-18,DVC Resale Market,BW63397,https://www.dvcresalemarket.com/listings/boardwalk/bw63397/,BoardWalk Villas,225,February,27675,123.0,9.67,2042,Sale Pending,-225,18.964
2026-08-18,DVC Resale Market,PL34573,https://www.dvcresalemarket.com/listings/polynesian/pl34573/,Polynesian Villas,150,October,26250,175.0,8.33,2066,Sale Pending,0,12.953
2026-08-18,DVC Resale Market,AK36384,https://www.dvcresalemarket.com/listings/animal-kingdom-lodge/ak36384/,Animal Kingdom Villas,100,October,11600,116.0,10.16,2057,Sale Pending,14,14.232
2026-08-18,DVC Resale Market,BCE2483,https://www.dvcresalemarket.com/listings/beach-club/bce2483/,Beach Club Villas,160,March,22080,138.0,9.81,2042,Sale Pending,0,18.993
2026-08-18,DVC Resale Market,SSF8485,https://www.dvcresalemarket.com/listings/saratoga-springs/ssf8485/,Saratoga Springs,120,September,15360,128.0,9.19,2054,Sale Pending,104,13.575
2026-08-18,DVC Resale Market,RRC2306,https://www.dvcresalemarket.com/listings/rivieraresort/rrc2306/,Riviera Resort,100,December,13600,136.0,9.46,2070,Sale Pending,0,12.853
2026-08-18,DVC Resale Market,CC62938,https://www.dvcresalemarket.com/listings/copper-creek/cc62938/,Copper Creek Villas,200,August,30000,150.0,9.02,2068,Sale Pending,0,12.779
2026-08-18,DVC Resale Market,SSC8489,https://www.dvcresalemarket.com/listings/saratoga-springs/ssc8489/,Saratoga Springs,50,October,6350,127.0,9.19,2054,Available,-49,15.233
2026-08-18,DVC Resale Market,RRC2307,https://www.dvcresalemarket.com/listings/rivieraresort/rrc2307/,Riviera Resort,200,December,27200,136.0,9.46,2070,Sale Pending,0,12.722
2026-08-18,DVC Resale Market,CCE2958,https://www.dvcresalemarket.com/listings/copper-creek/cce2958/,Copper Creek Villas,50,February,7250,145.0,9.02,2068,Available,-90,13.858
2026-08-18,DVC Resale Market,OKE4957,https://www.dvcresalemarket.com/listings/old-key-west/oke4957/,Old Key West,350,February,33950,97.0,11.21,2057,Sale Pending,-692,15.702
2026-08-18,DVC Resale Market,BL33703,https://www.dvcresalemarket.com/listings/bay-lake-tower/bl33703/,Bay Lake Tower,107,March,14445,135.0,8.74,2060,Sale Pending,-25,13.209
2026-08-18,DVC Resale Market,CCC2964,https://www.dvcresalemarket.com/listings/copper-creek/ccc2964/,Copper Creek Villas,100,December,13900,139.0,9.02,2068,Sale Pending,-100,13.098
2026-08-18,DVC Resale Market,OK74966,https://www.dvcresalemarket.com/listings/old-key-west/ok74966/,Old Key West,36,March,4392,122.0,11.21,2042,Available,0,20.812
2026-08-18,DVC Resale Market,SS88490,https://www.dvcresalemarket.com/listings/saratoga-springs/ss88490/,Saratoga Springs,75,March,9675,129.0,9.19,2054,Available,0,14.387
2026-08-18,DVC Resale Market,BWB3390,https://www.dvcresalemarket.com/listings/boardwalk/bwb3390/,BoardWalk Villas,100,December,13100,131.0,9.67,2042,Sale Pending,19,18.462
2026-08-18,DVC Resale Market,BLB3719,https://www.dvcresalemarket.com/listings/bay-lake-tower/blb3719/,Bay Lake Tower,150,June,20400,136.0,8.74,2060,Sale Pending,-147,13.564
2026-08-18,DVC Resale Market,SSE8305,https://www.dvcresalemarket.com/listings/saratoga-springs/sse8305/,Saratoga Springs,125,December,14500,116.0,9.19,2054,Sale Pending,125,13.037
2026-08-18,DVC Resale Market,SSB8453,https://www.dvcresalemarket.com/listings/saratoga-springs/ssb8453/,Saratoga Springs,160,October,18400,115.0,9.19,2054,Sale Pending,29,13.484
2026-08-18,DVC Resale Market,PLA4552,https://www.dvcresalemarket.com/listings/polynesian/pla4552/,Polynesian Villas,110,September,18700,170.0,8.33,2066,Sale Pending,-110,13.371
2026-08-18,DVC Resale Market,PL34507,https://www.dvcresalemarket.com/listings/polynesian/pl34507/,Polynesian Villas,100,September,17500,175.0,8.33,2066,Sale Pending,-73,13.397
2026-08-18,DVC Resale Market,BC92548,https://www.dvcresalemarket.com/listings/beach-club/bc92548/,Beach Club Villas,150,February,23250,155.0,9.81,2042,Available,0,20.097
2026-08-18,DVC Resale Market,AUC3484,https://www.dvcresalemarket.com/listings/aulani/auc3484/,Aulani,375,March,33375,89.0,10.96,2062,Available,-336,14.022
2026-08-18,DVC Resale Market,OK24974,https://www.dvcresalemarket.com/listings/old-key-west/ok24974/,Old Key West,50,October,6100,122.0,11.21,2042,Available,-34,21.116
2026-08-18,DVC Resale Market,SS28494,https://www.dvcresalemarket.com/listings/saratoga-springs/ss28494/,Saratoga Springs,25,August,3550,142.0,9.19,2054,Available,-25,16.539
2026-08-18,DVC Resale Market,SS88475,https://www.dvcresalemarket.com/listings/saratoga-springs/ss88475/,Saratoga Springs,100,June,11600,116.0,9.19,2054,Available,-93,14.424
2026-08-18,DVC Resale Market,PLF4581,https://www.dvcresalemarket.com/listings/polynesian/plf4581/,Polynesian Villas,200,June,34800,174.0,8.33,2066,Sale Pending,-91,13.103
2026-08-18,DVC Resale Market,AUF3482,https://www.dvcresalemarket.com/listings/aulani/auf3482/,Aulani,160,September,15840,99.0,10.96,2062,Offer Accepted,0,13.984
2026-08-18,DVC Resale Market,OK34968,https://www.dvcresalemarket.com/listings/old-key-west/ok34968/,Old Key West,160,October,17120,107.0,11.21,2057,Sale Pending,36,14.802
2026-08-18,DVC Resale Market,SS28342,https://www.dvcresalemarket.com/listings/saratoga-springs/ss28342/,Saratoga Springs,225,February,21600,96.0,9.19,2054,Sale Pending,-225,13.522
2026-08-18,DVC Resale Market,GF23288,https://www.dvcresalemarket.com/listings/grand-floridian/gf23288/,Grand Floridian Villas,50,August,9300,186.0,8.31,2064,Available,0,13.857
2026-08-18,DVC Resale Market,BWA3388,https://www.dvcresalemarket.com/listings/boardwalk/bwa3388/,BoardWalk Villas,50,February,8250,165.0,9.67,2042,Sale Pending,-34,22.314
2026-08-18,DVC Resale Market,HH31772,https://www.dvcresalemarket.com/listings/hilton-head/hh31772/,Hilton Head Island,55,June,4125,75.0,12.86,2042,Sale Pending,0,18.927
2026-08-18,DVC Resale Market,BWA3387,https://www.dvcresalemarket.com/listings/boardwalk/bwa3387/,BoardWalk Villas,440,March,57200,130.0,9.67,2042,Available,0,18.07
2026-08-18,DVC Resale Market,SSE8476,https://www.dvcresalemarket.com/listings/saratoga-springs/sse8476/,Saratoga Springs,175,December,19950,114.0,9.19,2054,Available,175,12.868
2026-08-18,DVC Resale Market,SS98400,https://www.dvcresalemarket.com/listings/saratoga-springs/ss98400/,Saratoga Springs,200,September,21400,107.0,9.19,2054,Sale Pending,119,12.861
2026-08-18,DVC Resale Market,BW23360,https://www.dvcresalemarket.com/listings/boardwalk/bw23360/,BoardWalk Villas,350,June,41650,119.0,9.67,2042,Sale Pending,0,17.416
2026-08-18,DVC Resale Market,GF63279,https://www.dvcresalemarket.com/listings/grand-floridian/gf63279/,Grand Floridian Villas,250,December,41500,166.0,8.31,2064,Sale Pending,10,12.84
2026-08-18,DVC Resale Market,AKC6372,https://www.dvcresalemarket.com/listings/animal-kingdom-lodge/akc6372/,Animal Kingdom Villas,250,August,27750,111.0,10.16,2057,Available,0,13.935
2026-08-18,DVC Resale Market,SSB7974,https://www.dvcresalemarket.com/listings/saratoga-springs/ssb7974/,Saratoga Springs,100,December,12600,126.0,9.19,2054,Sale Pending,92,13.533
2026-08-18,DVC Resale Market,GCF1838,https://www.dvcresalemarket.com/listings/grand-californian/gcf1838/,Grand Californian Villas,160,August,42720,267.0,9.52,2060,Available,148,17.08
2026-08-18,DVC Resale Market,BWB3350,https://www.dvcresalemarket.com/listings/boardwalk/bwb3350/,BoardWalk Villas,150,March,18000,120.0,9.67,2042,Available,-298,20.108
2026-08-18,DVC Resale Market,BC22516,https://www.dvcresalemarket.com/listings/beach-club/bc22516/,Beach Club Villas,200,December,27200,136.0,9.81,2042,Available,-200,19.969
2026-08-18,DVC Resale Market,BC22514,https://www.dvcresalemarket.com/listings/beach-club/bc22514/,Beach Club Villas,240,December,32400,135.0,9.81,2042,Available,-240,19.857
2026-08-18,DVC Resale Market,GCB1829,https://www.dvcresalemarket.com/listings/grand-californian/gcb1829/,Grand Californian Villas,160,August,39840,249.0,9.52,2060,Available,-155,17.608
2026-08-18,DVC Resale Market,GC61830,https://www.dvcresalemarket.com/listings/grand-californian/gc61830/,Grand Californian Villas,400,August,100000,250.0,9.52,2060,Available,176,16.721
2026-08-18,DVC Resale Market,AK76261,https://www.dvcresalemarket.com/listings/animal-kingdom-lodge/ak76261/,Animal Kingdom Villas,480,October,50400,105.0,10.16,2057,Sale Pending,-356,14.124
2026-08-18,DVC Resale Market,SS38477,https://www.dvcresalemarket.com/listings/saratoga-springs/ss38477/,Saratoga Springs,130,December,14300,110.0,9.19,2054,Sale Pending,-130,14.165
2026-08-18,DVC Resale Market,AUC3459,https://www.dvcresalemarket.com/listings/aulani/auc3459/,Aulani,100,September,9700,97.0,10.96,2062,Offer Accepted,0,14.093
2026-08-18,DVC Resale Market,SSB8374,https://www.dvcresalemarket.com/listings/saratoga-springs/ssb8374/,Saratoga Springs,275,April,27500,100.0,9.19,2054,Available,-548,14.31
2026-08-18,DVC Resale Market,BLA3724,https://www.dvcresalemarket.com/listings/bay-lake-tower/bla3724/,Bay Lake Tower,50,February,7500,150.0,8.74,2060,Available,-99,14.964
2026-08-18,DVC Resale Market,SS27980,https://www.dvcresalemarket.com/listings/saratoga-springs/ss27980/,Saratoga Springs,30,December,3660,122.0,9.19,2054,Sale Pending,-19,15.309
2026-08-18,DVC Resale Market,BLB3683,https://www.dvcresalemarket.com/listings/bay-lake-tower/blb3683/,Bay Lake Tower,25,February,3875,155.0,8.74,2060,Sale Pending,-25,15.174
2026-08-18,DVC Resale Market,BLF3709,https://www.dvcresalemarket.com/listings/bay-lake-tower/blf3709/,Bay Lake Tower,200,February,29400,147.0,8.74,2060,Sale Pending,0,13.291
2026-08-18,DVC Resale Market,AUC3489,https://www.dvcresalemarket.com/listings/aulani/auc3489/,Aulani,220,October,20680,94.0,10.96,2062,Available,-140,14.106
2026-08-18,DVC Resale Market,RR82305,https://www.dvcresalemarket.com/listings/rivieraresort/rr82305/,Riviera Resort,405,June,47385,117.0,9.46,2070,Available,-810,13.083
2026-08-18,DVC Resale Market,AKE6341,https://www.dvcresalemarket.com/listings/animal-kingdom-lodge/ake6341/,Animal Kingdom Villas,270,June,28350,105.0,10.16,2057,Sale Pending,-229,14.25
2026-08-18,DVC Resale Market,AU83483,https://www.dvcresalemarket.com/listings/aulani/au83483/,Aulani,330,March,29700,90.0,10.96,2062,Available,-286,14.05
2026-08-18,DVC Resale Market,AU83488,https://www.dvcresalemarket.com/listings/aulani/au83488/,Aulani,400,March,35200,88.0,10.96,2062,Available,-400,14.042
2026-08-18,DVC Resale Market,OK74961,https://www.dvcresalemarket.com/listings/old-key-west/ok74961/,Old Key West,210,August,19740,94.0,11.21,2042,Available,0,17.501
2026-08-18,DVC Resale Market,DHB1121,https://www.dvcresalemarket.com/listings/disneyland-hotel/dhb1121/,Villas at Disneyland Hotel,150,August,23250,155.0,10.54,2073,Available,-18,14.056
2026-08-18,DVC Resale Market,BL93712,https://www.dvcresalemarket.com/listings/bay-lake-tower/bl93712/,Bay Lake Tower,320,February,47040,147.0,8.74,2060,Sale Pending,-90,13.385
2026-08-18,DVC Resale Market,OKA2366,https://www.dvcresalemarket.com/listings/old-key-west/oka2366/,Old Key West,150,June,15000,100.0,11.21,2042,Available,-95,18.774
2026-08-18,DVC Resale Market,SSB8474,https://www.dvcresalemarket.com/listings/saratoga-springs/ssb8474/,Saratoga Springs,125,August,13500,108.0,9.19,2054,Sale Pending,-5,13.454
2026-08-18,DVC Resale Market,GFF3285,https://www.dvcresalemarket.com/listings/grand-floridian/gff3285/,Grand Floridian Villas,200,October,31800,159.0,8.31,2064,Sale Pending,-394,13.69
2026-08-18,DVC Resale Market,AKA6373,https://www.dvcresalemarket.com/listings/animal-kingdom-lodge/aka6373/,Animal Kingdom Villas,150,August,17250,115.0,10.16,2057,Available,-299,15.388
2026-08-18,DVC Resale Market,BLB3692,https://www.dvcresalemarket.com/listings/bay-lake-tower/blb3692/,Bay Lake Tower,200,September,26800,134.0,8.74,2060,Sale Pending,44,12.777
2026-08-18,DVC Resale Market,AU63364,https://www.dvcresalemarket.com/listings/aulani/au63364/,Aulani,300,August,33000,110.0,10.96,2062,Available,200,13.81
2026-08-18,DVC Resale Market,HHB1798,https://www.dvcresalemarket.com/listings/hilton-head/hhb1798/,Hilton Head Island,200,August,15000,75.0,12.86,2042,Available,-172,18.96
2026-08-18,DVC Resale Market,OK24952,https://www.dvcresalemarket.com/listings/old-key-west/ok24952/,Old Key West,50,March,5500,110.0,11.21,2042,Sale Pending,-48,20.674
2026-08-18,DVC Resale Market,GFB3284,https://www.dvcresalemarket.com/listings/grand-floridian/gfb3284/,Grand Floridian Villas,200,December,33000,165.0,8.31,2064,Sale Pending,-114,13.153
2026-08-18,DVC Resale Market,CCB2961,https://www.dvcresalemarket.com/listings/copper-creek/ccb2961/,Copper Creek Villas,75,August,11700,156.0,9.02,2068,Sale Pending,0,13.143
2026-08-18,DVC Resale Market,BLA3699,https://www.dvcresalemarket.com/listings/bay-lake-tower/bla3699/,Bay Lake Tower,25,April,4150,166.0,8.74,2060,Sale Pending,0,14.962
2026-08-18,DVC Resale Market,BC82543,https://www.dvcresalemarket.com/listings/beach-club/bc82543/,Beach Club Villas,250,February,33750,135.0,9.81,2042,Available,-500,21.032
2026-08-18,DVC Resale Market,BCA2547,https://www.dvcresalemarket.com/listings/beach-club/bca2547/,Beach Club Villas,220,March,31240,142.0,9.81,2042,Available,-283,20.667
2026-08-18,DVC Resale Market,OK94949,https://www.dvcresalemarket.com/listings/old-key-west/ok94949/,Old Key West,270,June,28350,105.0,11.21,2057,Available,-540,16.006
2026-08-18,DVC Resale Market,PLE4579,https://www.dvcresalemarket.com/listings/polynesian/ple4579/,Polynesian Villas,100,April,17500,175.0,8.33,2066,Available,-106,13.553
2026-08-18,DVC Resale Market,BCE2542,https://www.dvcresalemarket.com/listings/beach-club/bce2542/,Beach Club Villas,130,March,21190,163.0,9.81,2042,Available,0,20.68
2026-08-18,DVC Resale Market,GCF1753,https://www.dvcresalemarket.com/listings/grand-californian/gcf1753/,Grand Californian Villas,100,August,26500,265.0,9.52,2060,Available,0,17.667
2026-08-18,DVC Resale Market,GCB1828,https://www.dvcresalemarket.com/listings/grand-californian/gcb1828/,Grand Californian Villas,160,August,42080,263.0,9.52,2060,Available,96,17.144
2026-08-18,DVC Resale Market,GCE1846,https://www.dvcresalemarket.com/listings/grand-californian/gce1846/,Grand Californian Villas,200,June,49800,249.0,9.52,2060,Available,-262,17.756
2026-08-18,DVC Resale Market,GC21810,https://www.dvcresalemarket.com/listings/grand-californian/gc21810/,Grand Californian Villas,130,August,33020,254.0,9.52,2060,Available,-44,17.453
2026-08-18,DVC Resale Market,AUB3414,https://www.dvcresalemarket.com/listings/aulani/aub3414/,Aulani,100,August,11000,110.0,10.96,2062,Available,0,14.454
2026-08-18,DVC Resale Market,AUB3357,https://www.dvcresalemarket.com/listings/aulani/aub3357/,Aulani,100,August,11000,110.0,10.96,2062,Available,0,14.454
2026-08-18,DVC Resale Market,AK76303,https://www.dvcresalemarket.com/listings/animal-kingdom-lodge/ak76303/,Animal Kingdom Villas,160,October,18880,118.0,10.16,2057,Available,6,14.224
2026-08-18,DVC Resale Market,RRB2302,https://www.dvcresalemarket.com/listings/rivieraresort/rrb2302/,Riviera Resort,500,August,52000,104.0,9.46,2070,Available,-448,12.295
2026-08-18,DVC Resale Market,HH61788,https://www.dvcresalemarket.com/listings/hilton-head/hh61788/,Hilton Head Island,300,October,21000,70.0,12.86,2042,Available,8,17.469
2026-08-18,DVC Resale Market,AK26368,https://www.dvcresalemarket.com/listings/animal-kingdom-lodge/ak26368/,Animal Kingdom Villas,160,December,17440,109.0,10.16,2057,Available,-160,14.567
2026-08-18,DVC Resale Market,VBC2592,https://www.dvcresalemarket.com/listings/vero-beach/vbc2592/,Vero Beach,200,August,12000,60.0,14.89,2042,Available,-200,20.237
2026-08-18,DVC Resale Market,SSB7783,https://www.dvcresalemarket.com/listings/saratoga-springs/ssb7783/,Saratoga Springs,200,December,20800,104.0,9.19,2054,Available,-160,13.699
2026-08-18,DVC Resale Market,GC91848,https://www.dvcresalemarket.com/listings/grand-californian/gc91848/,Grand Californian Villas,160,June,40640,254.0,9.52,2060,Available,-160,17.773
2026-08-18,DVC Resale Market,PLA4506,https://www.dvcresalemarket.com/listings/polynesian/pla4506/,Polynesian Villas,75,December,13575,181.0,8.33,2066,Available,11,13.228
2026-08-18,DVC Resale Market,AU83462,https://www.dvcresalemarket.com/listings/aulani/au83462/,Aulani,330,April,37950,115.0,10.96,2062,Available,0,14.287
2026-08-18,DVC Resale Market,SSB8363,https://www.dvcresalemarket.com/listings/saratoga-springs/ssb8363/,Saratoga Springs,250,December,25750,103.0,9.19,2054,Available,-248,13.752
2026-08-18,DVC Resale Market,BCB2411,https://www.dvcresalemarket.com/listings/beach-club/bcb2411/,Beach Club Villas,250,March,34750,139.0,9.81,2042,Available,-223,19.971
2026-08-18,DVC Resale Market,HHA1797,https://www.dvcresalemarket.com/listings/hilton-head/hha1797/,Hilton Head Island,165,October,11880,72.0,12.86,2042,Available,-82,18.418
2026-08-18,DVC Resale Market,VBA2588,https://www.dvcresalemarket.com/listings/vero-beach/vba2588/,Vero Beach,135,October,8775,65.0,14.89,2042,Available,0,19.517
2026-08-18,DVC Resale Market,BCE2536,https://www.dvcresalemarket.com/listings/beach-club/bce2536/,Beach Club Villas,100,February,15500,155.0,9.81,2042,Available,-92,21.433
2026-08-18,DVC Resale Market,AU33476,https://www.dvcresalemarket.com/listings/aulani/au33476/,Aulani,500,September,51500,103.0,10.96,2062,Available,0,13.909
2026-08-18,DVC Resale Market,AU33474,https://www.dvcresalemarket.com/listings/aulani/au33474/,Aulani,500,September,51500,103.0,10.96,2062,Available,0,13.909
2026-08-18,DVC Resale Market,BWB3376,https://www.dvcresalemarket.com/listings/boardwalk/bwb3376/,BoardWalk Villas,400,October,46800,117.0,9.67,2042,Available,-156,17.724
2026-08-18,DVC Resale Market,VB82581,https://www.dvcresalemarket.com/listings/vero-beach/vb82581/,Vero Beach,230,June,13800,60.0,14.89,2042,Available,-230,20.189
2026-08-18,DVC Resale Market,BLC3707,https://www.dvcresalemarket.com/listings/bay-lake-tower/blc3707/,Bay Lake Tower,50,February,7750,155.0,8.74,2060,Available,-50,14.563
2026-08-18,DVC Resale Market,SSC8447,https://www.dvcresalemarket.com/listings/saratoga-springs/ssc8447/,Saratoga Springs,160,September,17600,110.0,9.19,2054,Available,-119,13.931
2026-08-18,DVC Resale Market,VBA2586,https://www.dvcresalemarket.com/listings/vero-beach/vba2586/,Vero Beach,250,March,15500,62.0,14.89,2042,Available,0,19.102
2026-08-18,DVC Resale Market,BCC2339,https://www.dvcresalemarket.com/listings/beach-club/bcc2339/,Beach Club Villas,150,February,21600,144.0,9.81,2042,Available,-171,20.755
2026-08-18,DVC Resale Market,SSB8443,https://www.dvcresalemarket.com/listings/saratoga-springs/ssb8443/,Saratoga Springs,210,February,21000,100.0,9.19,2054,Available,-418,14.353
2026-08-18,DVC Resale Market,VB92584,https://www.dvcresalemarket.com/listings/vero-beach/vb92584/,Vero Beach,80,June,4960,62.0,14.89,2042,Available,-70,20.694
2026-08-18,DVC Resale Market,SS28339,https://www.dvcresalemarket.com/listings/saratoga-springs/ss28339/,Saratoga Springs,200,December,19200,96.0,9.19,2054,Available,-200,13.547
2026-08-18,DVC Resale Market,SS38409,https://www.dvcresalemarket.com/listings/saratoga-springs/ss38409/,Saratoga Springs,200,February,21000,105.0,9.19,2054,Available,-49,13.36
2026-08-18,DVC Resale Market,HHF1781,https://www.dvcresalemarket.com/listings/hilton-head/hhf1781/,Hilton Head Island,75,December,5925,79.0,12.86,2042,Available,1,18.793
2026-08-18,DVC Resale Market,GC21825,https://www.dvcresalemarket.com/listings/grand-californian/gc21825/,Grand Californian Villas,250,June,60750,243.0,9.52,2060,Available,-471,17.865
2026-08-18,DVC Resale Market,GC21768,https://www.dvcresalemarket.com/listings/grand-californian/gc21768/,Grand Californian Villas,210,October,52080,248.0,9.52,2060,Available,-210,17.545
2026-08-18,DVC Resale Market,DHB1101,https://www.dvcresalemarket.com/listings/disneyland-hotel/dhb1101/,Villas at Disneyland Hotel,150,September,23100,154.0,10.54,2073,Available,-150,14.391
2026-08-18,DVC Resale Market,CCE2931,https://www.dvcresalemarket.com/listings/copper-creek/cce2931/,Copper Creek Villas,75,October,11175,149.0,9.02,2068,Available,-75,13.429
2026-08-18,DVC Resale Market,CCE2941,https://www.dvcresalemarket.com/listings/copper-creek/cce2941/,Copper Creek Villas,75,October,11175,149.0,9.02,2068,Available,-75,13.429
2026-08-18,DVC Resale Market,BL53482,https://www.dvcresalemarket.com/listings/bay-lake-tower/bl53482/,Bay Lake Tower,160,December,23200,145.0,8.74,2060,Available,-140,13.758
2026-08-18,DVC Resale Market,AUE3424,https://www.dvcresalemarket.com/listings/aulani/aue3424/,Aulani,50,February,5350,107.0,10.96,2062,Available,-50,15.338
2026-08-18,DVC Resale Market,AU23455,https://www.dvcresalemarket.com/listings/aulani/au23455/,Aulani,100,June,10400,104.0,10.96,2062,Available,-200,15.343
2026-08-18,The DVC Store,AR150-12-0213,https://www.dvcstore.com/resort/aulani/ar150-12-0213/,Aulani,150,December,15750,105.0,10.9572,2062,Available,0,14.166
2026-08-18,The DVC Store,AK140-12-0225,https://www.dvcstore.com/resort/animal-kingdom/ak140-12-0225/,Animal Kingdom Villas,140,December,15400,110.0,10.1608,2057,Sold,0,13.969
2026-08-18,The DVC Store,AK200-10-0112-1,https://www.dvcstore.com/resort/animal-kingdom/ak200-10-0112-1/,Animal Kingdom Villas,200,October,20000,100.0,10.1608,2057,Sold,0,13.578
2026-08-18,The DVC Store,AK200-12-1018,https://www.dvcstore.com/resort/animal-kingdom/ak200-12-1018/,Animal Kingdom Villas,200,December,20600,103.0,10.1608,2057,Sold,4,13.664
2026-08-18,The DVC Store,AK200-12-1102,https://www.dvcstore.com/resort/animal-kingdom/ak200-12-1102/,Animal Kingdom Villas,200,December,22400,112.0,10.1608,2057,Sold,0,13.968
2026-08-18,The DVC Store,BLT160-02-1208,https://www.dvcstore.com/resort/bay-lake-tower/blt160-02-1208/,Bay Lake Tower,160,February,20000,125.0,8.7415,2060,Sold,0,12.636
2026-08-18,The DVC Store,BLT210-02-1112-1,https://www.dvcstore.com/resort/bay-lake-tower/blt210-02-1112-1/,Bay Lake Tower,210,February,28980,138.0,8.7415,2060,Sold,202,12.441
2026-08-18,The DVC Store,BW150-09-1213,https://www.dvcstore.com/resort/boardwalk-villas/bw150-09-1213/,BoardWalk Villas,150,September,17250,115.0,9.7617,2042,Sold,67,16.9
2026-08-18,The DVC Store,GCAL200-06-1210,https://www.dvcstore.com/resort/grand-californian/gcal200-06-1210/,Grand Californian Villas,200,June,49000,245.0,9.5203,2060,Sold,0,16.904
2026-08-18,The DVC Store,GF080-04-1012,https://www.dvcstore.com/resort/grand-floridian/gf080-04-1012/,Grand Floridian Villas,80,April,13200,165.0,8.3142,2064,Sold,0,13.012
2026-08-18,The DVC Store,GF276-08-0317,https://www.dvcstore.com/resort/grand-floridian/gf276-08-0317/,Grand Floridian Villas,276,August,41124,149.0,8.3142,2064,Sold,-552,13.373
2026-08-18,The DVC Store,GF100-04-0428,https://www.dvcstore.com/resort/grand-floridian/gf100-04-0428/,Grand Floridian Villas,100,April,15800,158.0,8.3142,2064,Sold,0,12.771
2026-08-18,The DVC Store,HH200-09-0918,https://www.dvcstore.com/resort/hilton-head/hh200-09-0918/,Hilton Head Island,200,September,10000,50.0,12.8621,2042,Sold,0,16.373
2026-08-18,The DVC Store,HH210-12-1113,https://www.dvcstore.com/resort/hilton-head/hh210-12-1113/,Hilton Head Island,210,December,12600,60.0,12.8621,2042,Sold,0,16.983
2026-08-18,The DVC Store,OKW100-02-0123,https://www.dvcstore.com/resort/old-key-west/okw100-02-0123/,Old Key West,100,February,8600,86.0,11.2054,2042,Sold,0,17.219
2026-08-18,The DVC Store,OKW150-06-1208,https://www.dvcstore.com/resort/old-key-west/okw150-06-1208/,Old Key West,150,June,12300,82.0,11.2054,2042,Sold,-14,16.889
2026-08-18,The DVC Store,OKW2057230-04-1209,https://www.dvcstore.com/resort/old-key-west-2057/okw2057230-04-1209/,Old Key West (2057),230,April,20470,89.0,11.2054,2057,Sold,-230,14.855
2026-08-18,The DVC Store,OKW210-04-1110,https://www.dvcstore.com/resort/old-key-west/okw210-04-1110/,Old Key West,210,April,17640,84.0,11.2054,2042,Sold,420,14.422
2026-08-18,The DVC Store,OKW230-04-1124,https://www.dvcstore.com/resort/old-key-west/okw230-04-1124/,Old Key West,230,April,16790,73.0,11.2054,2042,Sold,44,15.85
2026-08-18,The DVC Store,RV300-08-0819,https://www.dvcstore.com/resort/riviera/rv300-08-0819/,Riviera Resort,300,August,33000,110.0,9.4553,2070,Sold,0,12.056
2026-08-18,The DVC Store,SS160-06-1215,https://www.dvcstore.com/resort/saratoga-springs/ss160-06-1215/,Saratoga Springs,160,June,15360,96.0,9.1877,2054,Sold,102,12.436
2026-08-18,The DVC Store,SS150-09-1126,https://www.dvcstore.com/resort/saratoga-springs/ss150-09-1126/,Saratoga Springs,150,September,15000,100.0,9.1877,2054,Sold,0,13.028
2026-08-18,The DVC Store,SS180-09-1013,https://www.dvcstore.com/resort/saratoga-springs/ss180-09-1013/,Saratoga Springs,180,September,17280,96.0,9.1877,2054,Sold,2,12.835
2026-08-18,The DVC Store,SS500-02-1021,https://www.dvcstore.com/resort/saratoga-springs/ss500-02-1021/,Saratoga Springs,500,February,44000,88.0,9.1877,2054,Sold,0,12.436
2026-08-18,The DVC Store,VB150-02-1031,https://www.dvcstore.com/resort/vero-beach/vb150-02-1031/,Vero Beach,150,February,6900,46.0,14.8939,2042,Sold,30,17.953
2026-08-18,The DVC Store,VB150-02-1209,https://www.dvcstore.com/resort/vero-beach/vb150-02-1209/,Vero Beach,150,February,6450,43.0,14.8939,2042,Sold,16,17.874
2026-08-18,The DVC Store,VB210-03-0708-1,https://www.dvcstore.com/resort/vero-beach/vb210-03-0708-1/,Vero Beach,210,March,9450,45.0,14.8939,2042,Sold,0,18.011
2026-08-18,The DVC Store,VB210-12-1216,https://www.dvcstore.com/resort/vero-beach/vb210-12-1216/,Vero Beach,210,December,7980,38.0,14.8939,2042,Sold,0,17.572
2026-08-18,The DVC Store,VB225-08-1112-1,https://www.dvcstore.com/resort/vero-beach/vb225-08-1112-1/,Vero Beach,225,August,9000,40.0,14.8939,2042,Sold,0,17.678
2026-08-18,The DVC Store,VB250-12-0511,https://www.dvcstore.com/resort/vero-beach/vb250-12-0511/,Vero Beach,250,December,11250,45.0,14.8939,2042,Sold,0,17.974
2026-08-18,The DVC Store,WLCC175-06-1212,https://www.dvcstore.com/resort/copper-creek/wlcc175-06-1212/,Copper Creek Villas,175,June,23625,135.0,9.0,2068,Sold,18,12.402
2026-08-18,The DVC Store,SS160-12-1028-1,https://www.dvcstore.com/resort/saratoga-springs/ss160-12-1028-1/,Saratoga Springs,160,December,15680,98.0,9.1877,2054,Sold,0,12.941
2026-08-18,The DVC Store,VB100-09-0127,https://www.dvcstore.com/resort/vero-beach/vb100-09-0127/,Vero Beach,100,September,4500,45.0,14.8939,2042,Sale Pending,0,18.332
2026-08-18,The DVC Store,SS250-12-0127,https://www.dvcstore.com/resort/saratoga-springs/ss250-12-0127/,Saratoga Springs,250,December,24000,96.0,9.1877,2054,Sale Pending,0,12.791
2026-08-18,The DVC Store,AK167-06-0127,https://www.dvcstore.com/resort/animal-kingdom/ak167-06-0127/,Animal Kingdom Villas,167,June,15030,90.0,10.1608,2057,Sold,0,13.282
2026-08-18,The DVC Store,BLT160-06-0215-1,https://www.dvcstore.com/resort/bay-lake-tower/blt160-02-0215-1/,Bay Lake Tower,160,June,20960,131.0,8.7415,2060,Sold,48,12.646
2026-08-18,The DVC Store,OKW270-12-1118-1,https://www.dvcstore.com/resort/old-key-west/okw270-12-1118-1/,Old Key West,270,December,20250,75.0,11.2054,2042,Sale Pending,139,15.556
2026-08-18,The DVC Store,VDH150-02-0418,https://www.dvcstore.com/resort/disneyland-hotel/vdh150-02-0418/,Villas at Disneyland Hotel,150,February,22500,150.0,10.5354,2074,Available,-286,14.588
2026-08-18,The DVC Store,SS160-09-0421,https://www.dvcstore.com/resort/saratoga-springs/ss160-09-0421/,Saratoga Springs,160,September,15520,97.0,9.1877,2054,Sold,6,12.879
2026-08-18,The DVC Store,OKW269-09-0107,https://www.dvcstore.com/resort/old-key-west/okw269-09-0107/,Old Key West,269,September,20175,75.0,11.2054,2042,Sold,10,16.124
2026-08-18,The DVC Store,OKW150-02-0409,https://www.dvcstore.com/resort/old-key-west/okw150-02-0409/,Old Key West,150,February,12300,82.0,11.2054,2042,Sold,0,16.778
2026-08-18,The DVC Store,BW150-10-0423,https://www.dvcstore.com/resort/boardwalk-villas/bw150-10-0423/,BoardWalk Villas,150,October,17850,119.0,9.7617,2042,Sold,84,17.012
2026-08-18,The DVC Store,BC250-03-0429,https://www.dvcstore.com/resort/beach-club-villas/bc250-03-0429/,Beach Club Villas,250,March,33750,135.0,9.8113,2042,Sold,0,18.583
2026-08-18,The DVC Store,OKW270-10-0416,https://www.dvcstore.com/resort/old-key-west/okw270-10-0416/,Old Key West,270,October,20250,75.0,11.2054,2042,Sold,-380,17.839
2026-08-18,The DVC Store,BW270-02-0225,https://www.dvcstore.com/resort/boardwalk-villas/bw270-02-0225/,BoardWalk Villas,270,February,30240,112.0,9.7617,2042,Sold,0,17.063
2026-08-18,The DVC Store,OKW150-02-0317,https://www.dvcstore.com/resort/old-key-west/okw150-02-0317/,Old Key West,150,February,12600,84.0,11.2054,2042,Sold,0,16.664
2026-08-18,The DVC Store,SS160-12-0518,https://www.dvcstore.com/resort/saratoga-springs/ss160-12-0518-2/,Saratoga Springs,160,December,14400,90.0,9.1877,2054,Available,-160,13.323
2026-08-18,The DVC Store,SS200-12-0518,https://www.dvcstore.com/resort/saratoga-springs/ss200-12-0518/,Saratoga Springs,200,December,18200,91.0,9.1877,2054,Available,-200,13.321
2026-08-18,The DVC Store,AK050-08-0521,https://www.dvcstore.com/resort/animal-kingdom/ak050-08-0521/,Animal Kingdom Villas,50,August,6000,120.0,10.1608,2057,Sale Pending,100,13.455
2026-08-18,The DVC Store,BW200-02-0428,https://www.dvcstore.com/resort/boardwalk-villas/bw200-02-0428/,BoardWalk Villas,200,February,25000,125.0,9.7617,2042,Sold,0,17.965
2026-08-18,The DVC Store,SS150-02-0520,https://www.dvcstore.com/resort/saratoga-springs/ss150-02-0520/,Saratoga Springs,150,February,14400,96.0,9.1877,2054,Sold,0,12.885
2026-08-18,The DVC Store,AR025-03-0526,https://www.dvcstore.com/resort/aulani/ar025-03-0526/,Aulani,25,March,2875,115.0,10.9572,2062,Available,0,15.707
2026-08-18,The DVC Store,AR220-03-0526,https://www.dvcstore.com/resort/aulani/ar220-03-0526/,Aulani,220,March,23100,105.0,10.9572,2062,Available,0,14.051
2026-08-18,The DVC Store,BC250-03-0403,https://www.dvcstore.com/resort/beach-club-villas/bc250-03-0403/,Beach Club Villas,250,March,34750,139.0,9.8113,2042,Available,54,18.579
2026-08-18,The DVC Store,AK210-12-0518,https://www.dvcstore.com/resort/animal-kingdom/ak210-12-0518/,Animal Kingdom Villas,210,December,19740,94.0,10.1608,2057,Sale Pending,-210,13.988
2026-08-18,The DVC Store,AR200-04-0409,https://www.dvcstore.com/resort/aulani/ar200-04-0409/,Aulani,200,April,19600,98.0,10.9572,2062,Sale Pending,0,13.874
2026-08-18,The DVC Store,BW050-10-0602,https://www.dvcstore.com/resort/boardwalk-villas/bw050-10-0602/,BoardWalk Villas,50,October,6500,130.0,9.7617,2042,Sale Pending,12,18.867
2026-08-18,The DVC Store,GF075-10-0602,https://www.dvcstore.com/resort/grand-floridian/gf075-10-0602/,Grand Floridian Villas,75,October,13350,178.0,8.3142,2064,Sale Pending,-10,13.444
2026-08-18,The DVC Store,AK100-06-0602,https://www.dvcstore.com/resort/animal-kingdom/ak100-06-0602/,Animal Kingdom Villas,100,June,10900,109.0,10.1608,2057,Sale Pending,0,14.022
2026-08-18,The DVC Store,BLT100-10-0602,https://www.dvcstore.com/resort/bay-lake-tower/blt100-10-0602/,Bay Lake Tower,100,October,13800,138.0,8.7415,2060,Sale Pending,-32,13.299
2026-08-18,The DVC Store,SS075-06-0423,https://www.dvcstore.com/resort/saratoga-springs/ss075-06-0423/,Saratoga Springs,75,June,8025,107.0,9.1877,2054,Sale Pending,-75,14.172
2026-08-18,The DVC Store,PV200-10-0408-1,https://www.dvcstore.com/resort/polynesian-villas-and-bungalows/pv200-10-0408-1/,Polynesian Villas,200,October,32000,160.0,8.3334,2066,Sold,-400,13.448
2026-08-18,The DVC Store,BC270-02-0519,https://www.dvcstore.com/resort/beach-club-villas/bc270-02-0519/,Beach Club Villas,270,February,33750,125.0,9.8113,2042,Sold,-540,20.309
2026-08-18,The DVC Store,SS160-12-0505,https://www.dvcstore.com/resort/saratoga-springs/ss160-12-0505/,Saratoga Springs,160,December,15200,95.0,9.1877,2054,Sale Pending,-306,14.13
2026-08-18,The DVC Store,AR120-12-0331,https://www.dvcstore.com/resort/aulani/ar120-12-0331/,Aulani,120,December,11880,99.0,10.9572,2062,Available,-14,14.093
2026-08-18,The DVC Store,HH060-03-0518,https://www.dvcstore.com/resort/hilton-head/hh060-03-0518/,Hilton Head Island,60,March,4800,80.0,12.8621,2042,Sold,0,19.13
2026-08-18,The DVC Store,GCAL060-06-0602,https://www.dvcstore.com/resort/grand-californian/gcal060-06-0602/,Grand Californian Villas,60,June,15120,252.0,9.5203,2060,Sale Pending,0,17.512
2026-08-18,The DVC Store,OKW050-08-0624,https://www.dvcstore.com/resort/old-key-west/okw050-08-0624/,Old Key West,50,August,4500,90.0,11.2054,2042,Sold,-76,19.887
2026-08-18,The DVC Store,AR100-02-0602,https://www.dvcstore.com/resort/aulani/ar100-02-0602/,Aulani,100,February,9700,97.0,10.9572,2062,Available,0,14.041
2026-08-18,The DVC Store,VB100-03-0707,https://www.dvcstore.com/resort/vero-beach/vb100-03-0707/,Vero Beach,100,March,7400,74.0,14.8939,2042,Available,0,20.155
2026-08-18,The DVC Store,SS075-06-0707,https://www.dvcstore.com/resort/saratoga-springs/ss075-06-0707/,Saratoga Springs,75,June,8025,107.0,9.1877,2054,Sold,0,13.493
2026-08-18,The DVC Store,SS200-12-0505,https://www.dvcstore.com/resort/saratoga-springs/ss200-12-0505-2/,Saratoga Springs,200,December,19000,95.0,9.1877,2054,Sale Pending,-400,14.144
2026-08-18,The DVC Store,WLCC250-10-0527,https://www.dvcstore.com/resort/copper-creek/wlcc250-10-0527/,Copper Creek Villas,250,October,38750,155.0,9.0,2068,Available,-500,13.727
2026-08-18,The DVC Store,OKW300-12-0518,https://www.dvcstore.com/resort/old-key-west/okw300-12-0518/,Old Key West,300,December,20700,69.0,11.2054,2042,Available,-600,18.142
2026-08-18,The DVC Store,RV175-12-0617,https://www.dvcstore.com/resort/riviera/rv175-12-0617/,Riviera Resort,175,December,24500,140.0,9.4553,2070,Available,350,11.934
2026-08-18,The DVC Store,HH080-02-0707,https://www.dvcstore.com/resort/hilton-head/hh080-02-0707/,Hilton Head Island,80,February,7600,95.0,12.8621,2042,Sold,0,19.759
2026-08-18,The DVC Store,OKW100-02-0722,https://www.dvcstore.com/resort/old-key-west/okw100-02-0722/,Old Key West,100,February,9000,90.0,11.2054,2042,Available,10,17.35
2026-08-18,The DVC Store,SS150-12-0713,https://www.dvcstore.com/resort/saratoga-springs/ss150-12-0713/,Saratoga Springs,150,December,14400,96.0,9.1877,2054,Sold,0,12.875
2026-08-18,The DVC Store,GF050-08-0720,https://www.dvcstore.com/resort/grand-floridian/gf050-08-0720/,Grand Floridian Villas,50,August,9000,180.0,8.3142,2064,Sold,100,12.589
2026-08-18,The DVC Store,BC350-02-1021,https://www.dvcstore.com/resort/beach-club-villas/bc350-02-1021/,Beach Club Villas,350,February,43050,123.0,9.8113,2042,Sold,0,17.761
2026-08-18,The DVC Store,VDH300-06-0727,https://www.dvcstore.com/resort/disneyland-hotel/vdh300-06-0727/,Villas at Disneyland Hotel,300,June,49500,165.0,10.5354,2074,Available,0,14.058
2026-08-18,The DVC Store,OKW2057050-10-0621,https://www.dvcstore.com/resort/old-key-west-2057/okw2057050-10-0621/,Old Key West (2057),50,October,5650,113.0,11.2054,2057,Sold,-84,16.529
2026-08-18,The DVC Store,PV050-08-0724,https://www.dvcstore.com/resort/polynesian-villas-and-bungalows/pv050-08-0724/,Polynesian Villas,50,August,9000,180.0,8.3334,2066,Sold,-50,13.819
2026-08-18,The DVC Store,OKW2057125-02-0727,https://www.dvcstore.com/resort/old-key-west-2057/okw2057125-02-0727/,Old Key West (2057),125,February,14375,115.0,11.2054,2057,Available,0,15.195
2026-08-18,The DVC Store,BLT160-12-0726,https://www.dvcstore.com/resort/bay-lake-tower/blt160-12-0726/,Bay Lake Tower,160,December,21920,137.0,8.7415,2060,Sold,320,11.875
2026-08-18,The DVC Store,AK100-06-0727,https://www.dvcstore.com/resort/animal-kingdom/ak100-06-0727/,Animal Kingdom Villas,100,June,11000,110.0,10.1608,2057,Sale Pending,0,14.054
2026-08-18,The DVC Store,BLT100-08-0728,https://www.dvcstore.com/resort/bay-lake-tower/blt100-08-0728/,Bay Lake Tower,100,August,14500,145.0,8.7415,2060,Available,0,13.326
2026-08-18,The DVC Store,BLT075-08-0728,https://www.dvcstore.com/resort/bay-lake-tower/blt075-08-0728/,Bay Lake Tower,75,August,10875,145.0,8.7415,2060,Available,0,13.426
2026-08-18,The DVC Store,BLT100-08-0728-1,https://www.dvcstore.com/resort/bay-lake-tower/blt100-08-0728-1/,Bay Lake Tower,100,August,14300,143.0,8.7415,2060,Available,0,13.267
2026-08-18,The DVC Store,VB400-12-0702,https://www.dvcstore.com/resort/vero-beach/vb400-12-0702/,Vero Beach,400,December,16000,40.0,14.8939,2042,Available,0,17.571
2026-08-18,The DVC Store,SS200-12-0728,https://www.dvcstore.com/resort/saratoga-springs/ss200-12-0728/,Saratoga Springs,200,December,19400,97.0,9.1877,2054,Available,26,12.774
2026-08-18,The DVC Store,AR100-08-0714,https://www.dvcstore.com/resort/aulani/ar100-08-0714/,Aulani,100,August,10300,103.0,10.9572,2062,Available,0,14.207
2026-08-18,The DVC Store,DLH250-08-0627,https://www.dvcstore.com/resort/disneyland-hotel/dlh250-08-0627/,Villas at Disneyland Hotel,250,August,36750,147.0,10.5354,2074,Available,0,13.699
2026-08-18,The DVC Store,SS150-08-0624,https://www.dvcstore.com/resort/saratoga-springs/ss150-08-0624-2/,Saratoga Springs,150,August,14550,97.0,9.1877,2054,Available,0,12.921
2026-08-18,The DVC Store,AR100-08-0720,https://www.dvcstore.com/resort/aulani/ar100-08-0720/,Aulani,100,August,10500,105.0,10.9572,2062,Available,0,14.332
2026-08-18,The DVC Store,OKW104-08-0621,https://www.dvcstore.com/resort/old-key-west/okw104-08-0621/,Old Key West,104,August,9360,90.0,11.2054,2042,Available,0,17.445
2026-08-18,The DVC Store,BC250-02-0519,https://www.dvcstore.com/resort/beach-club-villas/bc250-02-0519/,Beach Club Villas,250,February,30000,120.0,9.8113,2042,Sold,-364,19.365
2026-08-18,The DVC Store,AR200-02-0723,https://www.dvcstore.com/resort/aulani/ar200-02-0723/,Aulani,200,February,24000,120.0,8.24,2062,Sold,-38,11.868
2026-08-18,The DVC Store,BW220-12-0721,https://www.dvcstore.com/resort/boardwalk-villas/bw220-12-0721/,BoardWalk Villas,220,December,26400,120.0,9.7617,2042,Sold,212,16.471
2026-08-18,The DVC Store,SS150-12-0709,https://www.dvcstore.com/resort/saratoga-springs/ss150-12-0709-2/,Saratoga Springs,150,December,14850,99.0,9.1877,2054,Sold,-172,13.77
2026-08-18,The DVC Store,SS050-02-0723,https://www.dvcstore.com/resort/saratoga-springs/ss050-02-0723/,Saratoga Springs,50,February,5250,105.0,9.1877,2054,Sold,0,13.653
2026-08-18,The DVC Store,AK180-12-0729,https://www.dvcstore.com/resort/animal-kingdom/ak180-12-0729/,Animal Kingdom Villas,180,December,20700,115.0,10.1608,2057,Available,0,14.085
2026-08-18,The DVC Store,OKW230-06-0520,https://www.dvcstore.com/resort/old-key-west/okw230-06-0520/,Old Key West,230,June,15870,69.0,11.2054,2042,Available,-230,17.014
2026-08-18,The DVC Store,BW200-02-0707,https://www.dvcstore.com/resort/boardwalk-villas/bw200-02-0707/,BoardWalk Villas,200,February,26000,130.0,9.7617,2042,Available,400,15.9
2026-08-18,The DVC Store,PV300-02-0722,https://www.dvcstore.com/resort/polynesian-villas-and-bungalows/pv300-02-0722/,Polynesian Villas,300,February,50400,168.0,8.3334,2066,Sale Pending,0,12.664
2026-08-18,The DVC Store,SS160-08-0327,https://www.dvcstore.com/resort/saratoga-springs/ss160-08-0327-2/,Saratoga Springs,160,August,15520,97.0,9.1877,2054,Available,0,12.905
2026-08-18,The DVC Store,OKW2057025-04-0731,https://www.dvcstore.com/resort/old-key-west-2057/okw2057025-04-0731/,Old Key West (2057),25,April,3000,120.0,11.2054,2057,Available,-50,17.594
2026-08-18,The DVC Store,OKW2057100-04-0731,https://www.dvcstore.com/resort/old-key-west-2057/okw2057100-04-0731/,Old Key West (2057),100,April,9800,98.0,11.2054,2057,Available,-200,15.936
2026-08-18,The DVC Store,AR200-03-0512,https://www.dvcstore.com/resort/aulani/ar200-03-0512/,Aulani,200,March,19600,98.0,10.9572,2062,Available,0,13.874
2026-08-18,The DVC Store,WLB130-08-0728,https://www.dvcstore.com/resort/boulder-ridge/wlb130-08-0728/,Boulder Ridge Villas,130,August,14300,110.0,9.7672,2042,Sold,0,17.164
2026-08-18,The DVC Store,OKW046-02-0514,https://www.dvcstore.com/resort/old-key-west/okw046-02-0514/,Old Key West,46,February,4370,95.0,11.2054,2042,Available,-88,20.775
2026-08-18,The DVC Store,BLT134-09-0730,https://www.dvcstore.com/resort/bay-lake-tower/blt134-09-0730/,Bay Lake Tower,134,September,17822,133.0,8.7415,2060,Sale Pending,-102,13.33
2026-08-18,The DVC Store,OKW2057100-06-0731,https://www.dvcstore.com/resort/old-key-west-2057/okw2057100-06-0731/,Old Key West (2057),100,June,10300,103.0,11.2054,2057,Sold,0,14.872
2026-08-18,The DVC Store,AR035-02-0602,https://www.dvcstore.com/resort/aulani/ar035-02-0602/,Aulani,35,February,3850,110.0,10.9572,2062,Available,2,15.094
2026-08-18,The DVC Store,VDL070-02-0702,https://www.dvcstore.com/resort/disneyland-hotel/vdl070-02-0702/,Villas at Disneyland Hotel,70,February,12950,185.0,10.5354,2074,Available,-62,15.062
2026-08-18,The DVC Store,AR250-02-0713,https://www.dvcstore.com/resort/aulani/ar250-02-0713/,Aulani,250,February,25250,101.0,10.9572,2062,Available,-486,14.944
2026-08-18,The DVC Store,WLCC175-09-0802,https://www.dvcstore.com/resort/copper-creek/wlcc175-09-0802/,Copper Creek Villas,175,September,23625,135.0,9.0,2068,Sale Pending,0,12.381
2026-08-18,The DVC Store,AR160-02-0805,https://www.dvcstore.com/resort/aulani/ar160-02-0805/,Aulani,160,February,16320,102.0,10.9572,2062,Available,0,14.034
2026-08-18,The DVC Store,WLCC175-03-0724,https://www.dvcstore.com/resort/copper-creek/wlcc175-03-0724/,Copper Creek Villas,175,March,23625,135.0,9.0,2068,Sold,0,12.381
2026-08-18,The DVC Store,SS225-02-0723,https://www.dvcstore.com/resort/saratoga-springs/ss225-02-0723/,Saratoga Springs,225,February,22500,100.0,9.1877,2054,Sold,0,12.952
2026-08-18,The DVC Store,OKW050-02-0805,https://www.dvcstore.com/resort/old-key-west/okw050-02-0805/,Old Key West,50,February,4750,95.0,11.2054,2042,Available,-69,20.033
2026-08-18,The DVC Store,SS150-09-0805,https://www.dvcstore.com/resort/saratoga-springs/ss150-09-0805-2/,Saratoga Springs,150,September,17250,115.0,9.1877,2054,Sale Pending,20,13.476
2026-08-18,The DVC Store,SS210-10-0808,https://www.dvcstore.com/resort/saratoga-springs/ss210-10-0808/,Saratoga Springs,210,October,21000,100.0,9.1877,2054,Available,80,12.704
2026-08-18,The DVC Store,SS050-02-0727,https://www.dvcstore.com/resort/saratoga-springs/ss050-02-0727/,Saratoga Springs,50,February,5950,119.0,9.1877,2054,Available,0,14.156
2026-08-18,The DVC Store,SS200-08-0810,https://www.dvcstore.com/resort/saratoga-springs/ss200-08-0810/,Saratoga Springs,200,August,19600,98.0,9.1877,2054,Available,-338,14.046
2026-08-18,The DVC Store,SS130-08-0617,https://www.dvcstore.com/resort/saratoga-springs/ss130-08-0617/,Saratoga Springs,130,August,13130,101.0,9.1877,2054,Sold,0,13.092
2026-08-18,The DVC Store,SS255-08-0728,https://www.dvcstore.com/resort/saratoga-springs/ss255-08-0728/,Saratoga Springs,255,August,26775,105.0,9.1877,2054,Sold,0,13.113
2026-08-18,The DVC Store,BC100-09-0806,https://www.dvcstore.com/resort/beach-club-villas/bc100-09-0806/,Beach Club Villas,100,September,13800,138.0,9.8113,2042,Sold,-18,19.329
2026-08-18,The DVC Store,WLB170-06-0717,https://www.dvcstore.com/resort/boulder-ridge/wlb170-06-0717/,Boulder Ridge Villas,170,June,17680,104.0,9.7672,2042,Sold,0,16.689
2026-08-18,The DVC Store,BW025-04-0805,https://www.dvcstore.com/resort/boardwalk-villas/bw025-04-0805/,BoardWalk Villas,25,April,3375,135.0,9.7617,2042,Sold,0,20.702
2026-08-18,The DVC Store,SS160-06-0620,https://www.dvcstore.com/resort/saratoga-springs/ss160-06-0620/,Saratoga Springs,160,June,14720,92.0,9.1877,2054,Sold,-314,14.057
2026-08-18,The DVC Store,SS120-02-0804,https://www.dvcstore.com/resort/saratoga-springs/ss120-02-0804/,Saratoga Springs,120,February,12000,100.0,9.1877,2054,Sold,0,13.079
2026-08-18,The DVC Store,SS250-12-0723,https://www.dvcstore.com/resort/saratoga-springs/ss250-12-0723/,Saratoga Springs,250,December,23500,94.0,9.1877,2054,Sold,0,12.72
2026-08-18,The DVC Store,BC250-02-0731,https://www.dvcstore.com/resort/beach-club-villas/bc250-02-0731-2/,Beach Club Villas,250,February,32500,130.0,9.8113,2042,Sold,0,18.266
2026-08-18,The DVC Store,SS110-10-0702,https://www.dvcstore.com/resort/saratoga-springs/ss110-10-0702/,Saratoga Springs,110,October,11000,100.0,9.1877,2054,Sold,-110,13.785
2026-08-18,The DVC Store,WLB240-06-0617,https://www.dvcstore.com/resort/boulder-ridge/wlb240-06-0617/,Boulder Ridge Villas,240,June,23520,98.0,9.7672,2042,Sold,0,16.209
2026-08-18,The DVC Store,BW108-03-0413,https://www.dvcstore.com/resort/boardwalk-villas/bw108-03-0413/,BoardWalk Villas,108,March,13284,123.0,9.7617,2042,Sold,0,18.075
2026-08-18,The DVC Store,BLT200-03-0320,https://www.dvcstore.com/resort/bay-lake-tower/blt200-03-0320/,Bay Lake Tower,200,March,27000,135.0,8.7415,2060,Sold,10,12.868
2026-08-18,The DVC Store,SS130-02-0728,https://www.dvcstore.com/resort/saratoga-springs/ss130-02-0728/,Saratoga Springs,130,February,13260,102.0,9.1877,2054,Sold,0,13.128
2026-08-18,The DVC Store,BC050-02-0731,https://www.dvcstore.com/resort/beach-club-villas/bc050-02-0731/,Beach Club Villas,50,February,7400,148.0,9.8113,2042,Sold,0,20.326
2026-08-18,The DVC Store,GF060-02-0730,https://www.dvcstore.com/resort/grand-floridian/gf060-02-0730/,Grand Floridian Villas,60,February,10020,167.0,8.3142,2064,Sold,0,13.178
2026-08-18,The DVC Store,AK300-06-0727,https://www.dvcstore.com/resort/animal-kingdom/ak300-06-0727/,Animal Kingdom Villas,300,June,29100,97.0,10.1608,2057,Sold,-400,14.244
2026-08-18,The DVC Store,SS300-02-0728,https://www.dvcstore.com/resort/saratoga-springs/ss300-02-0728/,Saratoga Springs,300,February,29700,99.0,9.1877,2054,Sold,0,12.875
2026-08-18,The DVC Store,SS050-02-0723-1,https://www.dvcstore.com/resort/saratoga-springs/ss050-02-0723-1/,Saratoga Springs,50,February,5250,105.0,9.1877,2054,Sold,0,13.653
2026-08-18,The DVC Store,AK320-09-0713,https://www.dvcstore.com/resort/animal-kingdom/ak320-09-0713/,Animal Kingdom Villas,320,September,34560,108.0,10.1608,2057,Sold,308,13.191
2026-08-18,The DVC Store,GF100-04-0624,https://www.dvcstore.com/resort/grand-floridian/gf100-04-0624/,Grand Floridian Villas,100,April,15700,157.0,8.3142,2064,Sold,-200,13.744
2026-08-18,The DVC Store,BW200-02-0722-1,https://www.dvcstore.com/resort/boardwalk-villas/bw200-02-0722-1/,BoardWalk Villas,200,February,23600,118.0,9.7617,2042,Sold,0,17.498
2026-08-18,The DVC Store,AR100-02-0411-1,https://www.dvcstore.com/resort/aulani/ar100-02-0411-1/,Aulani,100,February,10200,102.0,10.9572,2062,Sold,0,14.228
2026-08-18,The DVC Store,GCAL160-06-0602,https://www.dvcstore.com/resort/grand-californian/gcal160-06-0602/,Grand Californian Villas,160,June,38400,240.0,9.5203,2060,Sold,0,16.801
2026-08-18,The DVC Store,AK300-12-0713,https://www.dvcstore.com/resort/animal-kingdom/ak300-12-0713/,Animal Kingdom Villas,300,December,30900,103.0,10.1608,2057,Sold,-576,14.802
2026-08-18,The DVC Store,RV300-03-0603,https://www.dvcstore.com/resort/riviera/rv300-03-0603/,Riviera Resort,300,March,34500,115.0,9.4553,2070,Sold,-104,12.321
2026-08-18,The DVC Store,BLT160-12-0811,https://www.dvcstore.com/resort/bay-lake-tower/blt160-12-0811/,Bay Lake Tower,160,December,22880,143.0,8.7415,2060,Available,106,12.8
2026-08-18,The DVC Store,VB150-12-0811,https://www.dvcstore.com/resort/vero-beach/vb150-12-0811/,Vero Beach,150,December,9000,60.0,14.8939,2042,Available,0,19.07
2026-08-18,The DVC Store,WLB210-09-0409,https://www.dvcstore.com/resort/boulder-ridge/wlb210-09-0409/,Boulder Ridge Villas,210,September,19950,95.0,9.7672,2042,Sold,-230,17.358
2026-08-18,The DVC Store,BW150-03-0413,https://www.dvcstore.com/resort/boardwalk-villas/bw150-03-0413/,BoardWalk Villas,150,March,18450,123.0,9.7617,2042,Sold,0,17.927
2026-08-18,The DVC Store,GF025-12-0715,https://www.dvcstore.com/resort/grand-floridian/gf025-12-0715/,Grand Floridian Villas,25,December,4550,182.0,8.3142,2064,Available,-25,14.657
2026-08-18,The DVC Store,PV500-10-0528,https://www.dvcstore.com/resort/polynesian-villas-and-bungalows/pv500-10-0528/,Polynesian Villas,500,October,81500,163.0,8.3334,2066,Available,-838,13.306
2026-08-18,The DVC Store,OKW2057110-06-0811,https://www.dvcstore.com/resort/old-key-west-2057/okw2057110-06-0811/,Old Key West (2057),110,June,11770,107.0,11.2054,2057,Available,0,14.972
2026-08-18,The DVC Store,WLB170-02-0728,https://www.dvcstore.com/resort/boulder-ridge/wlb170-02-0728/,Boulder Ridge Villas,170,February,17000,100.0,9.7672,2042,Sold,0,16.436
2026-08-18,The DVC Store,BLT160-12-0729,https://www.dvcstore.com/resort/bay-lake-tower/blt160-12-0729/,Bay Lake Tower,160,December,22240,139.0,8.7415,2060,Sold,56,12.855
2026-08-18,The DVC Store,SS250-02-0811,https://www.dvcstore.com/resort/saratoga-springs/ss250-02-0811-2/,Saratoga Springs,250,February,24750,99.0,9.1877,2054,Available,-500,14.257
2026-08-18,The DVC Store,OKW220-08-0512,https://www.dvcstore.com/resort/old-key-west/okw220-08-0512/,Old Key West,220,August,15180,69.0,11.2054,2042,Sold,-440,18.214
2026-08-18,The DVC Store,AK120-06-0727,https://www.dvcstore.com/resort/animal-kingdom/ak120-06-0727/,Animal Kingdom Villas,120,June,14400,120.0,10.1608,2057,Sold,0,14.324
2026-08-18,The DVC Store,RV200-06-0324,https://www.dvcstore.com/resort/riviera/rv200-06-0324/,Riviera Resort,200,June,26000,130.0,9.4553,2070,Available,-400,13.415
2026-08-18,The DVC Store,AK220-09-0812,https://www.dvcstore.com/resort/animal-kingdom/ak220-09-0812/,Animal Kingdom Villas,220,September,21780,99.0,10.1608,2057,Available,-556,15.081
2026-08-18,The DVC Store,AR170-09-0812,https://www.dvcstore.com/resort/aulani/ar170-09-0812/,Aulani,170,September,16830,99.0,10.9572,2062,Available,-362,15.06
2026-08-18,The DVC Store,AR150-09-0812,https://www.dvcstore.com/resort/aulani/ar150-09-0812/,Aulani,150,September,14850,99.0,10.9572,2062,Available,-300,15.022
2026-08-18,The DVC Store,PV150-09-0716,https://www.dvcstore.com/resort/polynesian-villas-and-bungalows/pv150-09-0716/,Polynesian Villas,150,September,24600,164.0,8.3334,2066,Sold,-174,13.19
2026-08-18,The DVC Store,RV500-02-0722,https://www.dvcstore.com/resort/riviera/rv500-02-0722/,Riviera Resort,500,February,59000,118.0,9.4553,2070,Sold,0,12.212
2026-08-18,The DVC Store,AK100-09-0725,https://www.dvcstore.com/resort/animal-kingdom/ak100-09-0725/,Animal Kingdom Villas,100,September,12000,120.0,10.1608,2057,Sold,-36,14.599
2026-08-18,The DVC Store,BLT160-02-0811,https://www.dvcstore.com/resort/bay-lake-tower/blt160-02-0811/,Bay Lake Tower,160,February,21120,132.0,8.7415,2060,Sold,0,12.844
2026-08-18,The DVC Store,OKW190-06-0805,https://www.dvcstore.com/resort/old-key-west/okw190-06-0805/,Old Key West,190,June,16720,88.0,11.2054,2042,Available,0,17.078
2026-08-18,The DVC Store,OKW320-12-0728,https://www.dvcstore.com/resort/old-key-west/okw320-12-0728/,Old Key West,320,December,28800,90.0,11.2054,2042,Available,96,16.722
2026-08-18,The DVC Store,OKW220-12-0814,https://www.dvcstore.com/resort/old-key-west/okw220-12-0814/,Old Key West,220,December,18700,85.0,11.2054,2042,Available,0,16.846
2026-08-18,The DVC Store,SS025-08-0815,https://www.dvcstore.com/resort/saratoga-springs/ss025-08-0815/,Saratoga Springs,25,August,3000,120.0,9.1877,2054,Sale Pending,0,14.903
2026-08-18,The DVC Store,SS200-04-0805,https://www.dvcstore.com/resort/saratoga-springs/ss200-04-0805/,Saratoga Springs,200,April,19200,96.0,9.1877,2054,Sold,56,12.633
2026-08-18,The DVC Store,RV200-09-0708,https://www.dvcstore.com/resort/riviera/rv200-09-0708/,Riviera Resort,200,September,26000,130.0,9.4553,2070,Sold,-4,12.56
2026-08-18,The DVC Store,BW200-06-0602,https://www.dvcstore.com/resort/boardwalk-villas/bw200-06-0602/,BoardWalk Villas,200,June,24000,120.0,9.7617,2042,Sold,0,17.644
2026-08-18,The DVC Store,OKW2057025-08-0816,https://www.dvcstore.com/resort/old-key-west-2057/okw2057025-08-0816/,Old Key West (2057),25,August,2875,115.0,11.2054,2057,Sale Pending,0,16.207
2026-08-18,The DVC Store,RV600-08-0417,https://www.dvcstore.com/resort/riviera/rv600-08-0417/,Riviera Resort,600,August,66000,110.0,9.4553,2070,Sale Pending,0,12.023
2026-08-18,The DVC Store,AK160-02-0807,https://www.dvcstore.com/resort/animal-kingdom/ak160-02-0807/,Animal Kingdom Villas,160,February,17440,109.0,10.1608,2057,Sold,0,13.908
2026-08-18,The DVC Store,BC032-08-0815,https://www.dvcstore.com/resort/beach-club-villas/bc032-08-0815/,Beach Club Villas,32,August,4960,155.0,9.8113,2042,Sold,0,21.454
2026-08-18,The DVC Store,WLB200-08-0702,https://www.dvcstore.com/resort/boulder-ridge/wlb200-08-0702/,Boulder Ridge Villas,200,August,20400,102.0,9.7672,2042,Sold,0,16.513
2026-08-18,The DVC Store,BLT160-02-0816,https://www.dvcstore.com/resort/bay-lake-tower/blt160-02-0816/,Bay Lake Tower,160,February,23200,145.0,8.7415,2060,Available,-10,13.264
2026-08-18,The DVC Store,AR100-02-0411,https://www.dvcstore.com/resort/aulani/ar100-02-0411-2/,Aulani,100,February,10200,102.0,10.9572,2062,Sale Pending,0,14.228
2026-08-18,The DVC Store,AR150-03-0706,https://www.dvcstore.com/resort/aulani/ar150-03-0706/,Aulani,150,March,14100,94.0,10.9572,2062,Available,0,13.828
2026-08-18,The DVC Store,WLCC100-04-0817,https://www.dvcstore.com/resort/copper-creek/wlcc100-04-0817/,Copper Creek Villas,100,April,14500,145.0,9.0,2068,Available,0,12.724
2026-08-18,The DVC Store,WLCC100-04-0817-1,https://www.dvcstore.com/resort/copper-creek/wlcc100-04-0817-1/,Copper Creek Villas,100,April,14200,142.0,9.0,2068,Available,-106,13.132
2026-08-18,DVC Sales,339,https://dvcsales.com/dvc-resale/aulani/205-points/339,Aulani,205,,21730,106.0,,2062,Unverified,0,
2026-08-18,DVC Sales,496,https://dvcsales.com/dvc-resale/saratoga-springs/160-points/496,Saratoga Springs,160,,18880,118.0,,2054,Unverified,0,
2026-08-18,DVC Sales,501,https://dvcsales.com/dvc-resale/animal-kingdom/360-points/501,Animal Kingdom Villas,360,,38520,107.0,,2057,Unverified,0,
2026-08-18,DVC Sales,710,https://dvcsales.com/dvc-resale/vero-beach/430-points/710,Vero Beach,430,,18920,44.0,,2042,Unverified,0,
2026-08-18,DVC Sales,854,https://dvcsales.com/dvc-resale/disneyland-hotel/150-points/854,Villas at Disneyland Hotel,150,,23850,159.0,,2074,Unverified,0,
2026-08-18,DVC Sales,931,https://dvcsales.com/dvc-resale/aulani/160-points/931,Aulani,160,,16000,100.0,,2062,Unverified,0,
2026-08-18,DVC Sales,945,https://dvcsales.com/dvc-resale/aulani/175-points/945,Aulani,175,,17325,99.0,,2062,Unverified,0,
2026-08-18,DVC Sales,948,https://dvcsales.com/dvc-resale/disneyland-hotel/250-points/948,Villas at Disneyland Hotel,250,,42500,170.0,,2074,Unverified,0,
2026-08-18,DVC Sales,949,https://dvcsales.com/dvc-resale/disneyland-hotel/150-points/949,Villas at Disneyland Hotel,150,,25500,170.0,,2074,Unverified,0,
2026-08-18,DVC Sales,969,https://dvcsales.com/dvc-resale/aulani/115-points/969,Aulani,115,,11615,101.0,,2062,Unverified,0,
2026-08-18,DVC Sales,981,https://dvcsales.com/dvc-resale/old-key-west57/230-points/981,Old Key West (2057),230,,27140,118.0,,2057,Unverified,0,
2026-08-18,DVC Sales,999,https://dvcsales.com/dvc-resale/disneyland-hotel/65-points/999,Villas at Disneyland Hotel,65,,10075,155.0,,2074,Unverified,0,
2026-08-18,DVC Sales,1004,https://dvcsales.com/dvc-resale/saratoga-springs/110-points/1004,Saratoga Springs,110,,11440,104.0,,2054,Unverified,0,
2026-08-18,DVC Sales,1035,https://dvcsales.com/dvc-resale/vero-beach/80-points/1035,Vero Beach,80,,4160,52.0,,2042,Unverified,0,
2026-08-18,DVC Sales,1057,https://dvcsales.com/dvc-resale/saratoga-springs/130-points/1057,Saratoga Springs,130,,12350,95.0,,2054,Unverified,0,
2026-08-18,DVC Sales,1082,https://dvcsales.com/dvc-resale/saratoga-springs/170-points/1082,Saratoga Springs,170,,17340,102.0,,2054,Unverified,0,
2026-08-18,DVC Sales,1109,https://dvcsales.com/dvc-resale/polynesian/25-points/1109,Polynesian Villas,25,,4875,195.0,,2066,Unverified,0,
2026-08-18,DVC Sales,1115,https://dvcsales.com/dvc-resale/saratoga-springs/250-points/1115,Saratoga Springs,250,,23000,92.0,,2054,Unverified,0,
2026-08-18,DVC Sales,1117,https://dvcsales.com/dvc-resale/bay-lake-tower/160-points/1117,Bay Lake Tower,160,,25600,160.0,,2060,Unverified,0,
2026-08-18,DVC Sales,1118,https://dvcsales.com/dvc-resale/bay-lake-tower/80-points/1118,Bay Lake Tower,80,,13600,170.0,,2060,Unverified,0,
2026-08-18,DVC Sales,1125,https://dvcsales.com/dvc-resale/aulani/200-points/1125,Aulani,200,,19400,97.0,,2062,Unverified,0,
2026-08-18,DVC Sales,1145,https://dvcsales.com/dvc-resale/saratoga-springs/200-points/1145,Saratoga Springs,200,,21600,108.0,,2054,Unverified,0,
2026-08-18,DVC Sales,1193,https://dvcsales.com/dvc-resale/disneyland-hotel/75-points/1193,Villas at Disneyland Hotel,75,,11625,155.0,,2074,Unverified,0,
2026-08-18,DVC Sales,1232,https://dvcsales.com/dvc-resale/old-key-west57/230-points/1232,Old Key West (2057),230,,25300,110.0,,2057,Unverified,0,
2026-08-18,DVC Sales,1233,https://dvcsales.com/dvc-resale/old-key-west57/80-points/1233,Old Key West (2057),80,,10400,130.0,,2057,Unverified,0,
2026-08-18,DVC Sales,1239,https://dvcsales.com/dvc-resale/riviera/200-points/1239,Riviera Resort,200,,25000,125.0,,2070,Unverified,0,
2026-08-18,DVC Sales,1247,https://dvcsales.com/dvc-resale/old-key-west/50-points/1247,Old Key West,50,,5250,105.0,,2042,Unverified,0,
2026-08-18,DVC Sales,1257,https://dvcsales.com/dvc-resale/old-key-west/210-points/1257,Old Key West,210,,17010,81.0,,2042,Unverified,0,
2026-08-18,DVC Sales,1259,https://dvcsales.com/dvc-resale/animal-kingdom/110-points/1259,Animal Kingdom Villas,110,,12320,112.0,,2057,Unverified,0,
2026-08-18,DVC Sales,1275,https://dvcsales.com/dvc-resale/boardwalk/220-points/1275,BoardWalk Villas,220,,27500,125.0,,2042,Unverified,0,
2026-08-18,DVC Sales,1293,https://dvcsales.com/dvc-resale/saratoga-springs/150-points/1293,Saratoga Springs,150,,14550,97.0,,2054,Unverified,0,
2026-08-18,DVC Sales,1302,https://dvcsales.com/dvc-resale/aulani/300-points/1302,Aulani,300,,30600,102.0,,2062,Unverified,0,
2026-08-18,DVC Sales,1306,https://dvcsales.com/dvc-resale/aulani/300-points/1306,Aulani,300,,28200,94.0,,2062,Unverified,0,
2026-08-18,DVC Sales,1308,https://dvcsales.com/dvc-resale/saratoga-springs/100-points/1308,Saratoga Springs,100,,10100,101.0,,2054,Unverified,0,
2026-08-18,DVC Sales,1314,https://dvcsales.com/dvc-resale/polynesian/150-points/1314,Polynesian Villas,150,,24900,166.0,,2066,Unverified,0,
2026-08-18,DVC Sales,1317,https://dvcsales.com/dvc-resale/old-key-west/230-points/1317,Old Key West,230,,18630,81.0,,2042,Unverified,0,
2026-08-18,DVC Sales,1324,https://dvcsales.com/dvc-resale/beach-club/160-points/1324,Beach Club Villas,160,,22400,140.0,,2042,Unverified,0,
2026-08-18,DVC Sales,1329,https://dvcsales.com/dvc-resale/polynesian/160-points/1329,Polynesian Villas,160,,27520,172.0,,2066,Unverified,0,
2026-08-18,DVC Sales,1352,https://dvcsales.com/dvc-resale/riviera/100-points/1352,Riviera Resort,100,,17000,170.0,,2070,Unverified,0,
2026-08-18,DVC Sales,1359,https://dvcsales.com/dvc-resale/grand-floridian/100-points/1359,Grand Floridian Villas,100,,17800,178.0,,2064,Unverified,0,
2026-08-18,DVC Sales,1363,https://dvcsales.com/dvc-resale/boulder-ridge/350-points/1363,Boulder Ridge Villas,350,,33250,95.0,,2042,Unverified,0,
2026-08-18,DVC Sales,1364,https://dvcsales.com/dvc-resale/vero-beach/75-points/1364,Vero Beach,75,,4125,55.0,,2042,Unverified,0,
2026-08-18,DVC Sales,1370,https://dvcsales.com/dvc-resale/boardwalk/150-points/1370,BoardWalk Villas,150,,17250,115.0,,2042,Unverified,0,
2026-08-18,DVC Sales,1374,https://dvcsales.com/dvc-resale/old-key-west57/150-points/1374,Old Key West (2057),150,,16800,112.0,,2057,Unverified,0,
2026-08-18,DVC Sales,1409,https://dvcsales.com/dvc-resale/polynesian/100-points/1409,Polynesian Villas,100,,16500,165.0,,2066,Unverified,0,
2026-08-18,DVC Sales,1418,https://dvcsales.com/dvc-resale/animal-kingdom/290-points/1418,Animal Kingdom Villas,290,,29870,103.0,,2057,Unverified,0,
2026-08-18,DVC Sales,1426,https://dvcsales.com/dvc-resale/riviera/150-points/1426,Riviera Resort,150,,18450,123.0,,2070,Unverified,0,
2026-08-18,DVC Sales,1433,https://dvcsales.com/dvc-resale/old-key-west/400-points/1433,Old Key West,400,,30000,75.0,,2042,Unverified,0,
2026-08-18,DVC Sales,1443,https://dvcsales.com/dvc-resale/bay-lake-tower/110-points/1443,Bay Lake Tower,110,,14630,133.0,,2060,Unverified,0,
2026-08-18,DVC Sales,1463,https://dvcsales.com/dvc-resale/aulani/300-points/1463,Aulani,300,,30000,100.0,,2062,Unverified,0,
2026-08-18,DVC Sales,1483,https://dvcsales.com/dvc-resale/aulani/100-points/1483,Aulani,100,,9800,98.0,,2062,Unverified,0,
2026-08-18,DVC Sales,1487,https://dvcsales.com/dvc-resale/bay-lake-tower/410-points/1487,Bay Lake Tower,410,,55350,135.0,,2060,Unverified,0,
2026-08-18,DVC Sales,1496,https://dvcsales.com/dvc-resale/beach-club/230-points/1496,Beach Club Villas,230,,32200,140.0,,2042,Unverified,0,
2026-08-18,DVC Sales,1503,https://dvcsales.com/dvc-resale/aulani/320-points/1503,Aulani,320,,27840,87.0,,2062,Unverified,0,
2026-08-18,DVC Sales,1509,https://dvcsales.com/dvc-resale/aulani/200-points/1509,Aulani,200,,19000,95.0,,2062,Unverified,0,
2026-08-18,DVC Sales,1510,https://dvcsales.com/dvc-resale/vero-beach/50-points/1510,Vero Beach,50,,3000,60.0,,2042,Unverified,0,
2026-08-18,DVC Sales,1526,https://dvcsales.com/dvc-resale/boardwalk/300-points/1526,BoardWalk Villas,300,,39600,132.0,,2042,Unverified,0,
2026-08-18,DVC Sales,1539,https://dvcsales.com/dvc-resale/disneyland-hotel/150-points/1539,Villas at Disneyland Hotel,150,,24750,165.0,,2074,Unverified,0,
2026-08-18,DVC Sales,1545,https://dvcsales.com/dvc-resale/old-key-west57/300-points/1545,Old Key West (2057),300,,34500,115.0,,2057,Unverified,0,
2026-08-18,DVC Sales,1547,https://dvcsales.com/dvc-resale/grand-floridian/150-points/1547,Grand Floridian Villas,150,,24750,165.0,,2064,Unverified,0,
2026-08-18,DVC Sales,1549,https://dvcsales.com/dvc-resale/grand-californian/200-points/1549,Grand Californian Villas,200,,50400,252.0,,2060,Unverified,0,
2026-08-19,DVC Resale Market,SS38463,https://www.dvcresalemarket.com/listings/saratoga-springs/ss38463/,Saratoga Springs,160,December,19680,123.0,9.19,2054,Sale Pending,160,13.217
2026-08-19,DVC Resale Market,CC92988,https://www.dvcresalemarket.com/listings/copper-creek/cc92988/,Copper Creek Villas,55,February,8745,159.0,9.02,2068,Available,-40,13.662
2026-08-19,DVC Resale Market,HHB1801,https://www.dvcresalemarket.com/listings/hilton-head/hhb1801/,Hilton Head Island,225,April,14625,65.0,12.86,2042,Sale Pending,-450,19.644
2026-08-19,DVC Resale Market,BL23739,https://www.dvcresalemarket.com/listings/bay-lake-tower/bl23739/,Bay Lake Tower,100,August,13800,138.0,8.74,2060,Available,-39,13.408
2026-08-19,DVC Resale Market,AU23498,https://www.dvcresalemarket.com/listings/aulani/au23498/,Aulani,100,August,10500,105.0,10.96,2062,Available,86,13.862
2026-08-19,DVC Resale Market,GC31847,https://www.dvcresalemarket.com/listings/grand-californian/gc31847/,Grand Californian Villas,160,February,40800,255.0,9.52,2060,Available,-103,17.603
2026-08-19,DVC Resale Market,GF83314,https://www.dvcresalemarket.com/listings/grand-floridian/gf83314/,Grand Floridian Villas,150,August,26100,174.0,8.31,2064,Available,-137,13.607
2026-08-19,DVC Resale Market,CC22990,https://www.dvcresalemarket.com/listings/copper-creek/cc22990/,Copper Creek Villas,175,February,26075,149.0,9.02,2068,Available,-175,13.223
2026-08-19,DVC Resale Market,CC22989,https://www.dvcresalemarket.com/listings/copper-creek/cc22989/,Copper Creek Villas,50,February,7750,155.0,9.02,2068,Available,-50,13.734
2026-08-19,DVC Resale Market,SSE8476,https://www.dvcresalemarket.com/listings/saratoga-springs/sse8476/,Saratoga Springs,175,December,19950,114.0,9.19,2054,Sale Pending,175,12.868
2026-08-19,DVC Resale Market,PL94588,https://www.dvcresalemarket.com/listings/polynesian/pl94588/,Polynesian Villas,75,September,14625,195.0,8.33,2066,Sale Pending,75,13.176
2026-08-19,DVC Resale Market,BCA2540,https://www.dvcresalemarket.com/listings/beach-club/bca2540/,Beach Club Villas,200,March,27000,135.0,9.81,2042,Offer Accepted,-200,19.907
2026-08-19,DVC Resale Market,PL84597,https://www.dvcresalemarket.com/listings/polynesian/pl84597/,Polynesian Villas,100,December,16700,167.0,8.33,2066,Offer Accepted,-32,12.999
2026-08-19,DVC Resale Market,CCE2979,https://www.dvcresalemarket.com/listings/copper-creek/cce2979/,Copper Creek Villas,50,February,8100,162.0,9.02,2068,Available,-36,13.783
2026-08-19,DVC Resale Market,PL24603,https://www.dvcresalemarket.com/listings/polynesian/pl24603/,Polynesian Villas,150,February,26250,175.0,8.33,2066,Available,-150,13.428
2026-08-19,DVC Resale Market,BW23404,https://www.dvcresalemarket.com/listings/boardwalk/bw23404/,BoardWalk Villas,50,February,7750,155.0,9.67,2042,Available,-50,22.044
2026-08-19,DVC Resale Market,RR82305,https://www.dvcresalemarket.com/listings/rivieraresort/rr82305/,Riviera Resort,405,June,47385,117.0,9.46,2070,Sale Pending,-810,13.083
2026-08-19,DVC Resale Market,AU83501,https://www.dvcresalemarket.com/listings/aulani/au83501/,Aulani,175,December,17325,99.0,10.96,2062,Available,-63,14.151
2026-08-19,DVC Resale Market,OK94949,https://www.dvcresalemarket.com/listings/old-key-west/ok94949/,Old Key West,270,June,27000,100.0,11.21,2057,Available,-540,15.842
2026-08-19,DVC Resale Market,VBA2588,https://www.dvcresalemarket.com/listings/vero-beach/vba2588/,Vero Beach,135,October,7425,55.0,14.89,2042,Available,0,18.883
2026-08-19,DVC Resale Market,HHA1797,https://www.dvcresalemarket.com/listings/hilton-head/hha1797/,Hilton Head Island,165,October,11385,69.0,12.86,2042,Available,-82,18.231
2026-08-19,DVC Resale Market,AK36383,https://www.dvcresalemarket.com/listings/animal-kingdom-lodge/ak36383/,Animal Kingdom Villas,180,December,18900,105.0,10.16,2057,Offer Accepted,-180,14.409
2026-08-19,DVC Resale Market,RR62320,https://www.dvcresalemarket.com/listings/rivieraresort/rr62320/,Riviera Resort,200,June,22600,113.0,9.46,2070,Sale Pending,-399,13.052
2026-08-19,DVC Resale Market,HHF1781,https://www.dvcresalemarket.com/listings/hilton-head/hhf1781/,Hilton Head Island,75,December,5925,79.0,12.86,2042,Sale Pending,1,18.793
2026-08-19,DVC Resale Market,OKB4990,https://www.dvcresalemarket.com/listings/old-key-west/okb4990/,Old Key West,75,September,10125,135.0,11.21,2057,Available,75,15.498
2026-08-19,DVC Resale Market,SSB8520,https://www.dvcresalemarket.com/listings/saratoga-springs/ssb8520/,Saratoga Springs,50,December,6150,123.0,9.19,2054,Offer Accepted,0,14.425
2026-08-19,DVC Resale Market,AK86192,https://www.dvcresalemarket.com/listings/animal-kingdom-lodge/ak86192/,Animal Kingdom Villas,150,September,18600,124.0,10.16,2057,Sale Pending,150,13.846
2026-08-19,DVC Resale Market,SS78487,https://www.dvcresalemarket.com/listings/saratoga-springs/ss78487/,Saratoga Springs,100,August,11400,114.0,9.19,2054,Available,0,13.722
2026-08-19,DVC Resale Market,CC32986,https://www.dvcresalemarket.com/listings/copper-creek/cc32986/,Copper Creek Villas,200,December,27400,137.0,9.02,2068,Sale Pending,0,12.462
2026-08-19,DVC Resale Market,VB92584,https://www.dvcresalemarket.com/listings/vero-beach/vb92584/,Vero Beach,80,June,4960,62.0,14.89,2042,Available,-70,20.694
2026-08-19,DVC Resale Market,SSB8519,https://www.dvcresalemarket.com/listings/saratoga-springs/ssb8519/,Saratoga Springs,50,December,6150,123.0,9.19,2054,Offer Accepted,0,14.425
2026-08-19,DVC Resale Market,HH61799,https://www.dvcresalemarket.com/listings/hilton-head/hh61799/,Hilton Head Island,275,April,20625,75.0,12.86,2042,Sale Pending,0,17.836
2026-08-19,DVC Resale Market,BW73364,https://www.dvcresalemarket.com/listings/boardwalk/bw73364/,BoardWalk Villas,100,June,13200,132.0,9.67,2042,Sale Pending,-100,19.938
2026-08-19,DVC Resale Market,SS28339,https://www.dvcresalemarket.com/listings/saratoga-springs/ss28339/,Saratoga Springs,200,December,19200,96.0,9.19,2054,Sale Pending,-200,13.547
2026-08-19,DVC Resale Market,SSE8205,https://www.dvcresalemarket.com/listings/saratoga-springs/sse8205/,Saratoga Springs,160,April,18080,113.0,9.19,2054,Offer Accepted,0,13.536
2026-08-19,DVC Resale Market,AK86400,https://www.dvcresalemarket.com/listings/animal-kingdom-lodge/ak86400/,Animal Kingdom Villas,200,December,24600,123.0,10.16,2057,Available,188,13.785
2026-08-19,DVC Resale Market,VBC2583,https://www.dvcresalemarket.com/listings/vero-beach/vbc2583/,Vero Beach,200,December,10000,50.0,14.89,2042,Sale Pending,-200,19.599
2026-08-19,DVC Resale Market,AK06399,https://www.dvcresalemarket.com/listings/animal-kingdom-lodge/ak06399/,Animal Kingdom Villas,228,October,24624,108.0,10.16,2057,Available,-214,14.424
2026-08-19,DVC Resale Market,AK96393,https://www.dvcresalemarket.com/listings/animal-kingdom-lodge/ak96393/,Animal Kingdom Villas,220,June,25960,118.0,10.16,2057,Available,0,14.182
2026-08-19,DVC Resale Market,AK66365,https://www.dvcresalemarket.com/listings/animal-kingdom-lodge/ak66365/,Animal Kingdom Villas,160,September,18080,113.0,10.16,2057,Available,-54,14.292
2026-08-19,DVC Resale Market,VBG2606,https://www.dvcresalemarket.com/listings/vero-beach/vbg2606/,Vero Beach,25,October,1675,67.0,14.89,2042,Offer Accepted,-25,23.062
2026-08-19,DVC Resale Market,GCF1753,https://www.dvcresalemarket.com/listings/grand-californian/gcf1753/,Grand Californian Villas,100,August,26500,265.0,9.52,2060,Offer Accepted,0,17.667
2026-08-19,DVC Resale Market,BCB2145,https://www.dvcresalemarket.com/listings/beach-club/bcb2145/,Beach Club Villas,200,February,26000,130.0,9.81,2042,Offer Accepted,-200,19.588
2026-08-19,DVC Resale Market,AU63495,https://www.dvcresalemarket.com/listings/aulani/au63495/,Aulani,100,March,10300,103.0,10.96,2062,Available,-199,15.31
2026-08-19,DVC Resale Market,SSA8527,https://www.dvcresalemarket.com/listings/saratoga-springs/ssa8527/,Saratoga Springs,225,December,28350,126.0,9.19,2054,Available,196,13.342
2026-08-19,DVC Resale Market,SSA8528,https://www.dvcresalemarket.com/listings/saratoga-springs/ssa8528/,Saratoga Springs,120,December,14760,123.0,9.19,2054,Available,0,13.981
2026-08-19,DVC Resale Market,AUF3500,https://www.dvcresalemarket.com/listings/aulani/auf3500/,Aulani,100,August,8900,89.0,10.96,2062,Available,-199,14.921
2026-08-19,DVC Resale Market,OK24991,https://www.dvcresalemarket.com/listings/old-key-west/ok24991/,Old Key West,230,September,20470,89.0,11.21,2042,Available,-209,18.234
2026-08-19,DVC Resale Market,BR21920,https://www.dvcresalemarket.com/listings/wilderness-lodge/br21920/,Boulder Ridge Villas,50,September,5900,118.0,9.77,2042,Available,-50,19.781
2026-08-19,DVC Resale Market,SS28529,https://www.dvcresalemarket.com/listings/saratoga-springs/ss28529/,Saratoga Springs,200,October,21400,107.0,9.19,2054,Available,0,13.265
2026-08-19,DVC Resale Market,BL23737,https://www.dvcresalemarket.com/listings/bay-lake-tower/bl23737/,Bay Lake Tower,200,February,29400,147.0,8.74,2060,Available,0,13.291
2026-08-19,DVC Resale Market,BL23736,https://www.dvcresalemarket.com/listings/bay-lake-tower/bl23736/,Bay Lake Tower,250,February,36500,146.0,8.74,2060,Available,0,13.232
2026-08-19,DVC Resale Market,SS88521,https://www.dvcresalemarket.com/listings/saratoga-springs/ss88521/,Saratoga Springs,50,September,6400,128.0,9.19,2054,Available,-50,15.282
2026-08-19,DVC Resale Market,CCB2977,https://www.dvcresalemarket.com/listings/copper-creek/ccb2977/,Copper Creek Villas,150,August,21600,144.0,9.02,2068,Sale Pending,-205,13.292
2026-08-19,DVC Resale Market,HHB1802,https://www.dvcresalemarket.com/listings/hilton-head/hhb1802/,Hilton Head Island,50,April,3500,70.0,12.86,2042,Available,-76,20.558
2026-08-19,DVC Resale Market,AU83417,https://www.dvcresalemarket.com/listings/aulani/au83417/,Aulani,170,August,16320,96.0,10.96,2062,Available,-92,14.17
2026-08-19,DVC Resale Market,HHF1791,https://www.dvcresalemarket.com/listings/hilton-head/hhf1791/,Hilton Head Island,25,June,2150,86.0,12.86,2042,Sale Pending,0,21.27
2026-08-19,DVC Resale Market,BWB3401,https://www.dvcresalemarket.com/listings/boardwalk/bwb3401/,BoardWalk Villas,50,April,8500,170.0,9.67,2042,Available,0,21.819
2026-08-19,DVC Resale Market,SS98250,https://www.dvcresalemarket.com/listings/saratoga-springs/ss98250/,Saratoga Springs,225,April,23625,105.0,9.19,2054,Sale Pending,-225,13.847
2026-08-19,DVC Resale Market,OKB4967,https://www.dvcresalemarket.com/listings/old-key-west/okb4967/,Old Key West,200,June,17400,87.0,11.21,2042,Sale Pending,-167,18.07
2026-08-19,DVC Resale Market,BWA3378,https://www.dvcresalemarket.com/listings/boardwalk/bwa3378/,BoardWalk Villas,200,March,25000,125.0,9.67,2042,Available,-197,19.111
2026-08-19,DVC Resale Market,BCA2541,https://www.dvcresalemarket.com/listings/beach-club/bca2541/,Beach Club Villas,160,March,22400,140.0,9.81,2042,Sale Pending,-160,20.306
2026-08-19,DVC Resale Market,AU83487,https://www.dvcresalemarket.com/listings/aulani/au83487/,Aulani,210,March,19110,91.0,10.96,2062,Offer Accepted,-210,14.225
2026-08-19,DVC Resale Market,AKA6374,https://www.dvcresalemarket.com/listings/animal-kingdom-lodge/aka6374/,Animal Kingdom Villas,160,December,21760,136.0,10.16,2057,Sale Pending,160,14.22
2026-08-19,DVC Resale Market,VBB2605,https://www.dvcresalemarket.com/listings/vero-beach/vbb2605/,Vero Beach,210,March,9450,45.0,14.89,2042,Sale Pending,-420,20.446
2026-08-19,DVC Resale Market,RRA2319,https://www.dvcresalemarket.com/listings/rivieraresort/rra2319/,Riviera Resort,250,February,30500,122.0,9.46,2070,Available,-250,12.808
2026-08-19,DVC Resale Market,AUB3477,https://www.dvcresalemarket.com/listings/aulani/aub3477/,Aulani,175,December,17500,100.0,10.96,2062,Offer Accepted,-100,14.29
2026-08-19,DVC Resale Market,OK24978,https://www.dvcresalemarket.com/listings/old-key-west/ok24978/,Old Key West,220,December,20240,92.0,11.21,2042,Sale Pending,0,17.36
2026-08-19,DVC Resale Market,BL83547,https://www.dvcresalemarket.com/listings/bay-lake-tower/bl83547/,Bay Lake Tower,160,October,22880,143.0,8.74,2060,Sale Pending,160,12.65
2026-08-19,DVC Resale Market,SS88451,https://www.dvcresalemarket.com/listings/saratoga-springs/ss88451/,Saratoga Springs,215,August,22790,106.0,9.19,2054,Sale Pending,0,13.213
2026-08-19,DVC Resale Market,PLB4503,https://www.dvcresalemarket.com/listings/polynesian/plb4503/,Polynesian Villas,50,December,8700,174.0,8.33,2066,Sale Pending,0,13.29
2026-08-19,DVC Resale Market,AUC3491,https://www.dvcresalemarket.com/listings/aulani/auc3491/,Aulani,100,December,11000,110.0,10.96,2062,Offer Accepted,86,14.001
2026-08-19,DVC Resale Market,GF03299,https://www.dvcresalemarket.com/listings/grand-floridian/gf03299/,Grand Floridian Villas,50,August,9000,180.0,8.31,2064,Available,-34,14.039
2026-08-19,DVC Resale Market,GF03304,https://www.dvcresalemarket.com/listings/grand-floridian/gf03304/,Grand Floridian Villas,50,August,9300,186.0,8.31,2064,Available,-44,14.297
2026-08-19,DVC Resale Market,DH31117,https://www.dvcresalemarket.com/listings/disneyland-hotel/dh31117/,Villas at Disneyland Hotel,150,August,23850,159.0,10.54,2073,Offer Accepted,35,13.999
2026-08-19,DVC Resale Market,GCB1853,https://www.dvcresalemarket.com/listings/grand-californian/gcb1853/,Grand Californian Villas,200,August,50400,252.0,9.52,2060,Available,-175,17.601
2026-08-19,DVC Resale Market,OK34989,https://www.dvcresalemarket.com/listings/old-key-west/ok34989/,Old Key West,150,September,15450,103.0,11.21,2042,Available,0,18.21
2026-08-19,DVC Resale Market,GFF3313,https://www.dvcresalemarket.com/listings/grand-floridian/gff3313/,Grand Floridian Villas,85,August,15300,180.0,8.31,2064,Available,-85,13.964
2026-08-19,DVC Resale Market,SS28466,https://www.dvcresalemarket.com/listings/saratoga-springs/ss28466/,Saratoga Springs,360,September,35640,99.0,9.19,2054,Offer Accepted,-354,13.559
2026-08-19,DVC Resale Market,PL34591,https://www.dvcresalemarket.com/listings/polynesian/pl34591/,Polynesian Villas,200,December,34000,170.0,8.33,2066,Available,-200,13.262
2026-08-19,DVC Resale Market,BL23732,https://www.dvcresalemarket.com/listings/bay-lake-tower/bl23732/,Bay Lake Tower,100,August,13500,135.0,8.74,2060,Offer Accepted,-100,13.66
2026-08-19,DVC Resale Market,AKC6330,https://www.dvcresalemarket.com/listings/animal-kingdom-lodge/akc6330/,Animal Kingdom Villas,220,June,23980,109.0,10.16,2057,Offer Accepted,0,13.887
2026-08-19,DVC Resale Market,BLF3704,https://www.dvcresalemarket.com/listings/bay-lake-tower/blf3704/,Bay Lake Tower,75,June,10275,137.0,8.74,2060,Sale Pending,-82,13.878
2026-08-19,DVC Resale Market,AKE6390,https://www.dvcresalemarket.com/listings/animal-kingdom-lodge/ake6390/,Animal Kingdom Villas,160,June,17600,110.0,10.16,2057,Offer Accepted,-164,14.615
2026-08-19,DVC Resale Market,HH31777,https://www.dvcresalemarket.com/listings/hilton-head/hh31777/,Hilton Head Island,100,June,6900,69.0,12.86,2042,Sale Pending,0,17.933
2026-08-19,DVC Resale Market,BCA2553,https://www.dvcresalemarket.com/listings/beach-club/bca2553/,Beach Club Villas,170,February,25160,148.0,9.81,2042,Available,-114,20.396
2026-08-19,DVC Resale Market,BWE3399,https://www.dvcresalemarket.com/listings/boardwalk/bwe3399/,BoardWalk Villas,100,October,12400,124.0,9.67,2042,Sale Pending,-100,19.426
2026-08-19,DVC Resale Market,GF03315,https://www.dvcresalemarket.com/listings/grand-floridian/gf03315/,Grand Floridian Villas,150,August,25800,172.0,8.31,2064,Available,-112,13.467
2026-08-19,DVC Resale Market,AK96381,https://www.dvcresalemarket.com/listings/animal-kingdom-lodge/ak96381/,Animal Kingdom Villas,200,December,23000,115.0,10.16,2057,Available,10,14.071
2026-08-19,DVC Resale Market,PL84595,https://www.dvcresalemarket.com/listings/polynesian/pl84595/,Polynesian Villas,110,December,18590,169.0,8.33,2066,Offer Accepted,2,12.862
2026-08-19,DVC Resale Market,CCA2982,https://www.dvcresalemarket.com/listings/copper-creek/cca2982/,Copper Creek Villas,185,December,29600,160.0,9.02,2068,Available,78,12.838
2026-08-19,DVC Resale Market,BL33705,https://www.dvcresalemarket.com/listings/bay-lake-tower/bl33705/,Bay Lake Tower,200,September,29800,149.0,8.74,2060,Sale Pending,200,12.791
2026-08-19,DVC Resale Market,CC62983,https://www.dvcresalemarket.com/listings/copper-creek/cc62983/,Copper Creek Villas,100,March,14900,149.0,9.02,2068,Available,-31,13.027
2026-08-19,DVC Resale Market,AUB3497,https://www.dvcresalemarket.com/listings/aulani/aub3497/,Aulani,200,June,19600,98.0,10.96,2062,Offer Accepted,-7,13.92
2026-08-19,DVC Resale Market,GF23278,https://www.dvcresalemarket.com/listings/grand-floridian/gf23278/,Grand Floridian Villas,58,December,10092,174.0,8.31,2064,Available,0,13.465
2026-08-19,DVC Resale Market,BL83546,https://www.dvcresalemarket.com/listings/bay-lake-tower/bl83546/,Bay Lake Tower,160,October,22880,143.0,8.74,2060,Offer Accepted,160,12.65
2026-08-19,DVC Resale Market,AKB6252,https://www.dvcresalemarket.com/listings/animal-kingdom-lodge/akb6252/,Animal Kingdom Villas,160,December,20320,127.0,10.16,2057,Available,160,13.9
2026-08-19,DVC Resale Market,SSE8517,https://www.dvcresalemarket.com/listings/saratoga-springs/sse8517/,Saratoga Springs,200,October,18600,93.0,9.19,2054,Offer Accepted,-400,14.117
2026-08-19,DVC Resale Market,BLB3720,https://www.dvcresalemarket.com/listings/bay-lake-tower/blb3720/,Bay Lake Tower,108,December,15120,140.0,8.74,2060,Available,-10,13.277
2026-08-19,DVC Resale Market,BRB1915,https://www.dvcresalemarket.com/listings/wilderness-lodge/brb1915/,Boulder Ridge Villas,100,December,11400,114.0,9.77,2042,Available,-51,18.306
2026-08-19,DVC Resale Market,SSF8484,https://www.dvcresalemarket.com/listings/saratoga-springs/ssf8484/,Saratoga Springs,200,December,19000,95.0,9.19,2054,Offer Accepted,-200,13.511
2026-08-19,DVC Resale Market,BLC3733,https://www.dvcresalemarket.com/listings/bay-lake-tower/blc3733/,Bay Lake Tower,200,September,28000,140.0,8.74,2060,Sale Pending,143,12.683
2026-08-19,DVC Resale Market,SSE8515,https://www.dvcresalemarket.com/listings/saratoga-springs/sse8515/,Saratoga Springs,100,October,9900,99.0,9.19,2054,Offer Accepted,-200,14.525
2026-08-19,DVC Resale Market,BC22499,https://www.dvcresalemarket.com/listings/beach-club/bc22499/,Beach Club Villas,230,April,31050,135.0,9.81,2042,Sale Pending,-220,19.818
2026-08-19,DVC Resale Market,OKE4964,https://www.dvcresalemarket.com/listings/old-key-west/oke4964/,Old Key West,350,September,30100,86.0,11.21,2042,Available,-1,16.87
2026-08-19,DVC Resale Market,CCE2984,https://www.dvcresalemarket.com/listings/copper-creek/cce2984/,Copper Creek Villas,150,December,20700,138.0,9.02,2068,Sale Pending,0,12.529
2026-08-19,DVC Resale Market,SSF8457,https://www.dvcresalemarket.com/listings/saratoga-springs/ssf8457/,Saratoga Springs,180,February,18180,101.0,9.19,2054,Sale Pending,-138,13.593
2026-08-19,DVC Resale Market,CCA2980,https://www.dvcresalemarket.com/listings/copper-creek/cca2980/,Copper Creek Villas,130,March,19370,149.0,9.02,2068,Sale Pending,-33,12.939
2026-08-19,DVC Resale Market,BR21918,https://www.dvcresalemarket.com/listings/wilderness-lodge/br21918/,Boulder Ridge Villas,30,September,3720,124.0,9.77,2042,Sale Pending,-26,20.88
2026-08-19,DVC Resale Market,PLA4344,https://www.dvcresalemarket.com/listings/polynesian/pla4344/,Polynesian Villas,50,December,9000,180.0,8.33,2066,Sale Pending,0,13.45
2026-08-19,DVC Resale Market,GC21852,https://www.dvcresalemarket.com/listings/grand-californian/gc21852/,Grand Californian Villas,100,August,26000,260.0,9.52,2060,Offer Accepted,21,17.403
2026-08-19,DVC Resale Market,OKB4979,https://www.dvcresalemarket.com/listings/old-key-west/okb4979/,Old Key West,230,December,24840,108.0,11.21,2057,Available,-228,15.505
2026-08-19,DVC Resale Market,BCB2490,https://www.dvcresalemarket.com/listings/beach-club/bcb2490/,Beach Club Villas,200,March,25000,125.0,9.81,2042,Sale Pending,-399,20.451
2026-08-19,DVC Resale Market,VBE2589,https://www.dvcresalemarket.com/listings/vero-beach/vbe2589/,Vero Beach,50,August,4350,87.0,14.89,2042,Sale Pending,11,21.49
2026-08-19,DVC Resale Market,PL34582,https://www.dvcresalemarket.com/listings/polynesian/pl34582/,Polynesian Villas,150,June,26250,175.0,8.33,2066,Sale Pending,-150,13.428
2026-08-19,DVC Resale Market,VB82585,https://www.dvcresalemarket.com/listings/vero-beach/vb82585/,Vero Beach,150,June,8700,58.0,14.89,2042,Available,0,19.023
2026-08-19,DVC Resale Market,BL83694,https://www.dvcresalemarket.com/listings/bay-lake-tower/bl83694/,Bay Lake Tower,100,June,14400,144.0,8.74,2060,Available,52,13.079
2026-08-19,DVC Resale Market,AU63499,https://www.dvcresalemarket.com/listings/aulani/au63499/,Aulani,115,March,12075,105.0,10.96,2062,Available,-115,14.786
2026-08-19,DVC Resale Market,AKF6376,https://www.dvcresalemarket.com/listings/animal-kingdom-lodge/akf6376/,Animal Kingdom Villas,180,March,20880,116.0,10.16,2057,Available,-10,14.188
2026-08-19,DVC Resale Market,GC91849,https://www.dvcresalemarket.com/listings/grand-californian/gc91849/,Grand Californian Villas,75,February,21000,280.0,9.52,2060,Offer Accepted,-5,18.262
2026-08-19,DVC Resale Market,SSE8328,https://www.dvcresalemarket.com/listings/saratoga-springs/sse8328/,Saratoga Springs,450,February,43200,96.0,9.19,2054,Sale Pending,-409,13.374
2026-08-19,DVC Resale Market,SS38502,https://www.dvcresalemarket.com/listings/saratoga-springs/ss38502/,Saratoga Springs,160,September,17440,109.0,9.19,2054,Available,-65,13.666
2026-08-19,DVC Resale Market,BC32550,https://www.dvcresalemarket.com/listings/beach-club/bc32550/,Beach Club Villas,150,April,21750,145.0,9.81,2042,Available,-213,21.15
2026-08-19,DVC Resale Market,SS88417,https://www.dvcresalemarket.com/listings/saratoga-springs/ss88417/,Saratoga Springs,115,December,14260,124.0,9.19,2054,Sale Pending,46,13.763
2026-08-19,DVC Resale Market,OK94986,https://www.dvcresalemarket.com/listings/old-key-west/ok94986/,Old Key West,230,October,22540,98.0,11.21,2042,Available,-180,18.653
2026-08-19,DVC Resale Market,SS88432,https://www.dvcresalemarket.com/listings/saratoga-springs/ss88432/,Saratoga Springs,150,March,15750,105.0,9.19,2054,Sale Pending,-292,14.582
2026-08-19,DVC Resale Market,AKE6391,https://www.dvcresalemarket.com/listings/animal-kingdom-lodge/ake6391/,Animal Kingdom Villas,160,December,17600,110.0,10.16,2057,Available,-319,15.208
2026-08-19,DVC Resale Market,AKC6269,https://www.dvcresalemarket.com/listings/animal-kingdom-lodge/akc6269/,Animal Kingdom Villas,250,August,27750,111.0,10.16,2057,Sale Pending,0,13.935
2026-08-19,DVC Resale Market,BLA3725,https://www.dvcresalemarket.com/listings/bay-lake-tower/bla3725/,Bay Lake Tower,160,February,22400,140.0,8.74,2060,Sale Pending,-320,14.238
2026-08-19,DVC Resale Market,GCB1845,https://www.dvcresalemarket.com/listings/grand-californian/gcb1845/,Grand Californian Villas,200,June,51800,259.0,9.52,2060,Available,0,17.318
2026-08-19,DVC Resale Market,SSE8516,https://www.dvcresalemarket.com/listings/saratoga-springs/sse8516/,Saratoga Springs,100,October,10200,102.0,9.19,2054,Available,-152,14.318
2026-08-19,DVC Resale Market,RR32301,https://www.dvcresalemarket.com/listings/rivieraresort/rr32301/,Riviera Resort,300,August,32400,108.0,9.46,2070,Sale Pending,-277,12.436
2026-08-19,DVC Resale Market,AKA6388,https://www.dvcresalemarket.com/listings/animal-kingdom-lodge/aka6388/,Animal Kingdom Villas,100,August,13300,133.0,10.16,2057,Sale Pending,-2,14.891
2026-08-19,DVC Resale Market,OKA4969,https://www.dvcresalemarket.com/listings/old-key-west/oka4969/,Old Key West,25,October,3250,130.0,11.21,2042,Sale Pending,-40,24.032
2026-08-19,DVC Resale Market,BL73718,https://www.dvcresalemarket.com/listings/bay-lake-tower/bl73718/,Bay Lake Tower,25,March,4075,163.0,8.74,2060,Sale Pending,-11,15.12
2026-08-19,DVC Resale Market,OK24971,https://www.dvcresalemarket.com/listings/old-key-west/ok24971/,Old Key West,30,October,3870,129.0,11.21,2042,Available,-29,22.752
2026-08-19,DVC Resale Market,SS78472,https://www.dvcresalemarket.com/listings/saratoga-springs/ss78472/,Saratoga Springs,150,September,15300,102.0,9.19,2054,Available,-296,14.493
2026-08-19,DVC Resale Market,SSC8511,https://www.dvcresalemarket.com/listings/saratoga-springs/ssc8511/,Saratoga Springs,150,December,15150,101.0,9.19,2054,Available,-150,13.797
2026-08-19,DVC Resale Market,SSC8510,https://www.dvcresalemarket.com/listings/saratoga-springs/ssc8510/,Saratoga Springs,210,December,22260,106.0,9.19,2054,Available,-27,13.306
2026-08-19,DVC Resale Market,VBA2602,https://www.dvcresalemarket.com/listings/vero-beach/vba2602/,Vero Beach,150,March,9450,63.0,14.89,2042,Available,-21,19.51
2026-08-19,DVC Resale Market,OK74976,https://www.dvcresalemarket.com/listings/old-key-west/ok74976/,Old Key West,450,June,48150,107.0,11.21,2057,Available,450,14.178
2026-08-19,DVC Resale Market,OKC4985,https://www.dvcresalemarket.com/listings/old-key-west/okc4985/,Old Key West,270,June,25110,93.0,11.21,2042,Available,2,17.354
2026-08-19,DVC Resale Market,SSE8509,https://www.dvcresalemarket.com/listings/saratoga-springs/sse8509/,Saratoga Springs,160,December,18560,116.0,9.19,2054,Available,160,12.964
2026-08-19,DVC Resale Market,SSE8389,https://www.dvcresalemarket.com/listings/saratoga-springs/sse8389/,Saratoga Springs,160,December,18560,116.0,9.19,2054,Available,160,12.964
2026-08-19,DVC Resale Market,SS28514,https://www.dvcresalemarket.com/listings/saratoga-springs/ss28514/,Saratoga Springs,50,December,5950,119.0,9.19,2054,Available,-50,14.946
2026-08-19,DVC Resale Market,SS28512,https://www.dvcresalemarket.com/listings/saratoga-springs/ss28512/,Saratoga Springs,100,December,11400,114.0,9.19,2054,Available,-100,14.4
2026-08-19,DVC Resale Market,GCG1840,https://www.dvcresalemarket.com/listings/grand-californian/gcg1840/,Grand Californian Villas,160,December,42880,268.0,9.52,2060,Offer Accepted,160,17.067
2026-08-19,DVC Resale Market,BLE3727,https://www.dvcresalemarket.com/listings/bay-lake-tower/ble3727/,Bay Lake Tower,200,February,26000,130.0,8.74,2060,Sale Pending,-400,13.9
2026-08-19,DVC Resale Market,RR32304,https://www.dvcresalemarket.com/listings/rivieraresort/rr32304/,Riviera Resort,175,December,20650,118.0,9.46,2070,Available,-1,12.327
2026-08-19,DVC Resale Market,PL24596,https://www.dvcresalemarket.com/listings/polynesian/pl24596/,Polynesian Villas,125,August,21875,175.0,8.33,2066,Available,-132,13.49
2026-08-19,DVC Resale Market,AKE6346,https://www.dvcresalemarket.com/listings/animal-kingdom-lodge/ake6346/,Animal Kingdom Villas,160,June,17600,110.0,10.16,2057,Sale Pending,-61,14.22
2026-08-19,DVC Resale Market,PLF4558,https://www.dvcresalemarket.com/listings/polynesian/plf4558/,Polynesian Villas,150,October,27000,180.0,8.33,2066,Sale Pending,77,12.838
2026-08-19,DVC Resale Market,OK84981,https://www.dvcresalemarket.com/listings/old-key-west/ok84981/,Old Key West,230,August,22770,99.0,11.21,2042,Available,-142,18.519
2026-08-19,DVC Resale Market,SS88455,https://www.dvcresalemarket.com/listings/saratoga-springs/ss88455/,Saratoga Springs,160,June,20160,126.0,9.19,2054,Sale Pending,160,13.326
2026-08-19,DVC Resale Market,CC32978,https://www.dvcresalemarket.com/listings/copper-creek/cc32978/,Copper Creek Villas,100,December,14900,149.0,9.02,2068,Available,-100,13.339
2026-08-19,DVC Resale Market,OK94948,https://www.dvcresalemarket.com/listings/old-key-west/ok94948/,Old Key West,150,August,15600,104.0,11.21,2042,Available,0,18.272
2026-08-19,DVC Resale Market,RRB2303,https://www.dvcresalemarket.com/listings/rivieraresort/rrb2303/,Riviera Resort,500,August,55500,111.0,9.46,2070,Sale Pending,0,12.069
2026-08-19,DVC Resale Market,GF23311,https://www.dvcresalemarket.com/listings/grand-floridian/gf23311/,Grand Floridian Villas,90,April,14310,159.0,8.31,2064,Available,-269,14.38
2026-08-19,DVC Resale Market,BW23018,https://www.dvcresalemarket.com/listings/boardwalk/bw23018/,BoardWalk Villas,270,June,34290,127.0,9.67,2042,Sale Pending,-270,19.179
2026-08-19,DVC Resale Market,VBE2601,https://www.dvcresalemarket.com/listings/vero-beach/vbe2601/,Vero Beach,500,October,26000,52.0,14.89,2042,Available,-464,19.428
2026-08-19,DVC Resale Market,AUE3494,https://www.dvcresalemarket.com/listings/aulani/aue3494/,Aulani,150,August,15750,105.0,10.96,2062,Available,-114,14.57
2026-08-19,DVC Resale Market,SSA8507,https://www.dvcresalemarket.com/listings/saratoga-springs/ssa8507/,Saratoga Springs,60,September,7980,133.0,9.19,2054,Available,0,14.654
2026-08-19,DVC Resale Market,AK76356,https://www.dvcresalemarket.com/listings/animal-kingdom-lodge/ak76356/,Animal Kingdom Villas,150,March,16800,112.0,10.16,2057,Sale Pending,-28,14.182
2026-08-19,DVC Resale Market,RR32309,https://www.dvcresalemarket.com/listings/rivieraresort/rr32309/,Riviera Resort,50,March,7000,140.0,9.46,2070,Available,-100,14.05
2026-08-19,DVC Resale Market,SS98508,https://www.dvcresalemarket.com/listings/saratoga-springs/ss98508/,Saratoga Springs,150,December,18000,120.0,9.19,2054,Available,0,13.806
2026-08-19,DVC Resale Market,BC22518,https://www.dvcresalemarket.com/listings/beach-club/bc22518/,Beach Club Villas,220,March,26840,122.0,9.81,2042,Sale Pending,-405,20.044
2026-08-19,DVC Resale Market,SSA8497,https://www.dvcresalemarket.com/listings/saratoga-springs/ssa8497/,Saratoga Springs,160,September,18400,115.0,9.19,2054,Available,-67,13.891
2026-08-19,DVC Resale Market,GFA3306,https://www.dvcresalemarket.com/listings/grand-floridian/gfa3306/,Grand Floridian Villas,250,February,42500,170.0,8.31,2064,Sale Pending,-177,13.321
2026-08-19,DVC Resale Market,SSC8493,https://www.dvcresalemarket.com/listings/saratoga-springs/ssc8493/,Saratoga Springs,220,August,21560,98.0,9.19,2054,Sale Pending,-268,13.747
2026-08-19,DVC Resale Market,SS28348,https://www.dvcresalemarket.com/listings/saratoga-springs/ss28348/,Saratoga Springs,160,December,16800,105.0,9.19,2054,Offer Accepted,-160,13.924
2026-08-19,DVC Resale Market,PL24571,https://www.dvcresalemarket.com/listings/polynesian/pl24571/,Polynesian Villas,220,June,35860,163.0,8.33,2066,Sale Pending,-440,13.545
2026-08-19,DVC Resale Market,BW73370,https://www.dvcresalemarket.com/listings/boardwalk/bw73370/,BoardWalk Villas,314,February,36424,116.0,9.67,2042,Sale Pending,-254,18.215
2026-08-19,DVC Resale Market,VB92587,https://www.dvcresalemarket.com/listings/vero-beach/vb92587/,Vero Beach,220,February,12980,59.0,14.89,2042,Available,-81,19.387
2026-08-19,DVC Resale Market,AKE6370,https://www.dvcresalemarket.com/listings/animal-kingdom-lodge/ake6370/,Animal Kingdom Villas,300,June,30900,103.0,10.16,2057,Sale Pending,-300,14.265
2026-08-19,DVC Resale Market,SSF8200,https://www.dvcresalemarket.com/listings/saratoga-springs/ssf8200/,Saratoga Springs,160,October,17600,110.0,9.19,2054,Available,-121,13.94
2026-08-19,DVC Resale Market,BWA3374,https://www.dvcresalemarket.com/listings/boardwalk/bwa3374/,BoardWalk Villas,250,February,32500,130.0,9.67,2042,Available,-250,19.387
2026-08-19,DVC Resale Market,SS88501,https://www.dvcresalemarket.com/listings/saratoga-springs/ss88501/,Saratoga Springs,150,September,16200,108.0,9.19,2054,Available,0,13.373
2026-08-19,DVC Resale Market,SS88504,https://www.dvcresalemarket.com/listings/saratoga-springs/ss88504/,Saratoga Springs,130,September,14300,110.0,9.19,2054,Available,0,13.486
2026-08-19,DVC Resale Market,AKE6280,https://www.dvcresalemarket.com/listings/animal-kingdom-lodge/ake6280/,Animal Kingdom Villas,300,June,30900,103.0,10.16,2057,Sale Pending,-300,14.265
2026-08-19,DVC Resale Market,SS88458,https://www.dvcresalemarket.com/listings/saratoga-springs/ss88458/,Saratoga Springs,115,August,12535,109.0,9.19,2054,Sale Pending,0,13.489
2026-08-19,DVC Resale Market,GF73283,https://www.dvcresalemarket.com/listings/grand-floridian/gf73283/,Grand Floridian Villas,100,April,18000,180.0,8.31,2064,Sale Pending,0,13.412
2026-08-19,DVC Resale Market,BC32549,https://www.dvcresalemarket.com/listings/beach-club/bc32549/,Beach Club Villas,100,December,17000,170.0,9.81,2042,Sale Pending,100,20.109
2026-08-19,DVC Resale Market,AUC3479,https://www.dvcresalemarket.com/listings/aulani/auc3479/,Aulani,200,August,21000,105.0,10.96,2062,Offer Accepted,200,13.568
2026-08-19,DVC Resale Market,GF33305,https://www.dvcresalemarket.com/listings/grand-floridian/gf33305/,Grand Floridian Villas,250,February,39750,159.0,8.31,2064,Sale Pending,-491,13.656
2026-08-19,DVC Resale Market,BW23020,https://www.dvcresalemarket.com/listings/boardwalk/bw23020/,BoardWalk Villas,150,October,19500,130.0,9.67,2042,Available,-134,19.439
2026-08-19,DVC Resale Market,SS88491,https://www.dvcresalemarket.com/listings/saratoga-springs/ss88491/,Saratoga Springs,160,February,18080,113.0,9.19,2054,Sale Pending,-91,13.922
2026-08-19,DVC Resale Market,RR92310,https://www.dvcresalemarket.com/listings/rivieraresort/rr92310/,Riviera Resort,150,December,20850,139.0,9.46,2070,Sale Pending,148,12.407
2026-08-19,DVC Resale Market,BLA3700,https://www.dvcresalemarket.com/listings/bay-lake-tower/bla3700/,Bay Lake Tower,125,April,18125,145.0,8.74,2060,Sale Pending,0,13.332
2026-08-19,DVC Resale Market,SS98503,https://www.dvcresalemarket.com/listings/saratoga-springs/ss98503/,Saratoga Springs,200,December,23800,119.0,9.19,2054,Sale Pending,200,13.018
2026-08-19,DVC Resale Market,AU33473,https://www.dvcresalemarket.com/listings/aulani/au33473/,Aulani,320,December,33280,104.0,10.96,2062,Available,320,13.458
2026-08-19,DVC Resale Market,OK64946,https://www.dvcresalemarket.com/listings/old-key-west/ok64946/,Old Key West,230,June,20700,90.0,11.21,2042,Sale Pending,0,17.218
2026-08-19,DVC Resale Market,GF63292,https://www.dvcresalemarket.com/listings/grand-floridian/gf63292/,Grand Floridian Villas,75,August,12525,167.0,8.31,2064,Sale Pending,13,13.077
2026-08-19,DVC Resale Market,AUB3444,https://www.dvcresalemarket.com/listings/aulani/aub3444/,Aulani,125,August,11750,94.0,10.96,2062,Sale Pending,-125,14.45
2026-08-19,DVC Resale Market,AUC3485,https://www.dvcresalemarket.com/listings/aulani/auc3485/,Aulani,150,March,13800,92.0,10.96,2062,Offer Accepted,-150,14.336
2026-08-19,DVC Resale Market,BLG3693,https://www.dvcresalemarket.com/listings/bay-lake-tower/blg3693/,Bay Lake Tower,160,December,21760,136.0,8.74,2060,Sale Pending,-160,13.56
2026-08-19,DVC Resale Market,PL24590,https://www.dvcresalemarket.com/listings/polynesian/pl24590/,Polynesian Villas,200,February,33800,169.0,8.33,2066,Sale Pending,-200,13.235
2026-08-19,DVC Resale Market,RRA1204,https://www.dvcresalemarket.com/listings/rivieraresort/rra1204/,Riviera Resort,150,December,19500,130.0,9.46,2070,Available,-145,13.044
2026-08-19,DVC Resale Market,BCB2509,https://www.dvcresalemarket.com/listings/beach-club/bcb2509/,Beach Club Villas,175,February,25025,143.0,9.81,2042,Available,-165,20.392
2026-08-19,DVC Resale Market,SS78468,https://www.dvcresalemarket.com/listings/saratoga-springs/ss78468/,Saratoga Springs,25,March,3250,130.0,9.19,2054,Sale Pending,0,15.431
2026-08-19,DVC Resale Market,GFE3293,https://www.dvcresalemarket.com/listings/grand-floridian/gfe3293/,Grand Floridian Villas,532,June,74480,140.0,8.31,2064,Sale Pending,-930,12.979
2026-08-19,DVC Resale Market,SSG6351,https://www.dvcresalemarket.com/listings/saratoga-springs/ssg6351/,Saratoga Springs,100,December,11000,110.0,9.19,2054,Sale Pending,0,13.579
2026-08-19,DVC Resale Market,AK86318,https://www.dvcresalemarket.com/listings/animal-kingdom-lodge/ak86318/,Animal Kingdom Villas,160,June,21760,136.0,10.16,2057,Sale Pending,160,14.22
2026-08-19,DVC Resale Market,CCB2954,https://www.dvcresalemarket.com/listings/copper-creek/ccb2954/,Copper Creek Villas,75,June,10275,137.0,9.02,2068,Sale Pending,-75,13.137
2026-08-19,DVC Resale Market,SSB8430,https://www.dvcresalemarket.com/listings/saratoga-springs/ssb8430/,Saratoga Springs,200,June,22000,110.0,9.19,2054,Sale Pending,0,13.374
2026-08-19,DVC Resale Market,BL93726,https://www.dvcresalemarket.com/listings/bay-lake-tower/bl93726/,Bay Lake Tower,100,February,14700,147.0,8.74,2060,Sale Pending,-94,13.983
2026-08-19,DVC Resale Market,AKF6271,https://www.dvcresalemarket.com/listings/animal-kingdom-lodge/akf6271/,Animal Kingdom Villas,160,December,18080,113.0,10.16,2057,Available,-92,14.438
2026-08-19,DVC Resale Market,AU33422,https://www.dvcresalemarket.com/listings/aulani/au33422/,Aulani,150,March,14400,96.0,10.96,2062,Available,-247,14.788
2026-08-19,DVC Resale Market,BL93690,https://www.dvcresalemarket.com/listings/bay-lake-tower/bl93690/,Bay Lake Tower,50,October,7350,147.0,8.74,2060,Sale Pending,-21,14.004
2026-08-19,DVC Resale Market,BWB3189,https://www.dvcresalemarket.com/listings/boardwalk/bwb3189/,BoardWalk Villas,250,August,34750,139.0,9.67,2042,Sale Pending,237,17.646
2026-08-19,DVC Resale Market,GF73298,https://www.dvcresalemarket.com/listings/grand-floridian/gf73298/,Grand Floridian Villas,100,April,18800,188.0,8.31,2064,Sale Pending,100,13.123
2026-08-19,DVC Resale Market,GCE1850,https://www.dvcresalemarket.com/listings/grand-californian/gce1850/,Grand Californian Villas,250,June,64250,257.0,9.52,2060,Available,124,16.947
2026-08-19,DVC Resale Market,GFF3297,https://www.dvcresalemarket.com/listings/grand-floridian/gff3297/,Grand Floridian Villas,175,August,29400,168.0,8.31,2064,Sale Pending,-170,13.45
2026-08-19,DVC Resale Market,AUC3490,https://www.dvcresalemarket.com/listings/aulani/auc3490/,Aulani,220,June,22880,104.0,10.96,2062,Available,180,13.617
2026-08-19,DVC Resale Market,SSE8479,https://www.dvcresalemarket.com/listings/saratoga-springs/sse8479/,Saratoga Springs,300,June,27000,90.0,9.19,2054,Sale Pending,-573,13.88
2026-08-19,DVC Resale Market,AKG6353,https://www.dvcresalemarket.com/listings/animal-kingdom-lodge/akg6353/,Animal Kingdom Villas,25,December,3425,137.0,10.16,2057,Sale Pending,25,15.41
2026-08-19,DVC Resale Market,SS88488,https://www.dvcresalemarket.com/listings/saratoga-springs/ss88488/,Saratoga Springs,150,October,18000,120.0,9.19,2054,Sale Pending,0,13.806
2026-08-19,DVC Resale Market,VB62600,https://www.dvcresalemarket.com/listings/vero-beach/vb62600/,Vero Beach,225,June,14175,63.0,14.89,2042,Available,0,19.199
2026-08-19,DVC Resale Market,AKE6379,https://www.dvcresalemarket.com/listings/animal-kingdom-lodge/ake6379/,Animal Kingdom Villas,160,October,18400,115.0,10.16,2057,Available,-155,14.743
2026-08-19,DVC Resale Market,AK26343,https://www.dvcresalemarket.com/listings/animal-kingdom-lodge/ak26343/,Animal Kingdom Villas,25,August,3875,155.0,10.16,2057,Sale Pending,1,16.579
2026-08-19,DVC Resale Market,OK84972,https://www.dvcresalemarket.com/listings/old-key-west/ok84972/,Old Key West,50,March,6000,120.0,11.21,2042,Sale Pending,0,20.184
2026-08-19,DVC Resale Market,SS98403,https://www.dvcresalemarket.com/listings/saratoga-springs/ss98403/,Saratoga Springs,200,April,21400,107.0,9.19,2054,Sale Pending,0,13.265
2026-08-19,DVC Resale Market,SSB8462,https://www.dvcresalemarket.com/listings/saratoga-springs/ssb8462/,Saratoga Springs,132,October,14256,108.0,9.19,2054,Available,17,13.322
2026-08-19,DVC Resale Market,BCB2539,https://www.dvcresalemarket.com/listings/beach-club/bcb2539/,Beach Club Villas,210,February,28770,137.0,9.81,2042,Sale Pending,0,18.828
2026-08-19,DVC Resale Market,HH71786,https://www.dvcresalemarket.com/listings/hilton-head/hh71786/,Hilton Head Island,50,October,3500,70.0,12.86,2042,Sale Pending,-50,19.94
2026-08-19,DVC Resale Market,GF33301,https://www.dvcresalemarket.com/listings/grand-floridian/gf33301/,Grand Floridian Villas,100,October,18000,180.0,8.31,2064,Sale Pending,70,13.062
2026-08-19,DVC Resale Market,BL83550,https://www.dvcresalemarket.com/listings/bay-lake-tower/bl83550/,Bay Lake Tower,240,February,32160,134.0,8.74,2060,Sale Pending,-270,13.508
2026-08-19,DVC Resale Market,AK36364,https://www.dvcresalemarket.com/listings/animal-kingdom-lodge/ak36364/,Animal Kingdom Villas,110,December,12100,110.0,10.16,2057,Sale Pending,-102,14.661
2026-08-19,DVC Resale Market,SS78398,https://www.dvcresalemarket.com/listings/saratoga-springs/ss78398/,Saratoga Springs,50,December,6000,120.0,9.19,2054,Available,-50,14.996
2026-08-19,DVC Resale Market,BLB3723,https://www.dvcresalemarket.com/listings/bay-lake-tower/blb3723/,Bay Lake Tower,160,December,20160,126.0,8.74,2060,Sale Pending,-160,13.264
2026-08-19,DVC Resale Market,SS88371,https://www.dvcresalemarket.com/listings/saratoga-springs/ss88371/,Saratoga Springs,200,March,21000,105.0,9.19,2054,Sale Pending,0,13.193
2026-08-19,DVC Resale Market,SSG8498,https://www.dvcresalemarket.com/listings/saratoga-springs/ssg8498/,Saratoga Springs,150,December,17250,115.0,9.19,2054,Available,-178,14.431
2026-08-19,DVC Resale Market,BWA3381,https://www.dvcresalemarket.com/listings/boardwalk/bwa3381/,BoardWalk Villas,210,September,27510,131.0,9.67,2042,Sale Pending,-156,19.189
2026-08-19,DVC Resale Market,AK36382,https://www.dvcresalemarket.com/listings/animal-kingdom-lodge/ak36382/,Animal Kingdom Villas,160,December,17120,107.0,10.16,2057,Sale Pending,-127,14.376
2026-08-19,DVC Resale Market,SSE8496,https://www.dvcresalemarket.com/listings/saratoga-springs/sse8496/,Saratoga Springs,225,December,25875,115.0,9.19,2054,Sale Pending,211,12.894
2026-08-19,DVC Resale Market,OK74965,https://www.dvcresalemarket.com/listings/old-key-west/ok74965/,Old Key West,164,March,14268,87.0,11.21,2042,Sale Pending,-164,18.345
2026-08-19,DVC Resale Market,OKB4932,https://www.dvcresalemarket.com/listings/old-key-west/okb4932/,Old Key West,264,March,23232,88.0,11.21,2042,Sale Pending,-170,17.815
2026-08-19,DVC Resale Market,CCB2974,https://www.dvcresalemarket.com/listings/copper-creek/ccb2974/,Copper Creek Villas,100,December,14900,149.0,9.02,2068,Sale Pending,-4,12.905
2026-08-19,DVC Resale Market,AK36361,https://www.dvcresalemarket.com/listings/animal-kingdom-lodge/ak36361/,Animal Kingdom Villas,100,August,11500,115.0,10.16,2057,Sale Pending,-99,14.892
2026-08-19,DVC Resale Market,GF63277,https://www.dvcresalemarket.com/listings/grand-floridian/gf63277/,Grand Floridian Villas,100,March,16000,160.0,8.31,2064,Available,-200,13.881
2026-08-19,DVC Resale Market,AK76259,https://www.dvcresalemarket.com/listings/animal-kingdom-lodge/ak76259/,Animal Kingdom Villas,320,December,40000,125.0,10.16,2057,Available,0,14.366
2026-08-19,DVC Resale Market,SS78317,https://www.dvcresalemarket.com/listings/saratoga-springs/ss78317/,Saratoga Springs,316,September,34444,109.0,9.19,2054,Available,-316,13.949
2026-08-19,DVC Resale Market,BW63397,https://www.dvcresalemarket.com/listings/boardwalk/bw63397/,BoardWalk Villas,225,February,27675,123.0,9.67,2042,Sale Pending,-225,18.964
2026-08-19,DVC Resale Market,PL34573,https://www.dvcresalemarket.com/listings/polynesian/pl34573/,Polynesian Villas,150,October,26250,175.0,8.33,2066,Sale Pending,0,12.953
2026-08-19,DVC Resale Market,AK36384,https://www.dvcresalemarket.com/listings/animal-kingdom-lodge/ak36384/,Animal Kingdom Villas,100,October,11600,116.0,10.16,2057,Sale Pending,14,14.232
2026-08-19,DVC Resale Market,BCE2483,https://www.dvcresalemarket.com/listings/beach-club/bce2483/,Beach Club Villas,160,March,22080,138.0,9.81,2042,Sale Pending,0,18.993
2026-08-19,DVC Resale Market,SSF8485,https://www.dvcresalemarket.com/listings/saratoga-springs/ssf8485/,Saratoga Springs,120,September,15360,128.0,9.19,2054,Sale Pending,104,13.575
2026-08-19,DVC Resale Market,RRC2306,https://www.dvcresalemarket.com/listings/rivieraresort/rrc2306/,Riviera Resort,100,December,13600,136.0,9.46,2070,Sale Pending,0,12.853
2026-08-19,DVC Resale Market,CC62938,https://www.dvcresalemarket.com/listings/copper-creek/cc62938/,Copper Creek Villas,200,August,30000,150.0,9.02,2068,Sale Pending,0,12.779
2026-08-19,DVC Resale Market,SSC8489,https://www.dvcresalemarket.com/listings/saratoga-springs/ssc8489/,Saratoga Springs,50,October,6350,127.0,9.19,2054,Available,-49,15.233
2026-08-19,DVC Resale Market,RRC2307,https://www.dvcresalemarket.com/listings/rivieraresort/rrc2307/,Riviera Resort,200,December,27200,136.0,9.46,2070,Sale Pending,0,12.722
2026-08-19,DVC Resale Market,CCE2958,https://www.dvcresalemarket.com/listings/copper-creek/cce2958/,Copper Creek Villas,50,February,7250,145.0,9.02,2068,Available,-90,13.858
2026-08-19,DVC Resale Market,OKE4957,https://www.dvcresalemarket.com/listings/old-key-west/oke4957/,Old Key West,350,February,33950,97.0,11.21,2057,Sale Pending,-692,15.702
2026-08-19,DVC Resale Market,CCC2964,https://www.dvcresalemarket.com/listings/copper-creek/ccc2964/,Copper Creek Villas,100,December,13900,139.0,9.02,2068,Sale Pending,-100,13.098
2026-08-19,DVC Resale Market,OK74966,https://www.dvcresalemarket.com/listings/old-key-west/ok74966/,Old Key West,36,March,4392,122.0,11.21,2042,Available,0,20.812
2026-08-19,DVC Resale Market,SS88490,https://www.dvcresalemarket.com/listings/saratoga-springs/ss88490/,Saratoga Springs,75,March,9675,129.0,9.19,2054,Available,0,14.387
2026-08-19,DVC Resale Market,BWB3390,https://www.dvcresalemarket.com/listings/boardwalk/bwb3390/,BoardWalk Villas,100,December,13100,131.0,9.67,2042,Sale Pending,19,18.462
2026-08-19,DVC Resale Market,BLB3719,https://www.dvcresalemarket.com/listings/bay-lake-tower/blb3719/,Bay Lake Tower,150,June,20400,136.0,8.74,2060,Sale Pending,-147,13.564
2026-08-19,DVC Resale Market,SSE8305,https://www.dvcresalemarket.com/listings/saratoga-springs/sse8305/,Saratoga Springs,125,December,14500,116.0,9.19,2054,Sale Pending,125,13.037
2026-08-19,DVC Resale Market,SSB8453,https://www.dvcresalemarket.com/listings/saratoga-springs/ssb8453/,Saratoga Springs,160,October,18400,115.0,9.19,2054,Sale Pending,29,13.484
2026-08-19,DVC Resale Market,PLA4552,https://www.dvcresalemarket.com/listings/polynesian/pla4552/,Polynesian Villas,110,September,18700,170.0,8.33,2066,Sale Pending,-110,13.371
2026-08-19,DVC Resale Market,PL34507,https://www.dvcresalemarket.com/listings/polynesian/pl34507/,Polynesian Villas,100,September,17500,175.0,8.33,2066,Sale Pending,-73,13.397
2026-08-19,DVC Resale Market,BC92548,https://www.dvcresalemarket.com/listings/beach-club/bc92548/,Beach Club Villas,150,February,23250,155.0,9.81,2042,Available,0,20.097
2026-08-19,DVC Resale Market,AUC3484,https://www.dvcresalemarket.com/listings/aulani/auc3484/,Aulani,375,March,33375,89.0,10.96,2062,Available,-336,14.022
2026-08-19,DVC Resale Market,OK24974,https://www.dvcresalemarket.com/listings/old-key-west/ok24974/,Old Key West,50,October,6100,122.0,11.21,2042,Available,-34,21.116
2026-08-19,DVC Resale Market,SS28494,https://www.dvcresalemarket.com/listings/saratoga-springs/ss28494/,Saratoga Springs,25,August,3550,142.0,9.19,2054,Available,-25,16.539
2026-08-19,DVC Resale Market,SS88475,https://www.dvcresalemarket.com/listings/saratoga-springs/ss88475/,Saratoga Springs,100,June,11600,116.0,9.19,2054,Available,-93,14.424
2026-08-19,DVC Resale Market,PLF4581,https://www.dvcresalemarket.com/listings/polynesian/plf4581/,Polynesian Villas,200,June,34800,174.0,8.33,2066,Sale Pending,-91,13.103
2026-08-19,DVC Resale Market,AUF3482,https://www.dvcresalemarket.com/listings/aulani/auf3482/,Aulani,160,September,15840,99.0,10.96,2062,Offer Accepted,0,13.984
2026-08-19,DVC Resale Market,OK34968,https://www.dvcresalemarket.com/listings/old-key-west/ok34968/,Old Key West,160,October,17120,107.0,11.21,2057,Sale Pending,36,14.802
2026-08-19,DVC Resale Market,SS28342,https://www.dvcresalemarket.com/listings/saratoga-springs/ss28342/,Saratoga Springs,225,February,21600,96.0,9.19,2054,Sale Pending,-225,13.522
2026-08-19,DVC Resale Market,GF23288,https://www.dvcresalemarket.com/listings/grand-floridian/gf23288/,Grand Floridian Villas,50,August,9300,186.0,8.31,2064,Available,0,13.857
2026-08-19,DVC Resale Market,HH31772,https://www.dvcresalemarket.com/listings/hilton-head/hh31772/,Hilton Head Island,55,June,4125,75.0,12.86,2042,Sale Pending,0,18.927
2026-08-19,DVC Resale Market,BWA3387,https://www.dvcresalemarket.com/listings/boardwalk/bwa3387/,BoardWalk Villas,440,March,51480,117.0,9.67,2042,Available,0,17.244
2026-08-19,DVC Resale Market,GF63279,https://www.dvcresalemarket.com/listings/grand-floridian/gf63279/,Grand Floridian Villas,250,December,41500,166.0,8.31,2064,Sale Pending,10,12.84
2026-08-19,DVC Resale Market,AKC6372,https://www.dvcresalemarket.com/listings/animal-kingdom-lodge/akc6372/,Animal Kingdom Villas,250,August,27750,111.0,10.16,2057,Available,0,13.935
2026-08-19,DVC Resale Market,GCF1838,https://www.dvcresalemarket.com/listings/grand-californian/gcf1838/,Grand Californian Villas,160,August,42720,267.0,9.52,2060,Available,148,17.08
2026-08-19,DVC Resale Market,BWB3350,https://www.dvcresalemarket.com/listings/boardwalk/bwb3350/,BoardWalk Villas,150,March,18000,120.0,9.67,2042,Available,-298,20.108
2026-08-19,DVC Resale Market,BC22516,https://www.dvcresalemarket.com/listings/beach-club/bc22516/,Beach Club Villas,200,December,27200,136.0,9.81,2042,Available,-200,19.969
2026-08-19,DVC Resale Market,BC22514,https://www.dvcresalemarket.com/listings/beach-club/bc22514/,Beach Club Villas,240,December,32400,135.0,9.81,2042,Available,-240,19.857
2026-08-19,DVC Resale Market,GCB1829,https://www.dvcresalemarket.com/listings/grand-californian/gcb1829/,Grand Californian Villas,160,August,39840,249.0,9.52,2060,Available,-155,17.608
2026-08-19,DVC Resale Market,GC61830,https://www.dvcresalemarket.com/listings/grand-californian/gc61830/,Grand Californian Villas,400,August,100000,250.0,9.52,2060,Available,176,16.721
2026-08-19,DVC Resale Market,SS38477,https://www.dvcresalemarket.com/listings/saratoga-springs/ss38477/,Saratoga Springs,130,December,14300,110.0,9.19,2054,Sale Pending,-130,14.165
2026-08-19,DVC Resale Market,AUC3459,https://www.dvcresalemarket.com/listings/aulani/auc3459/,Aulani,100,September,9700,97.0,10.96,2062,Offer Accepted,0,14.093
2026-08-19,DVC Resale Market,SSB8374,https://www.dvcresalemarket.com/listings/saratoga-springs/ssb8374/,Saratoga Springs,275,April,27500,100.0,9.19,2054,Available,-548,14.31
2026-08-19,DVC Resale Market,BLA3724,https://www.dvcresalemarket.com/listings/bay-lake-tower/bla3724/,Bay Lake Tower,50,February,7500,150.0,8.74,2060,Available,-99,14.964
2026-08-19,DVC Resale Market,AUC3489,https://www.dvcresalemarket.com/listings/aulani/auc3489/,Aulani,220,October,20680,94.0,10.96,2062,Available,-140,14.106
2026-08-19,DVC Resale Market,AU83483,https://www.dvcresalemarket.com/listings/aulani/au83483/,Aulani,330,March,29700,90.0,10.96,2062,Available,-286,14.05
2026-08-19,DVC Resale Market,AU83488,https://www.dvcresalemarket.com/listings/aulani/au83488/,Aulani,400,March,35200,88.0,10.96,2062,Available,-400,14.042
2026-08-19,DVC Resale Market,OK74961,https://www.dvcresalemarket.com/listings/old-key-west/ok74961/,Old Key West,210,August,19740,94.0,11.21,2042,Available,0,17.501
2026-08-19,DVC Resale Market,DHB1121,https://www.dvcresalemarket.com/listings/disneyland-hotel/dhb1121/,Villas at Disneyland Hotel,150,August,23250,155.0,10.54,2073,Available,-18,14.056
2026-08-19,DVC Resale Market,OKA2366,https://www.dvcresalemarket.com/listings/old-key-west/oka2366/,Old Key West,150,June,15000,100.0,11.21,2042,Available,-95,18.774
2026-08-19,DVC Resale Market,AKA6373,https://www.dvcresalemarket.com/listings/animal-kingdom-lodge/aka6373/,Animal Kingdom Villas,150,August,17250,115.0,10.16,2057,Available,-299,15.388
2026-08-19,DVC Resale Market,AU63364,https://www.dvcresalemarket.com/listings/aulani/au63364/,Aulani,300,August,33000,110.0,10.96,2062,Available,200,13.81
2026-08-19,DVC Resale Market,HHB1798,https://www.dvcresalemarket.com/listings/hilton-head/hhb1798/,Hilton Head Island,200,August,15000,75.0,12.86,2042,Available,-172,18.96
2026-08-19,DVC Resale Market,OK24952,https://www.dvcresalemarket.com/listings/old-key-west/ok24952/,Old Key West,50,March,5500,110.0,11.21,2042,Sale Pending,-48,20.674
2026-08-19,DVC Resale Market,GFB3284,https://www.dvcresalemarket.com/listings/grand-floridian/gfb3284/,Grand Floridian Villas,200,December,33000,165.0,8.31,2064,Sale Pending,-114,13.153
2026-08-19,DVC Resale Market,CCB2961,https://www.dvcresalemarket.com/listings/copper-creek/ccb2961/,Copper Creek Villas,75,August,11700,156.0,9.02,2068,Sale Pending,0,13.143
2026-08-19,DVC Resale Market,BLA3699,https://www.dvcresalemarket.com/listings/bay-lake-tower/bla3699/,Bay Lake Tower,25,April,4150,166.0,8.74,2060,Sale Pending,0,14.962
2026-08-19,DVC Resale Market,BC82543,https://www.dvcresalemarket.com/listings/beach-club/bc82543/,Beach Club Villas,250,February,33750,135.0,9.81,2042,Available,-500,21.032
2026-08-19,DVC Resale Market,BCA2547,https://www.dvcresalemarket.com/listings/beach-club/bca2547/,Beach Club Villas,220,March,31240,142.0,9.81,2042,Available,-283,20.667
2026-08-19,DVC Resale Market,PLE4579,https://www.dvcresalemarket.com/listings/polynesian/ple4579/,Polynesian Villas,100,April,17500,175.0,8.33,2066,Available,-106,13.553
2026-08-19,DVC Resale Market,BCE2542,https://www.dvcresalemarket.com/listings/beach-club/bce2542/,Beach Club Villas,130,March,21190,163.0,9.81,2042,Available,0,20.68
2026-08-19,DVC Resale Market,GCB1828,https://www.dvcresalemarket.com/listings/grand-californian/gcb1828/,Grand Californian Villas,160,August,42080,263.0,9.52,2060,Available,96,17.144
2026-08-19,DVC Resale Market,GCE1846,https://www.dvcresalemarket.com/listings/grand-californian/gce1846/,Grand Californian Villas,200,June,49800,249.0,9.52,2060,Available,-262,17.756
2026-08-19,DVC Resale Market,GC21810,https://www.dvcresalemarket.com/listings/grand-californian/gc21810/,Grand Californian Villas,130,August,33020,254.0,9.52,2060,Available,-44,17.453
2026-08-19,DVC Resale Market,AUB3414,https://www.dvcresalemarket.com/listings/aulani/aub3414/,Aulani,100,August,11000,110.0,10.96,2062,Available,0,14.454
2026-08-19,DVC Resale Market,AUB3357,https://www.dvcresalemarket.com/listings/aulani/aub3357/,Aulani,100,August,11000,110.0,10.96,2062,Available,0,14.454
2026-08-19,DVC Resale Market,AK76303,https://www.dvcresalemarket.com/listings/animal-kingdom-lodge/ak76303/,Animal Kingdom Villas,160,October,18880,118.0,10.16,2057,Available,6,14.224
2026-08-19,DVC Resale Market,RRB2302,https://www.dvcresalemarket.com/listings/rivieraresort/rrb2302/,Riviera Resort,500,August,52000,104.0,9.46,2070,Available,-448,12.295
2026-08-19,DVC Resale Market,HH61788,https://www.dvcresalemarket.com/listings/hilton-head/hh61788/,Hilton Head Island,300,October,21000,70.0,12.86,2042,Available,8,17.469
2026-08-19,DVC Resale Market,AK26368,https://www.dvcresalemarket.com/listings/animal-kingdom-lodge/ak26368/,Animal Kingdom Villas,160,December,17440,109.0,10.16,2057,Available,-160,14.567
2026-08-19,DVC Resale Market,VBC2592,https://www.dvcresalemarket.com/listings/vero-beach/vbc2592/,Vero Beach,200,August,12000,60.0,14.89,2042,Available,-200,20.237
2026-08-19,DVC Resale Market,GC91848,https://www.dvcresalemarket.com/listings/grand-californian/gc91848/,Grand Californian Villas,160,June,40640,254.0,9.52,2060,Available,-160,17.773
2026-08-19,DVC Resale Market,PLA4506,https://www.dvcresalemarket.com/listings/polynesian/pla4506/,Polynesian Villas,75,December,13575,181.0,8.33,2066,Available,11,13.228
2026-08-19,DVC Resale Market,AU83462,https://www.dvcresalemarket.com/listings/aulani/au83462/,Aulani,330,April,37950,115.0,10.96,2062,Available,0,14.287
2026-08-19,DVC Resale Market,SSB8363,https://www.dvcresalemarket.com/listings/saratoga-springs/ssb8363/,Saratoga Springs,250,December,25750,103.0,9.19,2054,Available,-248,13.752
2026-08-19,DVC Resale Market,BCB2411,https://www.dvcresalemarket.com/listings/beach-club/bcb2411/,Beach Club Villas,250,March,34750,139.0,9.81,2042,Available,-223,19.971
2026-08-19,DVC Resale Market,BCE2536,https://www.dvcresalemarket.com/listings/beach-club/bce2536/,Beach Club Villas,100,February,15500,155.0,9.81,2042,Available,-92,21.433
2026-08-19,DVC Resale Market,AU33476,https://www.dvcresalemarket.com/listings/aulani/au33476/,Aulani,500,September,51500,103.0,10.96,2062,Available,0,13.909
2026-08-19,DVC Resale Market,AU33474,https://www.dvcresalemarket.com/listings/aulani/au33474/,Aulani,500,September,51500,103.0,10.96,2062,Available,0,13.909
2026-08-19,DVC Resale Market,BWB3376,https://www.dvcresalemarket.com/listings/boardwalk/bwb3376/,BoardWalk Villas,400,October,46800,117.0,9.67,2042,Available,-156,17.724
2026-08-19,DVC Resale Market,VB82581,https://www.dvcresalemarket.com/listings/vero-beach/vb82581/,Vero Beach,230,June,13800,60.0,14.89,2042,Available,-230,20.189
2026-08-19,DVC Resale Market,BLC3707,https://www.dvcresalemarket.com/listings/bay-lake-tower/blc3707/,Bay Lake Tower,50,February,7750,155.0,8.74,2060,Available,-50,14.563
2026-08-19,DVC Resale Market,SSC8447,https://www.dvcresalemarket.com/listings/saratoga-springs/ssc8447/,Saratoga Springs,160,September,17600,110.0,9.19,2054,Available,-119,13.931
2026-08-19,DVC Resale Market,VBA2586,https://www.dvcresalemarket.com/listings/vero-beach/vba2586/,Vero Beach,250,March,15500,62.0,14.89,2042,Available,0,19.102
2026-08-19,DVC Resale Market,BCC2339,https://www.dvcresalemarket.com/listings/beach-club/bcc2339/,Beach Club Villas,150,February,21600,144.0,9.81,2042,Available,-171,20.755
2026-08-19,DVC Resale Market,SSB8443,https://www.dvcresalemarket.com/listings/saratoga-springs/ssb8443/,Saratoga Springs,210,February,21000,100.0,9.19,2054,Available,-418,14.353
2026-08-19,DVC Resale Market,GC21825,https://www.dvcresalemarket.com/listings/grand-californian/gc21825/,Grand Californian Villas,250,June,60750,243.0,9.52,2060,Available,-471,17.865
2026-08-19,DVC Resale Market,GC21768,https://www.dvcresalemarket.com/listings/grand-californian/gc21768/,Grand Californian Villas,210,October,52080,248.0,9.52,2060,Available,-210,17.545
2026-08-19,DVC Resale Market,DHB1101,https://www.dvcresalemarket.com/listings/disneyland-hotel/dhb1101/,Villas at Disneyland Hotel,150,September,23100,154.0,10.54,2073,Available,-150,14.391
2026-08-19,DVC Resale Market,CCE2931,https://www.dvcresalemarket.com/listings/copper-creek/cce2931/,Copper Creek Villas,75,October,11175,149.0,9.02,2068,Available,-75,13.429
2026-08-19,DVC Resale Market,CCE2941,https://www.dvcresalemarket.com/listings/copper-creek/cce2941/,Copper Creek Villas,75,October,11175,149.0,9.02,2068,Available,-75,13.429
2026-08-19,DVC Resale Market,BL53482,https://www.dvcresalemarket.com/listings/bay-lake-tower/bl53482/,Bay Lake Tower,160,December,23200,145.0,8.74,2060,Available,-140,13.758
2026-08-19,DVC Resale Market,AUE3424,https://www.dvcresalemarket.com/listings/aulani/aue3424/,Aulani,50,February,5350,107.0,10.96,2062,Available,-50,15.338
2026-08-19,DVC Resale Market,AU23455,https://www.dvcresalemarket.com/listings/aulani/au23455/,Aulani,100,June,10400,104.0,10.96,2062,Available,-200,15.343
2026-08-19,The DVC Store,AR150-12-0213,https://www.dvcstore.com/resort/aulani/ar150-12-0213/,Aulani,150,December,15750,105.0,10.9572,2062,Available,0,14.166
2026-08-19,The DVC Store,AK140-12-0225,https://www.dvcstore.com/resort/animal-kingdom/ak140-12-0225/,Animal Kingdom Villas,140,December,15400,110.0,10.1608,2057,Sold,0,13.969
2026-08-19,The DVC Store,AK200-10-0112-1,https://www.dvcstore.com/resort/animal-kingdom/ak200-10-0112-1/,Animal Kingdom Villas,200,October,20000,100.0,10.1608,2057,Sold,0,13.578
2026-08-19,The DVC Store,AK200-12-1018,https://www.dvcstore.com/resort/animal-kingdom/ak200-12-1018/,Animal Kingdom Villas,200,December,20600,103.0,10.1608,2057,Sold,4,13.664
2026-08-19,The DVC Store,AK200-12-1102,https://www.dvcstore.com/resort/animal-kingdom/ak200-12-1102/,Animal Kingdom Villas,200,December,22400,112.0,10.1608,2057,Sold,0,13.968
2026-08-19,The DVC Store,BLT160-02-1208,https://www.dvcstore.com/resort/bay-lake-tower/blt160-02-1208/,Bay Lake Tower,160,February,20000,125.0,8.7415,2060,Sold,0,12.636
2026-08-19,The DVC Store,BLT210-02-1112-1,https://www.dvcstore.com/resort/bay-lake-tower/blt210-02-1112-1/,Bay Lake Tower,210,February,28980,138.0,8.7415,2060,Sold,202,12.441
2026-08-19,The DVC Store,BW150-09-1213,https://www.dvcstore.com/resort/boardwalk-villas/bw150-09-1213/,BoardWalk Villas,150,September,17250,115.0,9.7617,2042,Sold,67,16.9
2026-08-19,The DVC Store,GCAL200-06-1210,https://www.dvcstore.com/resort/grand-californian/gcal200-06-1210/,Grand Californian Villas,200,June,49000,245.0,9.5203,2060,Sold,0,16.904
2026-08-19,The DVC Store,GF080-04-1012,https://www.dvcstore.com/resort/grand-floridian/gf080-04-1012/,Grand Floridian Villas,80,April,13200,165.0,8.3142,2064,Sold,0,13.012
2026-08-19,The DVC Store,GF276-08-0317,https://www.dvcstore.com/resort/grand-floridian/gf276-08-0317/,Grand Floridian Villas,276,August,41124,149.0,8.3142,2064,Sold,-552,13.373
2026-08-19,The DVC Store,GF100-04-0428,https://www.dvcstore.com/resort/grand-floridian/gf100-04-0428/,Grand Floridian Villas,100,April,15800,158.0,8.3142,2064,Sold,0,12.771
2026-08-19,The DVC Store,HH200-09-0918,https://www.dvcstore.com/resort/hilton-head/hh200-09-0918/,Hilton Head Island,200,September,10000,50.0,12.8621,2042,Sold,0,16.373
2026-08-19,The DVC Store,HH210-12-1113,https://www.dvcstore.com/resort/hilton-head/hh210-12-1113/,Hilton Head Island,210,December,12600,60.0,12.8621,2042,Sold,0,16.983
2026-08-19,The DVC Store,OKW100-02-0123,https://www.dvcstore.com/resort/old-key-west/okw100-02-0123/,Old Key West,100,February,8600,86.0,11.2054,2042,Sold,0,17.219
2026-08-19,The DVC Store,OKW150-06-1208,https://www.dvcstore.com/resort/old-key-west/okw150-06-1208/,Old Key West,150,June,12300,82.0,11.2054,2042,Sold,-14,16.889
2026-08-19,The DVC Store,OKW2057230-04-1209,https://www.dvcstore.com/resort/old-key-west-2057/okw2057230-04-1209/,Old Key West (2057),230,April,20470,89.0,11.2054,2057,Sold,-230,14.855
2026-08-19,The DVC Store,OKW210-04-1110,https://www.dvcstore.com/resort/old-key-west/okw210-04-1110/,Old Key West,210,April,17640,84.0,11.2054,2042,Sold,420,14.422
2026-08-19,The DVC Store,OKW230-04-1124,https://www.dvcstore.com/resort/old-key-west/okw230-04-1124/,Old Key West,230,April,16790,73.0,11.2054,2042,Sold,44,15.85
2026-08-19,The DVC Store,RV300-08-0819,https://www.dvcstore.com/resort/riviera/rv300-08-0819/,Riviera Resort,300,August,33000,110.0,9.4553,2070,Sold,0,12.056
2026-08-19,The DVC Store,SS160-06-1215,https://www.dvcstore.com/resort/saratoga-springs/ss160-06-1215/,Saratoga Springs,160,June,15360,96.0,9.1877,2054,Sold,102,12.436
2026-08-19,The DVC Store,SS150-09-1126,https://www.dvcstore.com/resort/saratoga-springs/ss150-09-1126/,Saratoga Springs,150,September,15000,100.0,9.1877,2054,Sold,0,13.028
2026-08-19,The DVC Store,SS180-09-1013,https://www.dvcstore.com/resort/saratoga-springs/ss180-09-1013/,Saratoga Springs,180,September,17280,96.0,9.1877,2054,Sold,2,12.835
2026-08-19,The DVC Store,SS500-02-1021,https://www.dvcstore.com/resort/saratoga-springs/ss500-02-1021/,Saratoga Springs,500,February,44000,88.0,9.1877,2054,Sold,0,12.436
2026-08-19,The DVC Store,VB150-02-1031,https://www.dvcstore.com/resort/vero-beach/vb150-02-1031/,Vero Beach,150,February,6900,46.0,14.8939,2042,Sold,30,17.953
2026-08-19,The DVC Store,VB150-02-1209,https://www.dvcstore.com/resort/vero-beach/vb150-02-1209/,Vero Beach,150,February,6450,43.0,14.8939,2042,Sold,16,17.874
2026-08-19,The DVC Store,VB210-03-0708-1,https://www.dvcstore.com/resort/vero-beach/vb210-03-0708-1/,Vero Beach,210,March,9450,45.0,14.8939,2042,Sold,0,18.011
2026-08-19,The DVC Store,VB210-12-1216,https://www.dvcstore.com/resort/vero-beach/vb210-12-1216/,Vero Beach,210,December,7980,38.0,14.8939,2042,Sold,0,17.572
2026-08-19,The DVC Store,VB225-08-1112-1,https://www.dvcstore.com/resort/vero-beach/vb225-08-1112-1/,Vero Beach,225,August,9000,40.0,14.8939,2042,Sold,0,17.678
2026-08-19,The DVC Store,VB250-12-0511,https://www.dvcstore.com/resort/vero-beach/vb250-12-0511/,Vero Beach,250,December,11250,45.0,14.8939,2042,Sold,0,17.974
2026-08-19,The DVC Store,WLCC175-06-1212,https://www.dvcstore.com/resort/copper-creek/wlcc175-06-1212/,Copper Creek Villas,175,June,23625,135.0,9.0,2068,Sold,18,12.402
2026-08-19,The DVC Store,SS160-12-1028-1,https://www.dvcstore.com/resort/saratoga-springs/ss160-12-1028-1/,Saratoga Springs,160,December,15680,98.0,9.1877,2054,Sold,0,12.941
2026-08-19,The DVC Store,VB100-09-0127,https://www.dvcstore.com/resort/vero-beach/vb100-09-0127/,Vero Beach,100,September,4500,45.0,14.8939,2042,Sale Pending,0,18.332
2026-08-19,The DVC Store,SS250-12-0127,https://www.dvcstore.com/resort/saratoga-springs/ss250-12-0127/,Saratoga Springs,250,December,24000,96.0,9.1877,2054,Sale Pending,0,12.791
2026-08-19,The DVC Store,AK167-06-0127,https://www.dvcstore.com/resort/animal-kingdom/ak167-06-0127/,Animal Kingdom Villas,167,June,15030,90.0,10.1608,2057,Sold,0,13.282
2026-08-19,The DVC Store,BLT160-06-0215-1,https://www.dvcstore.com/resort/bay-lake-tower/blt160-02-0215-1/,Bay Lake Tower,160,June,20960,131.0,8.7415,2060,Sold,48,12.646
2026-08-19,The DVC Store,OKW270-12-1118-1,https://www.dvcstore.com/resort/old-key-west/okw270-12-1118-1/,Old Key West,270,December,20250,75.0,11.2054,2042,Sale Pending,139,15.556
2026-08-19,The DVC Store,VDH150-02-0418,https://www.dvcstore.com/resort/disneyland-hotel/vdh150-02-0418/,Villas at Disneyland Hotel,150,February,22500,150.0,10.5354,2074,Available,-286,14.588
2026-08-19,The DVC Store,SS160-09-0421,https://www.dvcstore.com/resort/saratoga-springs/ss160-09-0421/,Saratoga Springs,160,September,15520,97.0,9.1877,2054,Sold,6,12.879
2026-08-19,The DVC Store,OKW269-09-0107,https://www.dvcstore.com/resort/old-key-west/okw269-09-0107/,Old Key West,269,September,20175,75.0,11.2054,2042,Sold,10,16.124
2026-08-19,The DVC Store,OKW150-02-0409,https://www.dvcstore.com/resort/old-key-west/okw150-02-0409/,Old Key West,150,February,12300,82.0,11.2054,2042,Sold,0,16.778
2026-08-19,The DVC Store,BW150-10-0423,https://www.dvcstore.com/resort/boardwalk-villas/bw150-10-0423/,BoardWalk Villas,150,October,17850,119.0,9.7617,2042,Sold,84,17.012
2026-08-19,The DVC Store,BC250-03-0429,https://www.dvcstore.com/resort/beach-club-villas/bc250-03-0429/,Beach Club Villas,250,March,33750,135.0,9.8113,2042,Sold,0,18.583
2026-08-19,The DVC Store,OKW270-10-0416,https://www.dvcstore.com/resort/old-key-west/okw270-10-0416/,Old Key West,270,October,20250,75.0,11.2054,2042,Sold,-380,17.839
2026-08-19,The DVC Store,BW270-02-0225,https://www.dvcstore.com/resort/boardwalk-villas/bw270-02-0225/,BoardWalk Villas,270,February,30240,112.0,9.7617,2042,Sold,0,17.063
2026-08-19,The DVC Store,OKW150-02-0317,https://www.dvcstore.com/resort/old-key-west/okw150-02-0317/,Old Key West,150,February,12600,84.0,11.2054,2042,Sold,0,16.664
2026-08-19,The DVC Store,SS160-12-0518,https://www.dvcstore.com/resort/saratoga-springs/ss160-12-0518-2/,Saratoga Springs,160,December,14400,90.0,9.1877,2054,Available,-160,13.323
2026-08-19,The DVC Store,SS200-12-0518,https://www.dvcstore.com/resort/saratoga-springs/ss200-12-0518/,Saratoga Springs,200,December,18200,91.0,9.1877,2054,Available,-200,13.321
2026-08-19,The DVC Store,AK050-08-0521,https://www.dvcstore.com/resort/animal-kingdom/ak050-08-0521/,Animal Kingdom Villas,50,August,6000,120.0,10.1608,2057,Sale Pending,100,13.455
2026-08-19,The DVC Store,BW200-02-0428,https://www.dvcstore.com/resort/boardwalk-villas/bw200-02-0428/,BoardWalk Villas,200,February,25000,125.0,9.7617,2042,Sold,0,17.965
2026-08-19,The DVC Store,SS150-02-0520,https://www.dvcstore.com/resort/saratoga-springs/ss150-02-0520/,Saratoga Springs,150,February,14400,96.0,9.1877,2054,Sold,0,12.885
2026-08-19,The DVC Store,AR025-03-0526,https://www.dvcstore.com/resort/aulani/ar025-03-0526/,Aulani,25,March,2875,115.0,10.9572,2062,Available,0,15.707
2026-08-19,The DVC Store,AR220-03-0526,https://www.dvcstore.com/resort/aulani/ar220-03-0526/,Aulani,220,March,23100,105.0,10.9572,2062,Available,0,14.051
2026-08-19,The DVC Store,BC250-03-0403,https://www.dvcstore.com/resort/beach-club-villas/bc250-03-0403/,Beach Club Villas,250,March,34750,139.0,9.8113,2042,Available,54,18.579
2026-08-19,The DVC Store,AK210-12-0518,https://www.dvcstore.com/resort/animal-kingdom/ak210-12-0518/,Animal Kingdom Villas,210,December,19740,94.0,10.1608,2057,Sale Pending,-210,13.988
2026-08-19,The DVC Store,AR200-04-0409,https://www.dvcstore.com/resort/aulani/ar200-04-0409/,Aulani,200,April,19600,98.0,10.9572,2062,Sale Pending,0,13.874
2026-08-19,The DVC Store,BW050-10-0602,https://www.dvcstore.com/resort/boardwalk-villas/bw050-10-0602/,BoardWalk Villas,50,October,6500,130.0,9.7617,2042,Sale Pending,12,18.867
2026-08-19,The DVC Store,GF075-10-0602,https://www.dvcstore.com/resort/grand-floridian/gf075-10-0602/,Grand Floridian Villas,75,October,13350,178.0,8.3142,2064,Sale Pending,-10,13.444
2026-08-19,The DVC Store,AK100-06-0602,https://www.dvcstore.com/resort/animal-kingdom/ak100-06-0602/,Animal Kingdom Villas,100,June,10900,109.0,10.1608,2057,Sale Pending,0,14.022
2026-08-19,The DVC Store,BLT100-10-0602,https://www.dvcstore.com/resort/bay-lake-tower/blt100-10-0602/,Bay Lake Tower,100,October,13800,138.0,8.7415,2060,Sale Pending,-32,13.299
2026-08-19,The DVC Store,SS075-06-0423,https://www.dvcstore.com/resort/saratoga-springs/ss075-06-0423/,Saratoga Springs,75,June,8025,107.0,9.1877,2054,Sale Pending,-75,14.172
2026-08-19,The DVC Store,PV200-10-0408-1,https://www.dvcstore.com/resort/polynesian-villas-and-bungalows/pv200-10-0408-1/,Polynesian Villas,200,October,32000,160.0,8.3334,2066,Sold,-400,13.448
2026-08-19,The DVC Store,BC270-02-0519,https://www.dvcstore.com/resort/beach-club-villas/bc270-02-0519/,Beach Club Villas,270,February,33750,125.0,9.8113,2042,Sold,-540,20.309
2026-08-19,The DVC Store,SS160-12-0505,https://www.dvcstore.com/resort/saratoga-springs/ss160-12-0505/,Saratoga Springs,160,December,15200,95.0,9.1877,2054,Sale Pending,-306,14.13
2026-08-19,The DVC Store,AR120-12-0331,https://www.dvcstore.com/resort/aulani/ar120-12-0331/,Aulani,120,December,11880,99.0,10.9572,2062,Available,-14,14.093
2026-08-19,The DVC Store,HH060-03-0518,https://www.dvcstore.com/resort/hilton-head/hh060-03-0518/,Hilton Head Island,60,March,4800,80.0,12.8621,2042,Sold,0,19.13
2026-08-19,The DVC Store,OKW050-08-0624,https://www.dvcstore.com/resort/old-key-west/okw050-08-0624/,Old Key West,50,August,4500,90.0,11.2054,2042,Sold,-76,19.887
2026-08-19,The DVC Store,AR100-02-0602,https://www.dvcstore.com/resort/aulani/ar100-02-0602/,Aulani,100,February,9700,97.0,10.9572,2062,Available,0,14.041
2026-08-19,The DVC Store,VB100-03-0707,https://www.dvcstore.com/resort/vero-beach/vb100-03-0707/,Vero Beach,100,March,7400,74.0,14.8939,2042,Available,0,20.155
2026-08-19,The DVC Store,SS075-06-0707,https://www.dvcstore.com/resort/saratoga-springs/ss075-06-0707/,Saratoga Springs,75,June,8025,107.0,9.1877,2054,Sold,0,13.493
2026-08-19,The DVC Store,SS200-12-0505,https://www.dvcstore.com/resort/saratoga-springs/ss200-12-0505-2/,Saratoga Springs,200,December,19000,95.0,9.1877,2054,Sale Pending,-400,14.144
2026-08-19,The DVC Store,WLCC250-10-0527,https://www.dvcstore.com/resort/copper-creek/wlcc250-10-0527/,Copper Creek Villas,250,October,38750,155.0,9.0,2068,Available,-500,13.727
2026-08-19,The DVC Store,OKW300-12-0518,https://www.dvcstore.com/resort/old-key-west/okw300-12-0518/,Old Key West,300,December,20700,69.0,11.2054,2042,Available,-600,18.142
2026-08-19,The DVC Store,HH080-02-0707,https://www.dvcstore.com/resort/hilton-head/hh080-02-0707/,Hilton Head Island,80,February,7600,95.0,12.8621,2042,Sold,0,19.759
2026-08-19,The DVC Store,OKW100-02-0722,https://www.dvcstore.com/resort/old-key-west/okw100-02-0722/,Old Key West,100,February,9000,90.0,11.2054,2042,Available,10,17.35
2026-08-19,The DVC Store,VDH300-06-0727,https://www.dvcstore.com/resort/disneyland-hotel/vdh300-06-0727/,Villas at Disneyland Hotel,300,June,49500,165.0,10.5354,2074,Available,0,14.058
2026-08-19,The DVC Store,OKW2057125-02-0727,https://www.dvcstore.com/resort/old-key-west-2057/okw2057125-02-0727/,Old Key West (2057),125,February,14375,115.0,11.2054,2057,Available,0,15.195
2026-08-19,The DVC Store,BLT100-08-0728,https://www.dvcstore.com/resort/bay-lake-tower/blt100-08-0728/,Bay Lake Tower,100,August,14500,145.0,8.7415,2060,Available,0,13.326
2026-08-19,The DVC Store,BLT075-08-0728,https://www.dvcstore.com/resort/bay-lake-tower/blt075-08-0728/,Bay Lake Tower,75,August,10875,145.0,8.7415,2060,Available,0,13.426
2026-08-19,The DVC Store,BLT100-08-0728-1,https://www.dvcstore.com/resort/bay-lake-tower/blt100-08-0728-1/,Bay Lake Tower,100,August,14300,143.0,8.7415,2060,Available,0,13.267
2026-08-19,The DVC Store,VB400-12-0702,https://www.dvcstore.com/resort/vero-beach/vb400-12-0702/,Vero Beach,400,December,16000,40.0,14.8939,2042,Available,0,17.571
2026-08-19,The DVC Store,SS200-12-0728,https://www.dvcstore.com/resort/saratoga-springs/ss200-12-0728/,Saratoga Springs,200,December,19400,97.0,9.1877,2054,Available,26,12.774
2026-08-19,The DVC Store,AR100-08-0714,https://www.dvcstore.com/resort/aulani/ar100-08-0714/,Aulani,100,August,10300,103.0,10.9572,2062,Available,0,14.207
2026-08-19,The DVC Store,DLH250-08-0627,https://www.dvcstore.com/resort/disneyland-hotel/dlh250-08-0627/,Villas at Disneyland Hotel,250,August,36750,147.0,10.5354,2074,Available,0,13.699
2026-08-19,The DVC Store,SS150-08-0624,https://www.dvcstore.com/resort/saratoga-springs/ss150-08-0624-2/,Saratoga Springs,150,August,14550,97.0,9.1877,2054,Available,0,12.921
2026-08-19,The DVC Store,AR100-08-0720,https://www.dvcstore.com/resort/aulani/ar100-08-0720/,Aulani,100,August,10500,105.0,10.9572,2062,Available,0,14.332
2026-08-19,The DVC Store,OKW104-08-0621,https://www.dvcstore.com/resort/old-key-west/okw104-08-0621/,Old Key West,104,August,9360,90.0,11.2054,2042,Available,0,17.445
2026-08-19,The DVC Store,AK180-12-0729,https://www.dvcstore.com/resort/animal-kingdom/ak180-12-0729/,Animal Kingdom Villas,180,December,20700,115.0,10.1608,2057,Available,0,14.085
2026-08-19,The DVC Store,BW200-02-0707,https://www.dvcstore.com/resort/boardwalk-villas/bw200-02-0707/,BoardWalk Villas,200,February,26000,130.0,9.7617,2042,Available,400,15.9
2026-08-19,The DVC Store,SS160-08-0327,https://www.dvcstore.com/resort/saratoga-springs/ss160-08-0327-2/,Saratoga Springs,160,August,15520,97.0,9.1877,2054,Available,0,12.905
2026-08-19,The DVC Store,OKW2057025-04-0731,https://www.dvcstore.com/resort/old-key-west-2057/okw2057025-04-0731/,Old Key West (2057),25,April,3000,120.0,11.2054,2057,Available,-50,17.594
2026-08-19,The DVC Store,OKW2057100-04-0731,https://www.dvcstore.com/resort/old-key-west-2057/okw2057100-04-0731/,Old Key West (2057),100,April,9800,98.0,11.2054,2057,Available,-200,15.936
2026-08-19,The DVC Store,AR200-03-0512,https://www.dvcstore.com/resort/aulani/ar200-03-0512/,Aulani,200,March,19600,98.0,10.9572,2062,Available,0,13.874
2026-08-19,The DVC Store,OKW046-02-0514,https://www.dvcstore.com/resort/old-key-west/okw046-02-0514/,Old Key West,46,February,4370,95.0,11.2054,2042,Available,-88,20.775
2026-08-19,The DVC Store,AR035-02-0602,https://www.dvcstore.com/resort/aulani/ar035-02-0602/,Aulani,35,February,3850,110.0,10.9572,2062,Available,2,15.094
2026-08-19,The DVC Store,VDL070-02-0702,https://www.dvcstore.com/resort/disneyland-hotel/vdl070-02-0702/,Villas at Disneyland Hotel,70,February,12950,185.0,10.5354,2074,Available,-62,15.062
2026-08-19,The DVC Store,AR250-02-0713,https://www.dvcstore.com/resort/aulani/ar250-02-0713/,Aulani,250,February,25250,101.0,10.9572,2062,Available,-486,14.944
2026-08-19,The DVC Store,AR160-02-0805,https://www.dvcstore.com/resort/aulani/ar160-02-0805/,Aulani,160,February,16320,102.0,10.9572,2062,Available,0,14.034
2026-08-19,The DVC Store,OKW050-02-0805,https://www.dvcstore.com/resort/old-key-west/okw050-02-0805/,Old Key West,50,February,4750,95.0,11.2054,2042,Available,-69,20.033
2026-08-19,The DVC Store,SS050-02-0727,https://www.dvcstore.com/resort/saratoga-springs/ss050-02-0727/,Saratoga Springs,50,February,5950,119.0,9.1877,2054,Available,0,14.156
2026-08-19,The DVC Store,SS200-08-0810,https://www.dvcstore.com/resort/saratoga-springs/ss200-08-0810/,Saratoga Springs,200,August,19600,98.0,9.1877,2054,Available,-338,14.046
2026-08-19,The DVC Store,SS130-08-0617,https://www.dvcstore.com/resort/saratoga-springs/ss130-08-0617/,Saratoga Springs,130,August,13130,101.0,9.1877,2054,Sold,0,13.092
2026-08-19,The DVC Store,BW025-04-0805,https://www.dvcstore.com/resort/boardwalk-villas/bw025-04-0805/,BoardWalk Villas,25,April,3375,135.0,9.7617,2042,Sold,0,20.702
2026-08-19,The DVC Store,SS160-06-0620,https://www.dvcstore.com/resort/saratoga-springs/ss160-06-0620/,Saratoga Springs,160,June,14720,92.0,9.1877,2054,Sold,-314,14.057
2026-08-19,The DVC Store,SS250-12-0723,https://www.dvcstore.com/resort/saratoga-springs/ss250-12-0723/,Saratoga Springs,250,December,23500,94.0,9.1877,2054,Sold,0,12.72
2026-08-19,The DVC Store,SS110-10-0702,https://www.dvcstore.com/resort/saratoga-springs/ss110-10-0702/,Saratoga Springs,110,October,11000,100.0,9.1877,2054,Sold,-110,13.785
2026-08-19,The DVC Store,BW108-03-0413,https://www.dvcstore.com/resort/boardwalk-villas/bw108-03-0413/,BoardWalk Villas,108,March,13284,123.0,9.7617,2042,Sold,0,18.075
2026-08-19,The DVC Store,SS300-02-0728,https://www.dvcstore.com/resort/saratoga-springs/ss300-02-0728/,Saratoga Springs,300,February,29700,99.0,9.1877,2054,Sold,0,12.875
2026-08-19,The DVC Store,AK300-12-0713,https://www.dvcstore.com/resort/animal-kingdom/ak300-12-0713/,Animal Kingdom Villas,300,December,30900,103.0,10.1608,2057,Sold,-576,14.802
2026-08-19,The DVC Store,BLT160-12-0811,https://www.dvcstore.com/resort/bay-lake-tower/blt160-12-0811/,Bay Lake Tower,160,December,22880,143.0,8.7415,2060,Available,106,12.8
2026-08-19,The DVC Store,VB150-12-0811,https://www.dvcstore.com/resort/vero-beach/vb150-12-0811/,Vero Beach,150,December,9000,60.0,14.8939,2042,Available,0,19.07
2026-08-19,The DVC Store,BW150-03-0413,https://www.dvcstore.com/resort/boardwalk-villas/bw150-03-0413/,BoardWalk Villas,150,March,18450,123.0,9.7617,2042,Sold,0,17.927
2026-08-19,The DVC Store,GF025-12-0715,https://www.dvcstore.com/resort/grand-floridian/gf025-12-0715/,Grand Floridian Villas,25,December,4550,182.0,8.3142,2064,Available,-25,14.657
2026-08-19,The DVC Store,PV500-10-0528,https://www.dvcstore.com/resort/polynesian-villas-and-bungalows/pv500-10-0528/,Polynesian Villas,500,October,81500,163.0,8.3334,2066,Available,-838,13.306
2026-08-19,The DVC Store,SS250-02-0811,https://www.dvcstore.com/resort/saratoga-springs/ss250-02-0811-2/,Saratoga Springs,250,February,24750,99.0,9.1877,2054,Available,-500,14.257
2026-08-19,The DVC Store,OKW220-08-0512,https://www.dvcstore.com/resort/old-key-west/okw220-08-0512/,Old Key West,220,August,15180,69.0,11.2054,2042,Sold,-440,18.214
2026-08-19,The DVC Store,RV200-06-0324,https://www.dvcstore.com/resort/riviera/rv200-06-0324/,Riviera Resort,200,June,26000,130.0,9.4553,2070,Available,-400,13.415
2026-08-19,The DVC Store,AK220-09-0812,https://www.dvcstore.com/resort/animal-kingdom/ak220-09-0812/,Animal Kingdom Villas,220,September,21780,99.0,10.1608,2057,Available,-556,15.081
2026-08-19,The DVC Store,AR170-09-0812,https://www.dvcstore.com/resort/aulani/ar170-09-0812/,Aulani,170,September,16830,99.0,10.9572,2062,Available,-362,15.06
2026-08-19,The DVC Store,AR150-09-0812,https://www.dvcstore.com/resort/aulani/ar150-09-0812/,Aulani,150,September,14850,99.0,10.9572,2062,Available,-300,15.022
2026-08-19,The DVC Store,OKW190-06-0805,https://www.dvcstore.com/resort/old-key-west/okw190-06-0805/,Old Key West,190,June,16720,88.0,11.2054,2042,Available,0,17.078
2026-08-19,The DVC Store,OKW320-12-0728,https://www.dvcstore.com/resort/old-key-west/okw320-12-0728/,Old Key West,320,December,28800,90.0,11.2054,2042,Available,96,16.722
2026-08-19,The DVC Store,OKW220-12-0814,https://www.dvcstore.com/resort/old-key-west/okw220-12-0814/,Old Key West,220,December,18700,85.0,11.2054,2042,Available,0,16.846
2026-08-19,The DVC Store,RV600-08-0417,https://www.dvcstore.com/resort/riviera/rv600-08-0417/,Riviera Resort,600,August,66000,110.0,9.4553,2070,Sale Pending,0,12.023
2026-08-19,The DVC Store,BLT160-02-0816,https://www.dvcstore.com/resort/bay-lake-tower/blt160-02-0816/,Bay Lake Tower,160,February,23200,145.0,8.7415,2060,Available,-10,13.264
2026-08-19,The DVC Store,AR100-02-0411,https://www.dvcstore.com/resort/aulani/ar100-02-0411-2/,Aulani,100,February,10200,102.0,10.9572,2062,Sale Pending,0,14.228
2026-08-19,The DVC Store,AR150-03-0706,https://www.dvcstore.com/resort/aulani/ar150-03-0706/,Aulani,150,March,14100,94.0,10.9572,2062,Available,0,13.828
2026-08-19,The DVC Store,WLCC100-04-0817,https://www.dvcstore.com/resort/copper-creek/wlcc100-04-0817/,Copper Creek Villas,100,April,14500,145.0,9.0,2068,Available,0,12.724
2026-08-19,The DVC Store,WLCC100-04-0817-1,https://www.dvcstore.com/resort/copper-creek/wlcc100-04-0817-1/,Copper Creek Villas,100,April,14200,142.0,9.0,2068,Available,-106,13.132
2026-08-19,The DVC Store,SS210-10-0808,https://www.dvcstore.com/resort/saratoga-springs/ss210-10-0808/,Saratoga Springs,210,October,21000,100.0,9.1877,2054,Sale Pending,80,12.704
2026-08-19,The DVC Store,WLB200-08-0702,https://www.dvcstore.com/resort/boulder-ridge/wlb200-08-0702/,Boulder Ridge Villas,200,August,20400,102.0,9.7672,2042,Sold,0,16.513
2026-08-19,The DVC Store,WLB130-08-0728,https://www.dvcstore.com/resort/boulder-ridge/wlb130-08-0728/,Boulder Ridge Villas,130,August,14300,110.0,9.7672,2042,Sold,0,17.164
2026-08-19,The DVC Store,BW210-12-0818,https://www.dvcstore.com/resort/boardwalk-villas/bw210-12-0818/,BoardWalk Villas,210,December,25200,120.0,9.7617,2042,Available,144,16.814
2026-08-19,The DVC Store,WLB210-09-0409,https://www.dvcstore.com/resort/boulder-ridge/wlb210-09-0409/,Boulder Ridge Villas,210,September,19950,95.0,9.7672,2042,Sold,-230,17.358
2026-08-19,The DVC Store,SS150-09-0805,https://www.dvcstore.com/resort/saratoga-springs/ss150-09-0805-2/,Saratoga Springs,150,September,17250,115.0,9.1877,2054,Sale Pending,20,13.476
2026-08-19,The DVC Store,AK160-02-0807,https://www.dvcstore.com/resort/animal-kingdom/ak160-02-0807/,Animal Kingdom Villas,160,February,17440,109.0,10.1608,2057,Sold,0,13.908
2026-08-19,The DVC Store,AK100-09-0725,https://www.dvcstore.com/resort/animal-kingdom/ak100-09-0725/,Animal Kingdom Villas,100,September,12000,120.0,10.1608,2057,Sold,-36,14.599
2026-08-19,The DVC Store,AK120-06-0727,https://www.dvcstore.com/resort/animal-kingdom/ak120-06-0727/,Animal Kingdom Villas,120,June,14400,120.0,10.1608,2057,Sold,0,14.324
2026-08-19,The DVC Store,AK320-09-0713,https://www.dvcstore.com/resort/animal-kingdom/ak320-09-0713/,Animal Kingdom Villas,320,September,34560,108.0,10.1608,2057,Sold,308,13.191
2026-08-19,The DVC Store,AK300-06-0727,https://www.dvcstore.com/resort/animal-kingdom/ak300-06-0727/,Animal Kingdom Villas,300,June,29100,97.0,10.1608,2057,Sold,-400,14.244
2026-08-19,The DVC Store,AK100-06-0727,https://www.dvcstore.com/resort/animal-kingdom/ak100-06-0727/,Animal Kingdom Villas,100,June,11000,110.0,10.1608,2057,Sold,0,14.054
2026-08-19,The DVC Store,AR200-02-0723,https://www.dvcstore.com/resort/aulani/ar200-02-0723/,Aulani,200,February,24000,120.0,8.24,2062,Sold,-38,11.868
2026-08-19,The DVC Store,BLT160-02-0811,https://www.dvcstore.com/resort/bay-lake-tower/blt160-02-0811/,Bay Lake Tower,160,February,21120,132.0,8.7415,2060,Sold,0,12.844
2026-08-19,The DVC Store,BLT134-09-0730,https://www.dvcstore.com/resort/bay-lake-tower/blt134-09-0730/,Bay Lake Tower,134,September,17822,133.0,8.7415,2060,Sold,-102,13.33
2026-08-19,The DVC Store,BLT160-12-0729,https://www.dvcstore.com/resort/bay-lake-tower/blt160-12-0729/,Bay Lake Tower,160,December,22240,139.0,8.7415,2060,Sold,56,12.855
2026-08-19,The DVC Store,BLT160-12-0726,https://www.dvcstore.com/resort/bay-lake-tower/blt160-12-0726/,Bay Lake Tower,160,December,21920,137.0,8.7415,2060,Sold,320,11.875
2026-08-19,The DVC Store,BLT200-03-0320,https://www.dvcstore.com/resort/bay-lake-tower/blt200-03-0320/,Bay Lake Tower,200,March,27000,135.0,8.7415,2060,Sold,10,12.868
2026-08-19,The DVC Store,BC032-08-0815,https://www.dvcstore.com/resort/beach-club-villas/bc032-08-0815/,Beach Club Villas,32,August,4960,155.0,9.8113,2042,Sold,0,21.454
2026-08-19,The DVC Store,BC100-09-0806,https://www.dvcstore.com/resort/beach-club-villas/bc100-09-0806/,Beach Club Villas,100,September,13800,138.0,9.8113,2042,Sold,-18,19.329
2026-08-19,The DVC Store,BC250-02-0731,https://www.dvcstore.com/resort/beach-club-villas/bc250-02-0731-2/,Beach Club Villas,250,February,32500,130.0,9.8113,2042,Sold,0,18.266
2026-08-19,The DVC Store,BC050-02-0731,https://www.dvcstore.com/resort/beach-club-villas/bc050-02-0731/,Beach Club Villas,50,February,7400,148.0,9.8113,2042,Sold,0,20.326
2026-08-19,The DVC Store,BC250-02-0519,https://www.dvcstore.com/resort/beach-club-villas/bc250-02-0519/,Beach Club Villas,250,February,30000,120.0,9.8113,2042,Sold,-364,19.365
2026-08-19,The DVC Store,BW220-12-0721,https://www.dvcstore.com/resort/boardwalk-villas/bw220-12-0721/,BoardWalk Villas,220,December,26400,120.0,9.7617,2042,Sold,212,16.471
2026-08-19,The DVC Store,BW200-06-0602,https://www.dvcstore.com/resort/boardwalk-villas/bw200-06-0602/,BoardWalk Villas,200,June,24000,120.0,9.7617,2042,Sold,0,17.644
2026-08-19,The DVC Store,WLB170-02-0728,https://www.dvcstore.com/resort/boulder-ridge/wlb170-02-0728/,Boulder Ridge Villas,170,February,17000,100.0,9.7672,2042,Sold,0,16.436
2026-08-19,The DVC Store,WLB170-06-0717,https://www.dvcstore.com/resort/boulder-ridge/wlb170-06-0717/,Boulder Ridge Villas,170,June,17680,104.0,9.7672,2042,Sold,0,16.689
2026-08-19,The DVC Store,WLB240-06-0617,https://www.dvcstore.com/resort/boulder-ridge/wlb240-06-0617/,Boulder Ridge Villas,240,June,23520,98.0,9.7672,2042,Sold,0,16.209
2026-08-19,The DVC Store,WLCC175-09-0802,https://www.dvcstore.com/resort/copper-creek/wlcc175-09-0802/,Copper Creek Villas,175,September,23625,135.0,9.0,2068,Sold,0,12.381
2026-08-19,The DVC Store,WLCC175-03-0724,https://www.dvcstore.com/resort/copper-creek/wlcc175-03-0724/,Copper Creek Villas,175,March,23625,135.0,9.0,2068,Sold,0,12.381
2026-08-19,The DVC Store,GCAL160-06-0602,https://www.dvcstore.com/resort/grand-californian/gcal160-06-0602/,Grand Californian Villas,160,June,38400,240.0,9.5203,2060,Sold,0,16.801
2026-08-19,The DVC Store,GCAL060-06-0602,https://www.dvcstore.com/resort/grand-californian/gcal060-06-0602/,Grand Californian Villas,60,June,15120,252.0,9.5203,2060,Sold,0,17.512
2026-08-19,The DVC Store,GF060-02-0730,https://www.dvcstore.com/resort/grand-floridian/gf060-02-0730/,Grand Floridian Villas,60,February,10020,167.0,8.3142,2064,Sold,0,13.178
2026-08-19,The DVC Store,OKW2057100-06-0731,https://www.dvcstore.com/resort/old-key-west-2057/okw2057100-06-0731/,Old Key West (2057),100,June,10300,103.0,11.2054,2057,Sold,0,14.872
2026-08-19,The DVC Store,OKW2057025-08-0816,https://www.dvcstore.com/resort/old-key-west-2057/okw2057025-08-0816/,Old Key West (2057),25,August,2875,115.0,11.2054,2057,Sold,0,16.207
2026-08-19,The DVC Store,PV300-02-0722,https://www.dvcstore.com/resort/polynesian-villas-and-bungalows/pv300-02-0722/,Polynesian Villas,300,February,50400,168.0,8.3334,2066,Sold,0,12.664
2026-08-19,The DVC Store,PV150-09-0716,https://www.dvcstore.com/resort/polynesian-villas-and-bungalows/pv150-09-0716/,Polynesian Villas,150,September,24600,164.0,8.3334,2066,Sold,-174,13.19
2026-08-19,The DVC Store,PV050-08-0724,https://www.dvcstore.com/resort/polynesian-villas-and-bungalows/pv050-08-0724/,Polynesian Villas,50,August,9000,180.0,8.3334,2066,Sold,-50,13.819
2026-08-19,The DVC Store,RV500-02-0722,https://www.dvcstore.com/resort/riviera/rv500-02-0722/,Riviera Resort,500,February,59000,118.0,9.4553,2070,Sold,0,12.212
2026-08-19,The DVC Store,RV200-09-0708,https://www.dvcstore.com/resort/riviera/rv200-09-0708/,Riviera Resort,200,September,26000,130.0,9.4553,2070,Sold,-4,12.56
2026-08-19,The DVC Store,RV300-03-0603,https://www.dvcstore.com/resort/riviera/rv300-03-0603/,Riviera Resort,300,March,34500,115.0,9.4553,2070,Sold,-104,12.321
2026-08-19,The DVC Store,SS120-02-0804,https://www.dvcstore.com/resort/saratoga-springs/ss120-02-0804/,Saratoga Springs,120,February,12000,100.0,9.1877,2054,Sold,0,13.079
2026-08-19,The DVC Store,SS200-04-0805,https://www.dvcstore.com/resort/saratoga-springs/ss200-04-0805/,Saratoga Springs,200,April,19200,96.0,9.1877,2054,Sold,56,12.633
2026-08-19,The DVC Store,SS130-02-0728,https://www.dvcstore.com/resort/saratoga-springs/ss130-02-0728/,Saratoga Springs,130,February,13260,102.0,9.1877,2054,Sold,0,13.128
2026-08-19,The DVC Store,SS225-02-0723,https://www.dvcstore.com/resort/saratoga-springs/ss225-02-0723/,Saratoga Springs,225,February,22500,100.0,9.1877,2054,Sold,0,12.952
2026-08-19,The DVC Store,SS050-02-0723-1,https://www.dvcstore.com/resort/saratoga-springs/ss050-02-0723-1/,Saratoga Springs,50,February,5250,105.0,9.1877,2054,Sold,0,13.653
2026-08-19,The DVC Store,SS050-02-0723,https://www.dvcstore.com/resort/saratoga-springs/ss050-02-0723/,Saratoga Springs,50,February,5250,105.0,9.1877,2054,Sold,0,13.653
2026-08-19,The DVC Store,SS150-12-0709,https://www.dvcstore.com/resort/saratoga-springs/ss150-12-0709-2/,Saratoga Springs,150,December,14850,99.0,9.1877,2054,Sold,-172,13.77
2026-08-19,The DVC Store,SS255-08-0728,https://www.dvcstore.com/resort/saratoga-springs/ss255-08-0728/,Saratoga Springs,255,August,26775,105.0,9.1877,2054,Sold,0,13.113
2026-08-19,The DVC Store,RV175-12-0617,https://www.dvcstore.com/resort/riviera/rv175-12-0617/,Riviera Resort,175,December,24500,140.0,9.4553,2070,Sale Pending,350,11.934
2026-08-19,The DVC Store,OKW2057110-06-0811,https://www.dvcstore.com/resort/old-key-west-2057/okw2057110-06-0811/,Old Key West (2057),110,June,11770,107.0,11.2054,2057,Sale Pending,0,14.972
2026-08-19,The DVC Store,OKW230-06-0520,https://www.dvcstore.com/resort/old-key-west/okw230-06-0520/,Old Key West,230,June,15870,69.0,11.2054,2042,Sale Pending,-230,17.014
2026-08-19,The DVC Store,SS025-08-0815,https://www.dvcstore.com/resort/saratoga-springs/ss025-08-0815/,Saratoga Springs,25,August,3000,120.0,9.1877,2054,Sold,0,14.903
2026-08-19,DVC Sales,339,https://dvcsales.com/dvc-resale/aulani/205-points/339,Aulani,205,December,21730,106.0,10.96,2062,Unverified,0,14.041
2026-08-19,DVC Sales,496,https://dvcsales.com/dvc-resale/saratoga-springs/160-points/496,Saratoga Springs,160,August,18880,118.0,9.19,2054,Unverified,0,13.609
2026-08-19,DVC Sales,501,https://dvcsales.com/dvc-resale/animal-kingdom/360-points/501,Animal Kingdom Villas,360,September,38520,107.0,10.16,2057,Unverified,0,13.729
2026-08-19,DVC Sales,710,https://dvcsales.com/dvc-resale/vero-beach/430-points/710,Vero Beach,430,June,18920,44.0,14.89,2042,Unverified,0,17.851
2026-08-19,DVC Sales,854,https://dvcsales.com/dvc-resale/disneyland-hotel/150-points/854,Villas at Disneyland Hotel,150,February,23850,159.0,10.54,2074,Unverified,0,13.977
2026-08-19,DVC Sales,931,https://dvcsales.com/dvc-resale/aulani/160-points/931,Aulani,160,June,16000,100.0,10.96,2062,Unverified,0,13.897
2026-08-19,DVC Sales,945,https://dvcsales.com/dvc-resale/aulani/175-points/945,Aulani,175,June,17325,99.0,10.96,2062,Unverified,0,13.86
2026-08-19,DVC Sales,948,https://dvcsales.com/dvc-resale/disneyland-hotel/250-points/948,Villas at Disneyland Hotel,250,August,42500,170.0,10.54,2074,Unverified,0,14.173
2026-08-19,DVC Sales,949,https://dvcsales.com/dvc-resale/disneyland-hotel/150-points/949,Villas at Disneyland Hotel,150,August,25500,170.0,10.54,2074,Unverified,0,14.206
2026-08-19,DVC Sales,969,https://dvcsales.com/dvc-resale/aulani/115-points/969,Aulani,115,June,11615,101.0,10.96,2062,Unverified,0,13.965
2026-08-19,DVC Sales,981,https://dvcsales.com/dvc-resale/old-key-west57/230-points/981,Old Key West (2057),230,February,27140,118.0,11.21,2057,Unverified,0,15.164
2026-08-19,DVC Sales,999,https://dvcsales.com/dvc-resale/disneyland-hotel/65-points/999,Villas at Disneyland Hotel,65,April,10075,155.0,10.54,2074,Unverified,0,14.002
2026-08-19,DVC Sales,1004,https://dvcsales.com/dvc-resale/saratoga-springs/110-points/1004,Saratoga Springs,110,March,11440,104.0,9.19,2054,Unverified,0,13.169
2026-08-19,DVC Sales,1035,https://dvcsales.com/dvc-resale/vero-beach/80-points/1035,Vero Beach,80,February,4160,52.0,14.89,2042,Unverified,0,18.73
2026-08-19,DVC Sales,1082,https://dvcsales.com/dvc-resale/saratoga-springs/170-points/1082,Saratoga Springs,170,September,17340,102.0,9.19,2054,Unverified,0,13.029
2026-08-19,DVC Sales,1109,https://dvcsales.com/dvc-resale/polynesian/25-points/1109,Polynesian Villas,25,June,4875,195.0,8.33,2066,Unverified,0,13.85
2026-08-19,DVC Sales,1115,https://dvcsales.com/dvc-resale/saratoga-springs/250-points/1115,Saratoga Springs,250,December,23000,92.0,9.19,2054,Unverified,0,12.632
2026-08-19,DVC Sales,1117,https://dvcsales.com/dvc-resale/bay-lake-tower/160-points/1117,Bay Lake Tower,160,June,25600,160.0,8.74,2060,Unverified,0,13.614
2026-08-19,DVC Sales,1118,https://dvcsales.com/dvc-resale/bay-lake-tower/80-points/1118,Bay Lake Tower,80,June,13600,170.0,8.74,2060,Unverified,0,14.018
2026-08-19,DVC Sales,1125,https://dvcsales.com/dvc-resale/aulani/200-points/1125,Aulani,200,March,19400,97.0,10.96,2062,Unverified,0,13.793
2026-08-19,DVC Sales,1145,https://dvcsales.com/dvc-resale/saratoga-springs/200-points/1145,Saratoga Springs,200,June,21600,108.0,9.19,2054,Unverified,0,13.225
2026-08-19,DVC Sales,1193,https://dvcsales.com/dvc-resale/disneyland-hotel/75-points/1193,Villas at Disneyland Hotel,75,February,11625,155.0,10.54,2074,Unverified,0,13.976
2026-08-19,DVC Sales,1232,https://dvcsales.com/dvc-resale/old-key-west57/230-points/1232,Old Key West (2057),230,June,25300,110.0,11.21,2057,Unverified,0,14.906
2026-08-19,DVC Sales,1233,https://dvcsales.com/dvc-resale/old-key-west57/80-points/1233,Old Key West (2057),80,March,10400,130.0,11.21,2057,Unverified,0,15.708
2026-08-19,DVC Sales,1239,https://dvcsales.com/dvc-resale/riviera/200-points/1239,Riviera Resort,200,February,25000,125.0,9.46,2070,Unverified,0,12.414
2026-08-19,DVC Sales,1247,https://dvcsales.com/dvc-resale/old-key-west/50-points/1247,Old Key West,50,March,5250,105.0,11.21,2042,Unverified,0,18.641
2026-08-19,DVC Sales,1259,https://dvcsales.com/dvc-resale/animal-kingdom/110-points/1259,Animal Kingdom Villas,110,April,12320,112.0,10.16,2057,Unverified,0,14.012
2026-08-19,DVC Sales,1293,https://dvcsales.com/dvc-resale/saratoga-springs/150-points/1293,Saratoga Springs,150,June,14550,97.0,9.19,2054,Unverified,0,12.867
2026-08-19,DVC Sales,1302,https://dvcsales.com/dvc-resale/aulani/300-points/1302,Aulani,300,September,30600,102.0,10.96,2062,Unverified,0,13.904
2026-08-19,DVC Sales,1306,https://dvcsales.com/dvc-resale/aulani/300-points/1306,Aulani,300,December,28200,94.0,10.96,2062,Unverified,0,13.682
2026-08-19,DVC Sales,1308,https://dvcsales.com/dvc-resale/saratoga-springs/100-points/1308,Saratoga Springs,100,April,10100,101.0,9.19,2054,Unverified,0,13.081
2026-08-19,DVC Sales,1314,https://dvcsales.com/dvc-resale/polynesian/150-points/1314,Polynesian Villas,150,September,24900,166.0,8.33,2066,Unverified,0,12.629
2026-08-19,DVC Sales,1317,https://dvcsales.com/dvc-resale/old-key-west/230-points/1317,Old Key West,230,April,18630,81.0,11.21,2042,Unverified,0,16.559
2026-08-19,DVC Sales,1324,https://dvcsales.com/dvc-resale/beach-club/160-points/1324,Beach Club Villas,160,December,22400,140.0,9.81,2042,Unverified,0,18.917
2026-08-19,DVC Sales,1329,https://dvcsales.com/dvc-resale/polynesian/160-points/1329,Polynesian Villas,160,April,27520,172.0,8.33,2066,Unverified,0,12.773
2026-08-19,DVC Sales,1352,https://dvcsales.com/dvc-resale/riviera/100-points/1352,Riviera Resort,100,March,17000,170.0,9.46,2070,Unverified,0,13.504
2026-08-19,DVC Sales,1359,https://dvcsales.com/dvc-resale/grand-floridian/100-points/1359,Grand Floridian Villas,100,March,17800,178.0,8.31,2064,Unverified,0,13.203
2026-08-19,DVC Sales,1363,https://dvcsales.com/dvc-resale/boulder-ridge/350-points/1363,Boulder Ridge Villas,350,October,33250,95.0,9.77,2042,Unverified,0,15.939
2026-08-19,DVC Sales,1364,https://dvcsales.com/dvc-resale/vero-beach/75-points/1364,Vero Beach,75,March,4125,55.0,14.89,2042,Unverified,0,18.948
2026-08-19,DVC Sales,1370,https://dvcsales.com/dvc-resale/boardwalk/150-points/1370,BoardWalk Villas,150,December,17250,115.0,9.67,2042,Unverified,0,17.23
2026-08-19,DVC Sales,1374,https://dvcsales.com/dvc-resale/old-key-west57/150-points/1374,Old Key West (2057),150,March,16800,112.0,11.21,2057,Unverified,0,15.015
2026-08-19,DVC Sales,1409,https://dvcsales.com/dvc-resale/polynesian/100-points/1409,Polynesian Villas,100,June,16500,165.0,8.33,2066,Unverified,0,12.654
2026-08-19,DVC Sales,1418,https://dvcsales.com/dvc-resale/animal-kingdom/290-points/1418,Animal Kingdom Villas,290,December,29870,103.0,10.16,2057,Unverified,0,13.613
2026-08-19,DVC Sales,1426,https://dvcsales.com/dvc-resale/riviera/150-points/1426,Riviera Resort,150,June,18450,123.0,9.46,2070,Unverified,0,12.391
2026-08-19,DVC Sales,1433,https://dvcsales.com/dvc-resale/old-key-west/400-points/1433,Old Key West,400,April,30000,75.0,11.21,2042,Unverified,0,16.115
2026-08-19,DVC Sales,1443,https://dvcsales.com/dvc-resale/bay-lake-tower/110-points/1443,Bay Lake Tower,110,December,14630,133.0,8.74,2060,Unverified,0,12.87
2026-08-19,DVC Sales,1463,https://dvcsales.com/dvc-resale/aulani/300-points/1463,Aulani,300,December,29400,98.0,10.96,2062,Unverified,0,13.793
2026-08-19,DVC Sales,1483,https://dvcsales.com/dvc-resale/aulani/100-points/1483,Aulani,100,August,9800,98.0,10.96,2062,Unverified,0,13.903
2026-08-19,DVC Sales,1487,https://dvcsales.com/dvc-resale/bay-lake-tower/410-points/1487,Bay Lake Tower,410,February,55350,135.0,8.74,2060,Unverified,0,12.812
2026-08-19,DVC Sales,1496,https://dvcsales.com/dvc-resale/beach-club/230-points/1496,Beach Club Villas,230,June,32200,140.0,9.81,2042,Unverified,0,18.847
2026-08-19,DVC Sales,1503,https://dvcsales.com/dvc-resale/aulani/320-points/1503,Aulani,320,December,27840,87.0,10.96,2062,Unverified,0,13.484
2026-08-19,DVC Sales,1509,https://dvcsales.com/dvc-resale/aulani/200-points/1509,Aulani,200,February,19000,95.0,10.96,2062,Unverified,0,13.737
2026-08-19,DVC Sales,1510,https://dvcsales.com/dvc-resale/vero-beach/50-points/1510,Vero Beach,50,August,2850,57.0,14.89,2042,Unverified,0,19.321
2026-08-19,DVC Sales,1526,https://dvcsales.com/dvc-resale/boardwalk/300-points/1526,BoardWalk Villas,300,September,39600,132.0,9.67,2042,Unverified,0,18.169
2026-08-19,DVC Sales,1539,https://dvcsales.com/dvc-resale/disneyland-hotel/150-points/1539,Villas at Disneyland Hotel,150,December,24750,165.0,10.54,2074,Unverified,0,14.102
2026-08-19,DVC Sales,1545,https://dvcsales.com/dvc-resale/old-key-west57/300-points/1545,Old Key West (2057),300,December,34500,115.0,11.21,2057,Unverified,0,15.048
2026-08-19,DVC Sales,1547,https://dvcsales.com/dvc-resale/grand-floridian/150-points/1547,Grand Floridian Villas,150,April,24750,165.0,8.31,2064,Unverified,0,12.809
2026-08-19,DVC Sales,1549,https://dvcsales.com/dvc-resale/grand-californian/200-points/1549,Grand Californian Villas,200,June,50400,252.0,9.52,2060,Unverified,0,17.078
2026-08-19,DVC Sales,1552,https://dvcsales.com/dvc-resale/vero-beach/150-points/1552,Vero Beach,150,April,6900,46.0,14.89,2042,Unverified,0,18.138
2026-08-20,DVC Resale Market,VB92584,https://www.dvcresalemarket.com/listings/vero-beach/vb92584/,Vero Beach,80,June,4960,62.0,14.89,2042,Offer Accepted,-70,20.694
2026-08-20,DVC Resale Market,SSC8510,https://www.dvcresalemarket.com/listings/saratoga-springs/ssc8510/,Saratoga Springs,210,December,22260,106.0,9.19,2054,Offer Accepted,-27,13.306
2026-08-20,DVC Resale Market,CCE2981,https://www.dvcresalemarket.com/listings/copper-creek/cce2981/,Copper Creek Villas,50,August,8250,165.0,9.02,2068,Available,50,13.077
2026-08-20,DVC Resale Market,SS78459,https://www.dvcresalemarket.com/listings/saratoga-springs/ss78459/,Saratoga Springs,75,February,9375,125.0,9.19,2054,Available,-75,14.923
2026-08-20,DVC Resale Market,PL34591,https://www.dvcresalemarket.com/listings/polynesian/pl34591/,Polynesian Villas,200,December,34000,170.0,8.33,2066,Offer Accepted,-200,13.262
2026-08-20,DVC Resale Market,GCE1846,https://www.dvcresalemarket.com/listings/grand-californian/gce1846/,Grand Californian Villas,200,June,49000,245.0,9.52,2060,Available,-262,17.638
2026-08-20,DVC Resale Market,SSE8515,https://www.dvcresalemarket.com/listings/saratoga-springs/sse8515/,Saratoga Springs,100,October,9900,99.0,9.19,2054,Sale Pending,-200,14.525
2026-08-20,DVC Resale Market,SS28348,https://www.dvcresalemarket.com/listings/saratoga-springs/ss28348/,Saratoga Springs,160,December,16800,105.0,9.19,2054,Sale Pending,-160,13.924
2026-08-20,DVC Resale Market,SSB8462,https://www.dvcresalemarket.com/listings/saratoga-springs/ssb8462/,Saratoga Springs,132,October,14256,108.0,9.19,2054,Offer Accepted,17,13.322
2026-08-20,DVC Resale Market,VB92603,https://www.dvcresalemarket.com/listings/vero-beach/vb92603/,Vero Beach,200,October,10600,53.0,14.89,2042,Available,-79,19.068
2026-08-20,DVC Resale Market,CCE2958,https://www.dvcresalemarket.com/listings/copper-creek/cce2958/,Copper Creek Villas,50,February,7250,145.0,9.02,2068,Offer Accepted,-90,13.858
2026-08-20,DVC Resale Market,BL23732,https://www.dvcresalemarket.com/listings/bay-lake-tower/bl23732/,Bay Lake Tower,100,August,13500,135.0,8.74,2060,Sale Pending,-78,13.537
2026-08-20,DVC Resale Market,PLA4606,https://www.dvcresalemarket.com/listings/polynesian/pla4606/,Polynesian Villas,100,December,17900,179.0,8.33,2066,Available,-79,13.525
2026-08-20,DVC Resale Market,PL24603,https://www.dvcresalemarket.com/listings/polynesian/pl24603/,Polynesian Villas,150,February,26250,175.0,8.33,2066,Sale Pending,-150,13.428
2026-08-20,DVC Resale Market,SSE8509,https://www.dvcresalemarket.com/listings/saratoga-springs/sse8509/,Saratoga Springs,160,December,18560,116.0,9.19,2054,Offer Accepted,160,12.964
2026-08-20,DVC Resale Market,VBG2606,https://www.dvcresalemarket.com/listings/vero-beach/vbg2606/,Vero Beach,25,October,1675,67.0,14.89,2042,Sale Pending,-25,23.062
2026-08-20,DVC Resale Market,SSF8484,https://www.dvcresalemarket.com/listings/saratoga-springs/ssf8484/,Saratoga Springs,200,December,19000,95.0,9.19,2054,Sale Pending,-200,13.511
2026-08-20,DVC Resale Market,AK36383,https://www.dvcresalemarket.com/listings/animal-kingdom-lodge/ak36383/,Animal Kingdom Villas,180,December,18900,105.0,10.16,2057,Sale Pending,-180,14.409
2026-08-20,DVC Resale Market,PLB4602,https://www.dvcresalemarket.com/listings/polynesian/plb4602/,Polynesian Villas,150,October,28350,189.0,8.33,2066,Available,150,12.835
2026-08-20,DVC Resale Market,SSE8205,https://www.dvcresalemarket.com/listings/saratoga-springs/sse8205/,Saratoga Springs,160,April,18080,113.0,9.19,2054,Sale Pending,0,13.536
2026-08-20,DVC Resale Market,SS38536,https://www.dvcresalemarket.com/listings/saratoga-springs/ss38536/,Saratoga Springs,100,June,10500,105.0,9.19,2054,Available,-100,14.072
2026-08-20,DVC Resale Market,SS38523,https://www.dvcresalemarket.com/listings/saratoga-springs/ss38523/,Saratoga Springs,150,June,16200,108.0,9.19,2054,Available,27,13.251
2026-08-20,DVC Resale Market,SSB8520,https://www.dvcresalemarket.com/listings/saratoga-springs/ssb8520/,Saratoga Springs,50,December,6150,123.0,9.19,2054,Sale Pending,0,14.425
2026-08-20,DVC Resale Market,SSA8497,https://www.dvcresalemarket.com/listings/saratoga-springs/ssa8497/,Saratoga Springs,160,September,17440,109.0,9.19,2054,Available,-67,13.675
2026-08-20,DVC Resale Market,SSA8507,https://www.dvcresalemarket.com/listings/saratoga-springs/ssa8507/,Saratoga Springs,60,September,7740,129.0,9.19,2054,Available,0,14.511
2026-08-20,DVC Resale Market,SSA8531,https://www.dvcresalemarket.com/listings/saratoga-springs/ssa8531/,Saratoga Springs,130,October,14820,114.0,9.19,2054,Available,-125,14.282
2026-08-20,DVC Resale Market,OK24991,https://www.dvcresalemarket.com/listings/old-key-west/ok24991/,Old Key West,230,September,20470,89.0,11.21,2042,Offer Accepted,-209,18.234
2026-08-20,DVC Resale Market,BLA3735,https://www.dvcresalemarket.com/listings/bay-lake-tower/bla3735/,Bay Lake Tower,160,December,23040,144.0,8.74,2060,Available,160,12.681
2026-08-20,DVC Resale Market,DHB1121,https://www.dvcresalemarket.com/listings/disneyland-hotel/dhb1121/,Villas at Disneyland Hotel,150,August,22950,153.0,10.54,2073,Available,-18,14.014
2026-08-20,DVC Resale Market,GCB1828,https://www.dvcresalemarket.com/listings/grand-californian/gcb1828/,Grand Californian Villas,160,August,42080,263.0,9.52,2060,Offer Accepted,96,17.144
2026-08-20,DVC Resale Market,AKC6330,https://www.dvcresalemarket.com/listings/animal-kingdom-lodge/akc6330/,Animal Kingdom Villas,220,June,23980,109.0,10.16,2057,Sale Pending,0,13.887
2026-08-20,DVC Resale Market,PL84597,https://www.dvcresalemarket.com/listings/polynesian/pl84597/,Polynesian Villas,100,December,16700,167.0,8.33,2066,Sale Pending,-32,12.999
2026-08-20,DVC Resale Market,SSB8519,https://www.dvcresalemarket.com/listings/saratoga-springs/ssb8519/,Saratoga Springs,50,December,6150,123.0,9.19,2054,Sale Pending,0,14.425
2026-08-20,DVC Resale Market,AKA6402,https://www.dvcresalemarket.com/listings/animal-kingdom-lodge/aka6402/,Animal Kingdom Villas,160,December,19360,121.0,10.16,2057,Available,-160,14.958
2026-08-20,DVC Resale Market,SS68518,https://www.dvcresalemarket.com/listings/saratoga-springs/ss68518/,Saratoga Springs,200,December,24000,120.0,9.19,2054,Available,91,13.426
2026-08-20,DVC Resale Market,RR32304,https://www.dvcresalemarket.com/listings/rivieraresort/rr32304/,Riviera Resort,175,December,20650,118.0,9.46,2070,Offer Accepted,-1,12.327
2026-08-20,DVC Resale Market,AKE6390,https://www.dvcresalemarket.com/listings/animal-kingdom-lodge/ake6390/,Animal Kingdom Villas,160,June,17600,110.0,10.16,2057,Sale Pending,-164,14.615
2026-08-20,DVC Resale Market,VBA2602,https://www.dvcresalemarket.com/listings/vero-beach/vba2602/,Vero Beach,150,March,9000,60.0,14.89,2042,Available,-21,19.323
2026-08-20,DVC Resale Market,BWA3387,https://www.dvcresalemarket.com/listings/boardwalk/bwa3387/,BoardWalk Villas,440,March,51480,117.0,9.67,2042,Available,0,17.244
2026-08-20,DVC Resale Market,RR22321,https://www.dvcresalemarket.com/listings/rivieraresort/rr22321/,Riviera Resort,300,October,34500,115.0,9.46,2070,Available,-295,12.624
2026-08-20,DVC Resale Market,SS38463,https://www.dvcresalemarket.com/listings/saratoga-springs/ss38463/,Saratoga Springs,160,December,19680,123.0,9.19,2054,Sale Pending,160,13.217
2026-08-20,DVC Resale Market,CC92988,https://www.dvcresalemarket.com/listings/copper-creek/cc92988/,Copper Creek Villas,55,February,8745,159.0,9.02,2068,Available,-40,13.662
2026-08-20,DVC Resale Market,HHB1801,https://www.dvcresalemarket.com/listings/hilton-head/hhb1801/,Hilton Head Island,225,April,14625,65.0,12.86,2042,Sale Pending,-450,19.644
2026-08-20,DVC Resale Market,BL23739,https://www.dvcresalemarket.com/listings/bay-lake-tower/bl23739/,Bay Lake Tower,100,August,13800,138.0,8.74,2060,Available,-39,13.408
2026-08-20,DVC Resale Market,AU23498,https://www.dvcresalemarket.com/listings/aulani/au23498/,Aulani,100,August,10500,105.0,10.96,2062,Available,86,13.862
2026-08-20,DVC Resale Market,GC31847,https://www.dvcresalemarket.com/listings/grand-californian/gc31847/,Grand Californian Villas,160,February,40800,255.0,9.52,2060,Available,-103,17.603
2026-08-20,DVC Resale Market,GF83314,https://www.dvcresalemarket.com/listings/grand-floridian/gf83314/,Grand Floridian Villas,150,August,26100,174.0,8.31,2064,Available,-137,13.607
2026-08-20,DVC Resale Market,CC22990,https://www.dvcresalemarket.com/listings/copper-creek/cc22990/,Copper Creek Villas,175,February,26075,149.0,9.02,2068,Available,-175,13.223
2026-08-20,DVC Resale Market,CC22989,https://www.dvcresalemarket.com/listings/copper-creek/cc22989/,Copper Creek Villas,50,February,7750,155.0,9.02,2068,Available,-50,13.734
2026-08-20,DVC Resale Market,SSE8476,https://www.dvcresalemarket.com/listings/saratoga-springs/sse8476/,Saratoga Springs,175,December,19950,114.0,9.19,2054,Sale Pending,175,12.868
2026-08-20,DVC Resale Market,PL94588,https://www.dvcresalemarket.com/listings/polynesian/pl94588/,Polynesian Villas,75,September,14625,195.0,8.33,2066,Sale Pending,75,13.176
2026-08-20,DVC Resale Market,BCA2540,https://www.dvcresalemarket.com/listings/beach-club/bca2540/,Beach Club Villas,200,March,27000,135.0,9.81,2042,Offer Accepted,-200,19.907
2026-08-20,DVC Resale Market,CCE2979,https://www.dvcresalemarket.com/listings/copper-creek/cce2979/,Copper Creek Villas,50,February,8100,162.0,9.02,2068,Available,-36,13.783
2026-08-20,DVC Resale Market,BW23404,https://www.dvcresalemarket.com/listings/boardwalk/bw23404/,BoardWalk Villas,50,February,7750,155.0,9.67,2042,Available,-50,22.044
2026-08-20,DVC Resale Market,RR82305,https://www.dvcresalemarket.com/listings/rivieraresort/rr82305/,Riviera Resort,405,June,47385,117.0,9.46,2070,Sale Pending,-810,13.083
2026-08-20,DVC Resale Market,AU83501,https://www.dvcresalemarket.com/listings/aulani/au83501/,Aulani,175,December,17325,99.0,10.96,2062,Available,-63,14.151
2026-08-20,DVC Resale Market,OK94949,https://www.dvcresalemarket.com/listings/old-key-west/ok94949/,Old Key West,270,June,27000,100.0,11.21,2057,Available,-540,15.842
2026-08-20,DVC Resale Market,VBA2588,https://www.dvcresalemarket.com/listings/vero-beach/vba2588/,Vero Beach,135,October,7425,55.0,14.89,2042,Available,0,18.883
2026-08-20,DVC Resale Market,HHA1797,https://www.dvcresalemarket.com/listings/hilton-head/hha1797/,Hilton Head Island,165,October,11385,69.0,12.86,2042,Available,-82,18.231
2026-08-20,DVC Resale Market,RR62320,https://www.dvcresalemarket.com/listings/rivieraresort/rr62320/,Riviera Resort,200,June,22600,113.0,9.46,2070,Sale Pending,-399,13.052
2026-08-20,DVC Resale Market,HHF1781,https://www.dvcresalemarket.com/listings/hilton-head/hhf1781/,Hilton Head Island,75,December,5925,79.0,12.86,2042,Sale Pending,1,18.793
2026-08-20,DVC Resale Market,OKB4990,https://www.dvcresalemarket.com/listings/old-key-west/okb4990/,Old Key West,75,September,10125,135.0,11.21,2057,Available,75,15.498
2026-08-20,DVC Resale Market,AK86192,https://www.dvcresalemarket.com/listings/animal-kingdom-lodge/ak86192/,Animal Kingdom Villas,150,September,18600,124.0,10.16,2057,Sale Pending,150,13.846
2026-08-20,DVC Resale Market,SS78487,https://www.dvcresalemarket.com/listings/saratoga-springs/ss78487/,Saratoga Springs,100,August,11400,114.0,9.19,2054,Available,0,13.722
2026-08-20,DVC Resale Market,CC32986,https://www.dvcresalemarket.com/listings/copper-creek/cc32986/,Copper Creek Villas,200,December,27400,137.0,9.02,2068,Sale Pending,0,12.462
2026-08-20,DVC Resale Market,HH61799,https://www.dvcresalemarket.com/listings/hilton-head/hh61799/,Hilton Head Island,275,April,20625,75.0,12.86,2042,Sale Pending,0,17.836
2026-08-20,DVC Resale Market,BW73364,https://www.dvcresalemarket.com/listings/boardwalk/bw73364/,BoardWalk Villas,100,June,13200,132.0,9.67,2042,Sale Pending,-100,19.938
2026-08-20,DVC Resale Market,SS28339,https://www.dvcresalemarket.com/listings/saratoga-springs/ss28339/,Saratoga Springs,200,December,19200,96.0,9.19,2054,Sale Pending,-200,13.547
2026-08-20,DVC Resale Market,AK86400,https://www.dvcresalemarket.com/listings/animal-kingdom-lodge/ak86400/,Animal Kingdom Villas,200,December,24600,123.0,10.16,2057,Available,188,13.785
2026-08-20,DVC Resale Market,VBC2583,https://www.dvcresalemarket.com/listings/vero-beach/vbc2583/,Vero Beach,200,December,10000,50.0,14.89,2042,Sale Pending,-200,19.599
2026-08-20,DVC Resale Market,AK06399,https://www.dvcresalemarket.com/listings/animal-kingdom-lodge/ak06399/,Animal Kingdom Villas,228,October,24624,108.0,10.16,2057,Available,-214,14.424
2026-08-20,DVC Resale Market,AK96393,https://www.dvcresalemarket.com/listings/animal-kingdom-lodge/ak96393/,Animal Kingdom Villas,220,June,25960,118.0,10.16,2057,Available,0,14.182
2026-08-20,DVC Resale Market,AK66365,https://www.dvcresalemarket.com/listings/animal-kingdom-lodge/ak66365/,Animal Kingdom Villas,160,September,18080,113.0,10.16,2057,Available,-54,14.292
2026-08-20,DVC Resale Market,GCF1753,https://www.dvcresalemarket.com/listings/grand-californian/gcf1753/,Grand Californian Villas,100,August,26500,265.0,9.52,2060,Offer Accepted,0,17.667
2026-08-20,DVC Resale Market,BCB2145,https://www.dvcresalemarket.com/listings/beach-club/bcb2145/,Beach Club Villas,200,February,26000,130.0,9.81,2042,Offer Accepted,-200,19.588
2026-08-20,DVC Resale Market,AU63495,https://www.dvcresalemarket.com/listings/aulani/au63495/,Aulani,100,March,10300,103.0,10.96,2062,Available,-199,15.31
2026-08-20,DVC Resale Market,SSA8527,https://www.dvcresalemarket.com/listings/saratoga-springs/ssa8527/,Saratoga Springs,225,December,28350,126.0,9.19,2054,Available,196,13.342
2026-08-20,DVC Resale Market,SSA8528,https://www.dvcresalemarket.com/listings/saratoga-springs/ssa8528/,Saratoga Springs,120,December,14760,123.0,9.19,2054,Available,0,13.981
2026-08-20,DVC Resale Market,AUF3500,https://www.dvcresalemarket.com/listings/aulani/auf3500/,Aulani,100,August,8900,89.0,10.96,2062,Available,-199,14.921
2026-08-20,DVC Resale Market,BR21920,https://www.dvcresalemarket.com/listings/wilderness-lodge/br21920/,Boulder Ridge Villas,50,September,5900,118.0,9.77,2042,Available,-50,19.781
2026-08-20,DVC Resale Market,SS28529,https://www.dvcresalemarket.com/listings/saratoga-springs/ss28529/,Saratoga Springs,200,October,21400,107.0,9.19,2054,Available,0,13.265
2026-08-20,DVC Resale Market,BL23737,https://www.dvcresalemarket.com/listings/bay-lake-tower/bl23737/,Bay Lake Tower,200,February,29400,147.0,8.74,2060,Available,0,13.291
2026-08-20,DVC Resale Market,BL23736,https://www.dvcresalemarket.com/listings/bay-lake-tower/bl23736/,Bay Lake Tower,250,February,36500,146.0,8.74,2060,Available,0,13.232
2026-08-20,DVC Resale Market,SS88521,https://www.dvcresalemarket.com/listings/saratoga-springs/ss88521/,Saratoga Springs,50,September,6400,128.0,9.19,2054,Available,-50,15.282
2026-08-20,DVC Resale Market,CCB2977,https://www.dvcresalemarket.com/listings/copper-creek/ccb2977/,Copper Creek Villas,150,August,21600,144.0,9.02,2068,Sale Pending,-205,13.292
2026-08-20,DVC Resale Market,HHB1802,https://www.dvcresalemarket.com/listings/hilton-head/hhb1802/,Hilton Head Island,50,April,3500,70.0,12.86,2042,Available,-76,20.558
2026-08-20,DVC Resale Market,AU83417,https://www.dvcresalemarket.com/listings/aulani/au83417/,Aulani,170,August,16320,96.0,10.96,2062,Available,-92,14.17
2026-08-20,DVC Resale Market,HHF1791,https://www.dvcresalemarket.com/listings/hilton-head/hhf1791/,Hilton Head Island,25,June,2150,86.0,12.86,2042,Sale Pending,0,21.27
2026-08-20,DVC Resale Market,BWB3401,https://www.dvcresalemarket.com/listings/boardwalk/bwb3401/,BoardWalk Villas,50,April,8500,170.0,9.67,2042,Available,0,21.819
2026-08-20,DVC Resale Market,SS98250,https://www.dvcresalemarket.com/listings/saratoga-springs/ss98250/,Saratoga Springs,225,April,23625,105.0,9.19,2054,Sale Pending,-225,13.847
2026-08-20,DVC Resale Market,OKB4967,https://www.dvcresalemarket.com/listings/old-key-west/okb4967/,Old Key West,200,June,17400,87.0,11.21,2042,Sale Pending,-167,18.07
2026-08-20,DVC Resale Market,BWA3378,https://www.dvcresalemarket.com/listings/boardwalk/bwa3378/,BoardWalk Villas,200,March,25000,125.0,9.67,2042,Available,-197,19.111
2026-08-20,DVC Resale Market,BCA2541,https://www.dvcresalemarket.com/listings/beach-club/bca2541/,Beach Club Villas,160,March,22400,140.0,9.81,2042,Sale Pending,-160,20.306
2026-08-20,DVC Resale Market,AU83487,https://www.dvcresalemarket.com/listings/aulani/au83487/,Aulani,210,March,19110,91.0,10.96,2062,Offer Accepted,-210,14.225
2026-08-20,DVC Resale Market,AKA6374,https://www.dvcresalemarket.com/listings/animal-kingdom-lodge/aka6374/,Animal Kingdom Villas,160,December,21760,136.0,10.16,2057,Sale Pending,160,14.22
2026-08-20,DVC Resale Market,VBB2605,https://www.dvcresalemarket.com/listings/vero-beach/vbb2605/,Vero Beach,210,March,9450,45.0,14.89,2042,Sale Pending,-420,20.446
2026-08-20,DVC Resale Market,RRA2319,https://www.dvcresalemarket.com/listings/rivieraresort/rra2319/,Riviera Resort,250,February,30500,122.0,9.46,2070,Available,-250,12.808
2026-08-20,DVC Resale Market,AUB3477,https://www.dvcresalemarket.com/listings/aulani/aub3477/,Aulani,175,December,17500,100.0,10.96,2062,Offer Accepted,-100,14.29
2026-08-20,DVC Resale Market,OK24978,https://www.dvcresalemarket.com/listings/old-key-west/ok24978/,Old Key West,220,December,20240,92.0,11.21,2042,Sale Pending,0,17.36
2026-08-20,DVC Resale Market,BL83547,https://www.dvcresalemarket.com/listings/bay-lake-tower/bl83547/,Bay Lake Tower,160,October,22880,143.0,8.74,2060,Sale Pending,160,12.65
2026-08-20,DVC Resale Market,SS88451,https://www.dvcresalemarket.com/listings/saratoga-springs/ss88451/,Saratoga Springs,215,August,22790,106.0,9.19,2054,Sale Pending,0,13.213
2026-08-20,DVC Resale Market,PLB4503,https://www.dvcresalemarket.com/listings/polynesian/plb4503/,Polynesian Villas,50,December,8700,174.0,8.33,2066,Sale Pending,0,13.29
2026-08-20,DVC Resale Market,AUC3491,https://www.dvcresalemarket.com/listings/aulani/auc3491/,Aulani,100,December,11000,110.0,10.96,2062,Offer Accepted,86,14.001
2026-08-20,DVC Resale Market,GF03299,https://www.dvcresalemarket.com/listings/grand-floridian/gf03299/,Grand Floridian Villas,50,August,9000,180.0,8.31,2064,Available,-34,14.039
2026-08-20,DVC Resale Market,GF03304,https://www.dvcresalemarket.com/listings/grand-floridian/gf03304/,Grand Floridian Villas,50,August,9300,186.0,8.31,2064,Available,-44,14.297
2026-08-20,DVC Resale Market,DH31117,https://www.dvcresalemarket.com/listings/disneyland-hotel/dh31117/,Villas at Disneyland Hotel,150,August,23850,159.0,10.54,2073,Offer Accepted,35,13.999
2026-08-20,DVC Resale Market,GCB1853,https://www.dvcresalemarket.com/listings/grand-californian/gcb1853/,Grand Californian Villas,200,August,50400,252.0,9.52,2060,Available,-175,17.601
2026-08-20,DVC Resale Market,OK34989,https://www.dvcresalemarket.com/listings/old-key-west/ok34989/,Old Key West,150,September,15450,103.0,11.21,2042,Available,0,18.21
2026-08-20,DVC Resale Market,GFF3313,https://www.dvcresalemarket.com/listings/grand-floridian/gff3313/,Grand Floridian Villas,85,August,15300,180.0,8.31,2064,Available,-85,13.964
2026-08-20,DVC Resale Market,SS28466,https://www.dvcresalemarket.com/listings/saratoga-springs/ss28466/,Saratoga Springs,360,September,35640,99.0,9.19,2054,Offer Accepted,-354,13.559
2026-08-20,DVC Resale Market,BLF3704,https://www.dvcresalemarket.com/listings/bay-lake-tower/blf3704/,Bay Lake Tower,75,June,10275,137.0,8.74,2060,Sale Pending,-82,13.878
2026-08-20,DVC Resale Market,HH31777,https://www.dvcresalemarket.com/listings/hilton-head/hh31777/,Hilton Head Island,100,June,6900,69.0,12.86,2042,Sale Pending,0,17.933
2026-08-20,DVC Resale Market,BCA2553,https://www.dvcresalemarket.com/listings/beach-club/bca2553/,Beach Club Villas,170,February,25160,148.0,9.81,2042,Available,-114,20.396
2026-08-20,DVC Resale Market,BWE3399,https://www.dvcresalemarket.com/listings/boardwalk/bwe3399/,BoardWalk Villas,100,October,12400,124.0,9.67,2042,Sale Pending,-100,19.426
2026-08-20,DVC Resale Market,GF03315,https://www.dvcresalemarket.com/listings/grand-floridian/gf03315/,Grand Floridian Villas,150,August,25800,172.0,8.31,2064,Available,-112,13.467
2026-08-20,DVC Resale Market,AK96381,https://www.dvcresalemarket.com/listings/animal-kingdom-lodge/ak96381/,Animal Kingdom Villas,200,December,23000,115.0,10.16,2057,Available,10,14.071
2026-08-20,DVC Resale Market,PL84595,https://www.dvcresalemarket.com/listings/polynesian/pl84595/,Polynesian Villas,110,December,18590,169.0,8.33,2066,Offer Accepted,2,12.862
2026-08-20,DVC Resale Market,CCA2982,https://www.dvcresalemarket.com/listings/copper-creek/cca2982/,Copper Creek Villas,185,December,29600,160.0,9.02,2068,Available,78,12.838
2026-08-20,DVC Resale Market,BL33705,https://www.dvcresalemarket.com/listings/bay-lake-tower/bl33705/,Bay Lake Tower,200,September,29800,149.0,8.74,2060,Sale Pending,200,12.791
2026-08-20,DVC Resale Market,CC62983,https://www.dvcresalemarket.com/listings/copper-creek/cc62983/,Copper Creek Villas,100,March,14900,149.0,9.02,2068,Available,-31,13.027
2026-08-20,DVC Resale Market,AUB3497,https://www.dvcresalemarket.com/listings/aulani/aub3497/,Aulani,200,June,19600,98.0,10.96,2062,Offer Accepted,-7,13.92
2026-08-20,DVC Resale Market,GF23278,https://www.dvcresalemarket.com/listings/grand-floridian/gf23278/,Grand Floridian Villas,58,December,10092,174.0,8.31,2064,Available,0,13.465
2026-08-20,DVC Resale Market,BL83546,https://www.dvcresalemarket.com/listings/bay-lake-tower/bl83546/,Bay Lake Tower,160,October,22880,143.0,8.74,2060,Offer Accepted,160,12.65
2026-08-20,DVC Resale Market,AKB6252,https://www.dvcresalemarket.com/listings/animal-kingdom-lodge/akb6252/,Animal Kingdom Villas,160,December,20320,127.0,10.16,2057,Available,160,13.9
2026-08-20,DVC Resale Market,SSE8517,https://www.dvcresalemarket.com/listings/saratoga-springs/sse8517/,Saratoga Springs,200,October,18600,93.0,9.19,2054,Offer Accepted,-400,14.117
2026-08-20,DVC Resale Market,BLB3720,https://www.dvcresalemarket.com/listings/bay-lake-tower/blb3720/,Bay Lake Tower,108,December,15120,140.0,8.74,2060,Available,-10,13.277
2026-08-20,DVC Resale Market,BRB1915,https://www.dvcresalemarket.com/listings/wilderness-lodge/brb1915/,Boulder Ridge Villas,100,December,11400,114.0,9.77,2042,Available,-51,18.306
2026-08-20,DVC Resale Market,BLC3733,https://www.dvcresalemarket.com/listings/bay-lake-tower/blc3733/,Bay Lake Tower,200,September,28000,140.0,8.74,2060,Sale Pending,143,12.683
2026-08-20,DVC Resale Market,BC22499,https://www.dvcresalemarket.com/listings/beach-club/bc22499/,Beach Club Villas,230,April,31050,135.0,9.81,2042,Sale Pending,-220,19.818
2026-08-20,DVC Resale Market,OKE4964,https://www.dvcresalemarket.com/listings/old-key-west/oke4964/,Old Key West,350,September,30100,86.0,11.21,2042,Available,-1,16.87
2026-08-20,DVC Resale Market,CCE2984,https://www.dvcresalemarket.com/listings/copper-creek/cce2984/,Copper Creek Villas,150,December,20700,138.0,9.02,2068,Sale Pending,0,12.529
2026-08-20,DVC Resale Market,SSF8457,https://www.dvcresalemarket.com/listings/saratoga-springs/ssf8457/,Saratoga Springs,180,February,18180,101.0,9.19,2054,Sale Pending,-138,13.593
2026-08-20,DVC Resale Market,CCA2980,https://www.dvcresalemarket.com/listings/copper-creek/cca2980/,Copper Creek Villas,130,March,19370,149.0,9.02,2068,Sale Pending,-33,12.939
2026-08-20,DVC Resale Market,BR21918,https://www.dvcresalemarket.com/listings/wilderness-lodge/br21918/,Boulder Ridge Villas,30,September,3720,124.0,9.77,2042,Sale Pending,-26,20.88
2026-08-20,DVC Resale Market,PLA4344,https://www.dvcresalemarket.com/listings/polynesian/pla4344/,Polynesian Villas,50,December,9000,180.0,8.33,2066,Sale Pending,0,13.45
2026-08-20,DVC Resale Market,GC21852,https://www.dvcresalemarket.com/listings/grand-californian/gc21852/,Grand Californian Villas,100,August,26000,260.0,9.52,2060,Offer Accepted,21,17.403
2026-08-20,DVC Resale Market,OKB4979,https://www.dvcresalemarket.com/listings/old-key-west/okb4979/,Old Key West,230,December,24840,108.0,11.21,2057,Available,-228,15.505
2026-08-20,DVC Resale Market,BCB2490,https://www.dvcresalemarket.com/listings/beach-club/bcb2490/,Beach Club Villas,200,March,25000,125.0,9.81,2042,Sale Pending,-399,20.451
2026-08-20,DVC Resale Market,VBE2589,https://www.dvcresalemarket.com/listings/vero-beach/vbe2589/,Vero Beach,50,August,4350,87.0,14.89,2042,Sale Pending,11,21.49
2026-08-20,DVC Resale Market,PL34582,https://www.dvcresalemarket.com/listings/polynesian/pl34582/,Polynesian Villas,150,June,26250,175.0,8.33,2066,Sale Pending,-150,13.428
2026-08-20,DVC Resale Market,VB82585,https://www.dvcresalemarket.com/listings/vero-beach/vb82585/,Vero Beach,150,June,8700,58.0,14.89,2042,Available,0,19.023
2026-08-20,DVC Resale Market,BL83694,https://www.dvcresalemarket.com/listings/bay-lake-tower/bl83694/,Bay Lake Tower,100,June,14400,144.0,8.74,2060,Available,52,13.079
2026-08-20,DVC Resale Market,AU63499,https://www.dvcresalemarket.com/listings/aulani/au63499/,Aulani,115,March,12075,105.0,10.96,2062,Available,-115,14.786
2026-08-20,DVC Resale Market,AKF6376,https://www.dvcresalemarket.com/listings/animal-kingdom-lodge/akf6376/,Animal Kingdom Villas,180,March,20880,116.0,10.16,2057,Available,-10,14.188
2026-08-20,DVC Resale Market,GC91849,https://www.dvcresalemarket.com/listings/grand-californian/gc91849/,Grand Californian Villas,75,February,21000,280.0,9.52,2060,Offer Accepted,-5,18.262
2026-08-20,DVC Resale Market,SSE8328,https://www.dvcresalemarket.com/listings/saratoga-springs/sse8328/,Saratoga Springs,450,February,43200,96.0,9.19,2054,Sale Pending,-409,13.374
2026-08-20,DVC Resale Market,SS38502,https://www.dvcresalemarket.com/listings/saratoga-springs/ss38502/,Saratoga Springs,160,September,17440,109.0,9.19,2054,Available,-65,13.666
2026-08-20,DVC Resale Market,BC32550,https://www.dvcresalemarket.com/listings/beach-club/bc32550/,Beach Club Villas,150,April,21750,145.0,9.81,2042,Available,-213,21.15
2026-08-20,DVC Resale Market,SS88417,https://www.dvcresalemarket.com/listings/saratoga-springs/ss88417/,Saratoga Springs,115,December,14260,124.0,9.19,2054,Sale Pending,46,13.763
2026-08-20,DVC Resale Market,OK94986,https://www.dvcresalemarket.com/listings/old-key-west/ok94986/,Old Key West,230,October,22540,98.0,11.21,2042,Available,-180,18.653
2026-08-20,DVC Resale Market,SS88432,https://www.dvcresalemarket.com/listings/saratoga-springs/ss88432/,Saratoga Springs,150,March,15750,105.0,9.19,2054,Sale Pending,-292,14.582
2026-08-20,DVC Resale Market,AKE6391,https://www.dvcresalemarket.com/listings/animal-kingdom-lodge/ake6391/,Animal Kingdom Villas,160,December,17600,110.0,10.16,2057,Available,-319,15.208
2026-08-20,DVC Resale Market,AKC6269,https://www.dvcresalemarket.com/listings/animal-kingdom-lodge/akc6269/,Animal Kingdom Villas,250,August,27750,111.0,10.16,2057,Sale Pending,0,13.935
2026-08-20,DVC Resale Market,BLA3725,https://www.dvcresalemarket.com/listings/bay-lake-tower/bla3725/,Bay Lake Tower,160,February,22400,140.0,8.74,2060,Sale Pending,-320,14.238
2026-08-20,DVC Resale Market,GCB1845,https://www.dvcresalemarket.com/listings/grand-californian/gcb1845/,Grand Californian Villas,200,June,51800,259.0,9.52,2060,Available,0,17.318
2026-08-20,DVC Resale Market,SSE8516,https://www.dvcresalemarket.com/listings/saratoga-springs/sse8516/,Saratoga Springs,100,October,10200,102.0,9.19,2054,Available,-152,14.318
2026-08-20,DVC Resale Market,RR32301,https://www.dvcresalemarket.com/listings/rivieraresort/rr32301/,Riviera Resort,300,August,32400,108.0,9.46,2070,Sale Pending,-277,12.436
2026-08-20,DVC Resale Market,AKA6388,https://www.dvcresalemarket.com/listings/animal-kingdom-lodge/aka6388/,Animal Kingdom Villas,100,August,13300,133.0,10.16,2057,Sale Pending,-2,14.891
2026-08-20,DVC Resale Market,OKA4969,https://www.dvcresalemarket.com/listings/old-key-west/oka4969/,Old Key West,25,October,3250,130.0,11.21,2042,Sale Pending,-40,24.032
2026-08-20,DVC Resale Market,BL73718,https://www.dvcresalemarket.com/listings/bay-lake-tower/bl73718/,Bay Lake Tower,25,March,4075,163.0,8.74,2060,Sale Pending,-11,15.12
2026-08-20,DVC Resale Market,OK24971,https://www.dvcresalemarket.com/listings/old-key-west/ok24971/,Old Key West,30,October,3870,129.0,11.21,2042,Available,-29,22.752
2026-08-20,DVC Resale Market,SS78472,https://www.dvcresalemarket.com/listings/saratoga-springs/ss78472/,Saratoga Springs,150,September,15300,102.0,9.19,2054,Available,-296,14.493
2026-08-20,DVC Resale Market,SSC8511,https://www.dvcresalemarket.com/listings/saratoga-springs/ssc8511/,Saratoga Springs,150,December,15150,101.0,9.19,2054,Available,-150,13.797
2026-08-20,DVC Resale Market,OK74976,https://www.dvcresalemarket.com/listings/old-key-west/ok74976/,Old Key West,450,June,48150,107.0,11.21,2057,Available,450,14.178
2026-08-20,DVC Resale Market,OKC4985,https://www.dvcresalemarket.com/listings/old-key-west/okc4985/,Old Key West,270,June,25110,93.0,11.21,2042,Available,2,17.354
2026-08-20,DVC Resale Market,SSE8389,https://www.dvcresalemarket.com/listings/saratoga-springs/sse8389/,Saratoga Springs,160,December,18560,116.0,9.19,2054,Available,160,12.964
2026-08-20,DVC Resale Market,SS28514,https://www.dvcresalemarket.com/listings/saratoga-springs/ss28514/,Saratoga Springs,50,December,5950,119.0,9.19,2054,Available,-50,14.946
2026-08-20,DVC Resale Market,SS28512,https://www.dvcresalemarket.com/listings/saratoga-springs/ss28512/,Saratoga Springs,100,December,11400,114.0,9.19,2054,Available,-100,14.4
2026-08-20,DVC Resale Market,GCG1840,https://www.dvcresalemarket.com/listings/grand-californian/gcg1840/,Grand Californian Villas,160,December,42880,268.0,9.52,2060,Offer Accepted,160,17.067
2026-08-20,DVC Resale Market,BLE3727,https://www.dvcresalemarket.com/listings/bay-lake-tower/ble3727/,Bay Lake Tower,200,February,26000,130.0,8.74,2060,Sale Pending,-400,13.9
2026-08-20,DVC Resale Market,PL24596,https://www.dvcresalemarket.com/listings/polynesian/pl24596/,Polynesian Villas,125,August,21875,175.0,8.33,2066,Available,-132,13.49
2026-08-20,DVC Resale Market,AKE6346,https://www.dvcresalemarket.com/listings/animal-kingdom-lodge/ake6346/,Animal Kingdom Villas,160,June,17600,110.0,10.16,2057,Sale Pending,-61,14.22
2026-08-20,DVC Resale Market,PLF4558,https://www.dvcresalemarket.com/listings/polynesian/plf4558/,Polynesian Villas,150,October,27000,180.0,8.33,2066,Sale Pending,77,12.838
2026-08-20,DVC Resale Market,OK84981,https://www.dvcresalemarket.com/listings/old-key-west/ok84981/,Old Key West,230,August,22770,99.0,11.21,2042,Available,-142,18.519
2026-08-20,DVC Resale Market,SS88455,https://www.dvcresalemarket.com/listings/saratoga-springs/ss88455/,Saratoga Springs,160,June,20160,126.0,9.19,2054,Sale Pending,160,13.326
2026-08-20,DVC Resale Market,CC32978,https://www.dvcresalemarket.com/listings/copper-creek/cc32978/,Copper Creek Villas,100,December,14900,149.0,9.02,2068,Available,-100,13.339
2026-08-20,DVC Resale Market,OK94948,https://www.dvcresalemarket.com/listings/old-key-west/ok94948/,Old Key West,150,August,15600,104.0,11.21,2042,Available,0,18.272
2026-08-20,DVC Resale Market,RRB2303,https://www.dvcresalemarket.com/listings/rivieraresort/rrb2303/,Riviera Resort,500,August,55500,111.0,9.46,2070,Sale Pending,0,12.069
2026-08-20,DVC Resale Market,GF23311,https://www.dvcresalemarket.com/listings/grand-floridian/gf23311/,Grand Floridian Villas,90,April,14310,159.0,8.31,2064,Available,-269,14.38
2026-08-20,DVC Resale Market,BW23018,https://www.dvcresalemarket.com/listings/boardwalk/bw23018/,BoardWalk Villas,270,June,34290,127.0,9.67,2042,Sale Pending,-270,19.179
2026-08-20,DVC Resale Market,VBE2601,https://www.dvcresalemarket.com/listings/vero-beach/vbe2601/,Vero Beach,500,October,26000,52.0,14.89,2042,Available,-464,19.428
2026-08-20,DVC Resale Market,AUE3494,https://www.dvcresalemarket.com/listings/aulani/aue3494/,Aulani,150,August,15750,105.0,10.96,2062,Available,-114,14.57
2026-08-20,DVC Resale Market,AK76356,https://www.dvcresalemarket.com/listings/animal-kingdom-lodge/ak76356/,Animal Kingdom Villas,150,March,16800,112.0,10.16,2057,Sale Pending,-28,14.182
2026-08-20,DVC Resale Market,RR32309,https://www.dvcresalemarket.com/listings/rivieraresort/rr32309/,Riviera Resort,50,March,7000,140.0,9.46,2070,Available,-100,14.05
2026-08-20,DVC Resale Market,SS98508,https://www.dvcresalemarket.com/listings/saratoga-springs/ss98508/,Saratoga Springs,150,December,18000,120.0,9.19,2054,Available,0,13.806
2026-08-20,DVC Resale Market,BC22518,https://www.dvcresalemarket.com/listings/beach-club/bc22518/,Beach Club Villas,220,March,26840,122.0,9.81,2042,Sale Pending,-405,20.044
2026-08-20,DVC Resale Market,GFA3306,https://www.dvcresalemarket.com/listings/grand-floridian/gfa3306/,Grand Floridian Villas,250,February,42500,170.0,8.31,2064,Sale Pending,-177,13.321
2026-08-20,DVC Resale Market,SSC8493,https://www.dvcresalemarket.com/listings/saratoga-springs/ssc8493/,Saratoga Springs,220,August,21560,98.0,9.19,2054,Sale Pending,-268,13.747
2026-08-20,DVC Resale Market,PL24571,https://www.dvcresalemarket.com/listings/polynesian/pl24571/,Polynesian Villas,220,June,35860,163.0,8.33,2066,Sale Pending,-440,13.545
2026-08-20,DVC Resale Market,BW73370,https://www.dvcresalemarket.com/listings/boardwalk/bw73370/,BoardWalk Villas,314,February,36424,116.0,9.67,2042,Sale Pending,-254,18.215
2026-08-20,DVC Resale Market,VB92587,https://www.dvcresalemarket.com/listings/vero-beach/vb92587/,Vero Beach,220,February,12980,59.0,14.89,2042,Available,-81,19.387
2026-08-20,DVC Resale Market,AKE6370,https://www.dvcresalemarket.com/listings/animal-kingdom-lodge/ake6370/,Animal Kingdom Villas,300,June,30900,103.0,10.16,2057,Sale Pending,-300,14.265
2026-08-20,DVC Resale Market,SSF8200,https://www.dvcresalemarket.com/listings/saratoga-springs/ssf8200/,Saratoga Springs,160,October,17600,110.0,9.19,2054,Available,-121,13.94
2026-08-20,DVC Resale Market,BWA3374,https://www.dvcresalemarket.com/listings/boardwalk/bwa3374/,BoardWalk Villas,250,February,32500,130.0,9.67,2042,Available,-250,19.387
2026-08-20,DVC Resale Market,SS88501,https://www.dvcresalemarket.com/listings/saratoga-springs/ss88501/,Saratoga Springs,150,September,16200,108.0,9.19,2054,Available,0,13.373
2026-08-20,DVC Resale Market,SS88504,https://www.dvcresalemarket.com/listings/saratoga-springs/ss88504/,Saratoga Springs,130,September,14300,110.0,9.19,2054,Available,0,13.486
2026-08-20,DVC Resale Market,AKE6280,https://www.dvcresalemarket.com/listings/animal-kingdom-lodge/ake6280/,Animal Kingdom Villas,300,June,30900,103.0,10.16,2057,Sale Pending,-300,14.265
2026-08-20,DVC Resale Market,SS88458,https://www.dvcresalemarket.com/listings/saratoga-springs/ss88458/,Saratoga Springs,115,August,12535,109.0,9.19,2054,Sale Pending,0,13.489
2026-08-20,DVC Resale Market,GF73283,https://www.dvcresalemarket.com/listings/grand-floridian/gf73283/,Grand Floridian Villas,100,April,18000,180.0,8.31,2064,Sale Pending,0,13.412
2026-08-20,DVC Resale Market,BC32549,https://www.dvcresalemarket.com/listings/beach-club/bc32549/,Beach Club Villas,100,December,17000,170.0,9.81,2042,Sale Pending,100,20.109
2026-08-20,DVC Resale Market,AUC3479,https://www.dvcresalemarket.com/listings/aulani/auc3479/,Aulani,200,August,21000,105.0,10.96,2062,Offer Accepted,200,13.568
2026-08-20,DVC Resale Market,GF33305,https://www.dvcresalemarket.com/listings/grand-floridian/gf33305/,Grand Floridian Villas,250,February,39750,159.0,8.31,2064,Sale Pending,-491,13.656
2026-08-20,DVC Resale Market,BW23020,https://www.dvcresalemarket.com/listings/boardwalk/bw23020/,BoardWalk Villas,150,October,19500,130.0,9.67,2042,Available,-134,19.439
2026-08-20,DVC Resale Market,SS88491,https://www.dvcresalemarket.com/listings/saratoga-springs/ss88491/,Saratoga Springs,160,February,18080,113.0,9.19,2054,Sale Pending,-91,13.922
2026-08-20,DVC Resale Market,RR92310,https://www.dvcresalemarket.com/listings/rivieraresort/rr92310/,Riviera Resort,150,December,20850,139.0,9.46,2070,Sale Pending,148,12.407
2026-08-20,DVC Resale Market,BLA3700,https://www.dvcresalemarket.com/listings/bay-lake-tower/bla3700/,Bay Lake Tower,125,April,18125,145.0,8.74,2060,Sale Pending,0,13.332
2026-08-20,DVC Resale Market,SS98503,https://www.dvcresalemarket.com/listings/saratoga-springs/ss98503/,Saratoga Springs,200,December,23800,119.0,9.19,2054,Sale Pending,200,13.018
2026-08-20,DVC Resale Market,AU33473,https://www.dvcresalemarket.com/listings/aulani/au33473/,Aulani,320,December,33280,104.0,10.96,2062,Available,320,13.458
2026-08-20,DVC Resale Market,OK64946,https://www.dvcresalemarket.com/listings/old-key-west/ok64946/,Old Key West,230,June,20700,90.0,11.21,2042,Sale Pending,0,17.218
2026-08-20,DVC Resale Market,GF63292,https://www.dvcresalemarket.com/listings/grand-floridian/gf63292/,Grand Floridian Villas,75,August,12525,167.0,8.31,2064,Sale Pending,13,13.077
2026-08-20,DVC Resale Market,AUC3485,https://www.dvcresalemarket.com/listings/aulani/auc3485/,Aulani,150,March,13800,92.0,10.96,2062,Offer Accepted,-150,14.336
2026-08-20,DVC Resale Market,BLG3693,https://www.dvcresalemarket.com/listings/bay-lake-tower/blg3693/,Bay Lake Tower,160,December,21760,136.0,8.74,2060,Sale Pending,-160,13.56
2026-08-20,DVC Resale Market,PL24590,https://www.dvcresalemarket.com/listings/polynesian/pl24590/,Polynesian Villas,200,February,33800,169.0,8.33,2066,Sale Pending,-200,13.235
2026-08-20,DVC Resale Market,RRA1204,https://www.dvcresalemarket.com/listings/rivieraresort/rra1204/,Riviera Resort,150,December,19500,130.0,9.46,2070,Available,-145,13.044
2026-08-20,DVC Resale Market,BCB2509,https://www.dvcresalemarket.com/listings/beach-club/bcb2509/,Beach Club Villas,175,February,25025,143.0,9.81,2042,Available,-165,20.392
2026-08-20,DVC Resale Market,SS78468,https://www.dvcresalemarket.com/listings/saratoga-springs/ss78468/,Saratoga Springs,25,March,3250,130.0,9.19,2054,Sale Pending,0,15.431
2026-08-20,DVC Resale Market,GFE3293,https://www.dvcresalemarket.com/listings/grand-floridian/gfe3293/,Grand Floridian Villas,532,June,74480,140.0,8.31,2064,Sale Pending,-930,12.979
2026-08-20,DVC Resale Market,SSG6351,https://www.dvcresalemarket.com/listings/saratoga-springs/ssg6351/,Saratoga Springs,100,December,11000,110.0,9.19,2054,Sale Pending,0,13.579
2026-08-20,DVC Resale Market,AK86318,https://www.dvcresalemarket.com/listings/animal-kingdom-lodge/ak86318/,Animal Kingdom Villas,160,June,21760,136.0,10.16,2057,Sale Pending,160,14.22
2026-08-20,DVC Resale Market,CCB2954,https://www.dvcresalemarket.com/listings/copper-creek/ccb2954/,Copper Creek Villas,75,June,10275,137.0,9.02,2068,Sale Pending,-75,13.137
2026-08-20,DVC Resale Market,SSB8430,https://www.dvcresalemarket.com/listings/saratoga-springs/ssb8430/,Saratoga Springs,200,June,22000,110.0,9.19,2054,Sale Pending,0,13.374
2026-08-20,DVC Resale Market,BL93726,https://www.dvcresalemarket.com/listings/bay-lake-tower/bl93726/,Bay Lake Tower,100,February,14700,147.0,8.74,2060,Sale Pending,-94,13.983
2026-08-20,DVC Resale Market,AKF6271,https://www.dvcresalemarket.com/listings/animal-kingdom-lodge/akf6271/,Animal Kingdom Villas,160,December,18080,113.0,10.16,2057,Available,-92,14.438
2026-08-20,DVC Resale Market,AU33422,https://www.dvcresalemarket.com/listings/aulani/au33422/,Aulani,150,March,14400,96.0,10.96,2062,Available,-247,14.788
2026-08-20,DVC Resale Market,BL93690,https://www.dvcresalemarket.com/listings/bay-lake-tower/bl93690/,Bay Lake Tower,50,October,7350,147.0,8.74,2060,Sale Pending,-21,14.004
2026-08-20,DVC Resale Market,BWB3189,https://www.dvcresalemarket.com/listings/boardwalk/bwb3189/,BoardWalk Villas,250,August,34750,139.0,9.67,2042,Sale Pending,237,17.646
2026-08-20,DVC Resale Market,GF73298,https://www.dvcresalemarket.com/listings/grand-floridian/gf73298/,Grand Floridian Villas,100,April,18800,188.0,8.31,2064,Sale Pending,100,13.123
2026-08-20,DVC Resale Market,GCE1850,https://www.dvcresalemarket.com/listings/grand-californian/gce1850/,Grand Californian Villas,250,June,64250,257.0,9.52,2060,Available,124,16.947
2026-08-20,DVC Resale Market,AUC3490,https://www.dvcresalemarket.com/listings/aulani/auc3490/,Aulani,220,June,22880,104.0,10.96,2062,Available,180,13.617
2026-08-20,DVC Resale Market,SSE8479,https://www.dvcresalemarket.com/listings/saratoga-springs/sse8479/,Saratoga Springs,300,June,27000,90.0,9.19,2054,Sale Pending,-573,13.88
2026-08-20,DVC Resale Market,SS88488,https://www.dvcresalemarket.com/listings/saratoga-springs/ss88488/,Saratoga Springs,150,October,18000,120.0,9.19,2054,Sale Pending,0,13.806
2026-08-20,DVC Resale Market,VB62600,https://www.dvcresalemarket.com/listings/vero-beach/vb62600/,Vero Beach,225,June,14175,63.0,14.89,2042,Available,0,19.199
2026-08-20,DVC Resale Market,AKE6379,https://www.dvcresalemarket.com/listings/animal-kingdom-lodge/ake6379/,Animal Kingdom Villas,160,October,18400,115.0,10.16,2057,Available,-155,14.743
2026-08-20,DVC Resale Market,AK26343,https://www.dvcresalemarket.com/listings/animal-kingdom-lodge/ak26343/,Animal Kingdom Villas,25,August,3875,155.0,10.16,2057,Sale Pending,1,16.579
2026-08-20,DVC Resale Market,OK84972,https://www.dvcresalemarket.com/listings/old-key-west/ok84972/,Old Key West,50,March,6000,120.0,11.21,2042,Sale Pending,0,20.184
2026-08-20,DVC Resale Market,SS98403,https://www.dvcresalemarket.com/listings/saratoga-springs/ss98403/,Saratoga Springs,200,April,21400,107.0,9.19,2054,Sale Pending,0,13.265
2026-08-20,DVC Resale Market,BCB2539,https://www.dvcresalemarket.com/listings/beach-club/bcb2539/,Beach Club Villas,210,February,28770,137.0,9.81,2042,Sale Pending,0,18.828
2026-08-20,DVC Resale Market,HH71786,https://www.dvcresalemarket.com/listings/hilton-head/hh71786/,Hilton Head Island,50,October,3500,70.0,12.86,2042,Sale Pending,-50,19.94
2026-08-20,DVC Resale Market,GF33301,https://www.dvcresalemarket.com/listings/grand-floridian/gf33301/,Grand Floridian Villas,100,October,18000,180.0,8.31,2064,Sale Pending,70,13.062
2026-08-20,DVC Resale Market,BL83550,https://www.dvcresalemarket.com/listings/bay-lake-tower/bl83550/,Bay Lake Tower,240,February,32160,134.0,8.74,2060,Sale Pending,-270,13.508
2026-08-20,DVC Resale Market,AK36364,https://www.dvcresalemarket.com/listings/animal-kingdom-lodge/ak36364/,Animal Kingdom Villas,110,December,12100,110.0,10.16,2057,Sale Pending,-102,14.661
2026-08-20,DVC Resale Market,SS78398,https://www.dvcresalemarket.com/listings/saratoga-springs/ss78398/,Saratoga Springs,50,December,6000,120.0,9.19,2054,Available,-50,14.996
2026-08-20,DVC Resale Market,BLB3723,https://www.dvcresalemarket.com/listings/bay-lake-tower/blb3723/,Bay Lake Tower,160,December,20160,126.0,8.74,2060,Sale Pending,-160,13.264
2026-08-20,DVC Resale Market,SS88371,https://www.dvcresalemarket.com/listings/saratoga-springs/ss88371/,Saratoga Springs,200,March,21000,105.0,9.19,2054,Sale Pending,0,13.193
2026-08-20,DVC Resale Market,SSG8498,https://www.dvcresalemarket.com/listings/saratoga-springs/ssg8498/,Saratoga Springs,150,December,17250,115.0,9.19,2054,Available,-178,14.431
2026-08-20,DVC Resale Market,BWA3381,https://www.dvcresalemarket.com/listings/boardwalk/bwa3381/,BoardWalk Villas,210,September,27510,131.0,9.67,2042,Sale Pending,-156,19.189
2026-08-20,DVC Resale Market,AK36382,https://www.dvcresalemarket.com/listings/animal-kingdom-lodge/ak36382/,Animal Kingdom Villas,160,December,17120,107.0,10.16,2057,Sale Pending,-127,14.376
2026-08-20,DVC Resale Market,SSE8496,https://www.dvcresalemarket.com/listings/saratoga-springs/sse8496/,Saratoga Springs,225,December,25875,115.0,9.19,2054,Sale Pending,211,12.894
2026-08-20,DVC Resale Market,OK74965,https://www.dvcresalemarket.com/listings/old-key-west/ok74965/,Old Key West,164,March,14268,87.0,11.21,2042,Sale Pending,-164,18.345
2026-08-20,DVC Resale Market,OKB4932,https://www.dvcresalemarket.com/listings/old-key-west/okb4932/,Old Key West,264,March,23232,88.0,11.21,2042,Sale Pending,-170,17.815
2026-08-20,DVC Resale Market,CCB2974,https://www.dvcresalemarket.com/listings/copper-creek/ccb2974/,Copper Creek Villas,100,December,14900,149.0,9.02,2068,Sale Pending,-4,12.905
2026-08-20,DVC Resale Market,GF63277,https://www.dvcresalemarket.com/listings/grand-floridian/gf63277/,Grand Floridian Villas,100,March,16000,160.0,8.31,2064,Available,-200,13.881
2026-08-20,DVC Resale Market,AK76259,https://www.dvcresalemarket.com/listings/animal-kingdom-lodge/ak76259/,Animal Kingdom Villas,320,December,40000,125.0,10.16,2057,Available,0,14.366
2026-08-20,DVC Resale Market,SS78317,https://www.dvcresalemarket.com/listings/saratoga-springs/ss78317/,Saratoga Springs,316,September,34444,109.0,9.19,2054,Available,-316,13.949
2026-08-20,DVC Resale Market,BW63397,https://www.dvcresalemarket.com/listings/boardwalk/bw63397/,BoardWalk Villas,225,February,27675,123.0,9.67,2042,Sale Pending,-225,18.964
2026-08-20,DVC Resale Market,PL34573,https://www.dvcresalemarket.com/listings/polynesian/pl34573/,Polynesian Villas,150,October,26250,175.0,8.33,2066,Sale Pending,0,12.953
2026-08-20,DVC Resale Market,AK36384,https://www.dvcresalemarket.com/listings/animal-kingdom-lodge/ak36384/,Animal Kingdom Villas,100,October,11600,116.0,10.16,2057,Sale Pending,14,14.232
2026-08-20,DVC Resale Market,BCE2483,https://www.dvcresalemarket.com/listings/beach-club/bce2483/,Beach Club Villas,160,March,22080,138.0,9.81,2042,Sale Pending,0,18.993
2026-08-20,DVC Resale Market,SSF8485,https://www.dvcresalemarket.com/listings/saratoga-springs/ssf8485/,Saratoga Springs,120,September,15360,128.0,9.19,2054,Sale Pending,104,13.575
2026-08-20,DVC Resale Market,CC62938,https://www.dvcresalemarket.com/listings/copper-creek/cc62938/,Copper Creek Villas,200,August,30000,150.0,9.02,2068,Sale Pending,0,12.779
2026-08-20,DVC Resale Market,SSC8489,https://www.dvcresalemarket.com/listings/saratoga-springs/ssc8489/,Saratoga Springs,50,October,6350,127.0,9.19,2054,Available,-49,15.233
2026-08-20,DVC Resale Market,OK74966,https://www.dvcresalemarket.com/listings/old-key-west/ok74966/,Old Key West,36,March,4392,122.0,11.21,2042,Available,0,20.812
2026-08-20,DVC Resale Market,SS88490,https://www.dvcresalemarket.com/listings/saratoga-springs/ss88490/,Saratoga Springs,75,March,9675,129.0,9.19,2054,Available,0,14.387
2026-08-20,DVC Resale Market,SSE8305,https://www.dvcresalemarket.com/listings/saratoga-springs/sse8305/,Saratoga Springs,125,December,14500,116.0,9.19,2054,Sale Pending,125,13.037
2026-08-20,DVC Resale Market,PL34507,https://www.dvcresalemarket.com/listings/polynesian/pl34507/,Polynesian Villas,100,September,17500,175.0,8.33,2066,Sale Pending,-73,13.397
2026-08-20,DVC Resale Market,BC92548,https://www.dvcresalemarket.com/listings/beach-club/bc92548/,Beach Club Villas,150,February,23250,155.0,9.81,2042,Available,0,20.097
2026-08-20,DVC Resale Market,AUC3484,https://www.dvcresalemarket.com/listings/aulani/auc3484/,Aulani,375,March,33375,89.0,10.96,2062,Available,-336,14.022
2026-08-20,DVC Resale Market,OK24974,https://www.dvcresalemarket.com/listings/old-key-west/ok24974/,Old Key West,50,October,6100,122.0,11.21,2042,Available,-34,21.116
2026-08-20,DVC Resale Market,SS28494,https://www.dvcresalemarket.com/listings/saratoga-springs/ss28494/,Saratoga Springs,25,August,3550,142.0,9.19,2054,Available,-25,16.539
2026-08-20,DVC Resale Market,SS88475,https://www.dvcresalemarket.com/listings/saratoga-springs/ss88475/,Saratoga Springs,100,June,11600,116.0,9.19,2054,Available,-93,14.424
2026-08-20,DVC Resale Market,SS28342,https://www.dvcresalemarket.com/listings/saratoga-springs/ss28342/,Saratoga Springs,225,February,21600,96.0,9.19,2054,Sale Pending,-225,13.522
2026-08-20,DVC Resale Market,GF23288,https://www.dvcresalemarket.com/listings/grand-floridian/gf23288/,Grand Floridian Villas,50,August,9300,186.0,8.31,2064,Available,0,13.857
2026-08-20,DVC Resale Market,HH31772,https://www.dvcresalemarket.com/listings/hilton-head/hh31772/,Hilton Head Island,55,June,4125,75.0,12.86,2042,Sale Pending,0,18.927
2026-08-20,DVC Resale Market,AKC6372,https://www.dvcresalemarket.com/listings/animal-kingdom-lodge/akc6372/,Animal Kingdom Villas,250,August,27750,111.0,10.16,2057,Available,0,13.935
2026-08-20,DVC Resale Market,GCF1838,https://www.dvcresalemarket.com/listings/grand-californian/gcf1838/,Grand Californian Villas,160,August,42720,267.0,9.52,2060,Available,148,17.08
2026-08-20,DVC Resale Market,BWB3350,https://www.dvcresalemarket.com/listings/boardwalk/bwb3350/,BoardWalk Villas,150,March,18000,120.0,9.67,2042,Available,-298,20.108
2026-08-20,DVC Resale Market,BC22516,https://www.dvcresalemarket.com/listings/beach-club/bc22516/,Beach Club Villas,200,December,27200,136.0,9.81,2042,Available,-200,19.969
2026-08-20,DVC Resale Market,BC22514,https://www.dvcresalemarket.com/listings/beach-club/bc22514/,Beach Club Villas,240,December,32400,135.0,9.81,2042,Available,-240,19.857
2026-08-20,DVC Resale Market,GCB1829,https://www.dvcresalemarket.com/listings/grand-californian/gcb1829/,Grand Californian Villas,160,August,39840,249.0,9.52,2060,Available,-155,17.608
2026-08-20,DVC Resale Market,GC61830,https://www.dvcresalemarket.com/listings/grand-californian/gc61830/,Grand Californian Villas,400,August,100000,250.0,9.52,2060,Available,176,16.721
2026-08-20,DVC Resale Market,SSB8374,https://www.dvcresalemarket.com/listings/saratoga-springs/ssb8374/,Saratoga Springs,275,April,27500,100.0,9.19,2054,Available,-548,14.31
2026-08-20,DVC Resale Market,BLA3724,https://www.dvcresalemarket.com/listings/bay-lake-tower/bla3724/,Bay Lake Tower,50,February,7500,150.0,8.74,2060,Available,-99,14.964
2026-08-20,DVC Resale Market,AUC3489,https://www.dvcresalemarket.com/listings/aulani/auc3489/,Aulani,220,October,20680,94.0,10.96,2062,Available,-140,14.106
2026-08-20,DVC Resale Market,AU83483,https://www.dvcresalemarket.com/listings/aulani/au83483/,Aulani,330,March,29700,90.0,10.96,2062,Available,-286,14.05
2026-08-20,DVC Resale Market,AU83488,https://www.dvcresalemarket.com/listings/aulani/au83488/,Aulani,400,March,35200,88.0,10.96,2062,Available,-400,14.042
2026-08-20,DVC Resale Market,OK74961,https://www.dvcresalemarket.com/listings/old-key-west/ok74961/,Old Key West,210,August,19740,94.0,11.21,2042,Available,0,17.501
2026-08-20,DVC Resale Market,OKA2366,https://www.dvcresalemarket.com/listings/old-key-west/oka2366/,Old Key West,150,June,15000,100.0,11.21,2042,Available,-95,18.774
2026-08-20,DVC Resale Market,AKA6373,https://www.dvcresalemarket.com/listings/animal-kingdom-lodge/aka6373/,Animal Kingdom Villas,150,August,17250,115.0,10.16,2057,Available,-299,15.388
2026-08-20,DVC Resale Market,AU63364,https://www.dvcresalemarket.com/listings/aulani/au63364/,Aulani,300,August,33000,110.0,10.96,2062,Available,200,13.81
2026-08-20,DVC Resale Market,HHB1798,https://www.dvcresalemarket.com/listings/hilton-head/hhb1798/,Hilton Head Island,200,August,15000,75.0,12.86,2042,Available,-172,18.96
2026-08-20,DVC Resale Market,OK24952,https://www.dvcresalemarket.com/listings/old-key-west/ok24952/,Old Key West,50,March,5500,110.0,11.21,2042,Sale Pending,-48,20.674
2026-08-20,DVC Resale Market,GFB3284,https://www.dvcresalemarket.com/listings/grand-floridian/gfb3284/,Grand Floridian Villas,200,December,33000,165.0,8.31,2064,Sale Pending,-114,13.153
2026-08-20,DVC Resale Market,CCB2961,https://www.dvcresalemarket.com/listings/copper-creek/ccb2961/,Copper Creek Villas,75,August,11700,156.0,9.02,2068,Sale Pending,0,13.143
2026-08-20,DVC Resale Market,BLA3699,https://www.dvcresalemarket.com/listings/bay-lake-tower/bla3699/,Bay Lake Tower,25,April,4150,166.0,8.74,2060,Sale Pending,0,14.962
2026-08-20,DVC Resale Market,BC82543,https://www.dvcresalemarket.com/listings/beach-club/bc82543/,Beach Club Villas,250,February,33750,135.0,9.81,2042,Available,-500,21.032
2026-08-20,DVC Resale Market,BCA2547,https://www.dvcresalemarket.com/listings/beach-club/bca2547/,Beach Club Villas,220,March,31240,142.0,9.81,2042,Available,-283,20.667
2026-08-20,DVC Resale Market,PLE4579,https://www.dvcresalemarket.com/listings/polynesian/ple4579/,Polynesian Villas,100,April,17500,175.0,8.33,2066,Available,-106,13.553
2026-08-20,DVC Resale Market,BCE2542,https://www.dvcresalemarket.com/listings/beach-club/bce2542/,Beach Club Villas,130,March,21190,163.0,9.81,2042,Available,0,20.68
2026-08-20,DVC Resale Market,GC21810,https://www.dvcresalemarket.com/listings/grand-californian/gc21810/,Grand Californian Villas,130,August,33020,254.0,9.52,2060,Available,-44,17.453
2026-08-20,DVC Resale Market,AUB3414,https://www.dvcresalemarket.com/listings/aulani/aub3414/,Aulani,100,August,11000,110.0,10.96,2062,Available,0,14.454
2026-08-20,DVC Resale Market,AUB3357,https://www.dvcresalemarket.com/listings/aulani/aub3357/,Aulani,100,August,11000,110.0,10.96,2062,Available,0,14.454
2026-08-20,DVC Resale Market,AK76303,https://www.dvcresalemarket.com/listings/animal-kingdom-lodge/ak76303/,Animal Kingdom Villas,160,October,18880,118.0,10.16,2057,Available,6,14.224
2026-08-20,DVC Resale Market,RRB2302,https://www.dvcresalemarket.com/listings/rivieraresort/rrb2302/,Riviera Resort,500,August,52000,104.0,9.46,2070,Available,-448,12.295
2026-08-20,DVC Resale Market,HH61788,https://www.dvcresalemarket.com/listings/hilton-head/hh61788/,Hilton Head Island,300,October,21000,70.0,12.86,2042,Available,8,17.469
2026-08-20,DVC Resale Market,AK26368,https://www.dvcresalemarket.com/listings/animal-kingdom-lodge/ak26368/,Animal Kingdom Villas,160,December,17440,109.0,10.16,2057,Available,-160,14.567
2026-08-20,DVC Resale Market,VBC2592,https://www.dvcresalemarket.com/listings/vero-beach/vbc2592/,Vero Beach,200,August,12000,60.0,14.89,2042,Available,-200,20.237
2026-08-20,DVC Resale Market,GC91848,https://www.dvcresalemarket.com/listings/grand-californian/gc91848/,Grand Californian Villas,160,June,40640,254.0,9.52,2060,Available,-160,17.773
2026-08-20,DVC Resale Market,PLA4506,https://www.dvcresalemarket.com/listings/polynesian/pla4506/,Polynesian Villas,75,December,13575,181.0,8.33,2066,Available,11,13.228
2026-08-20,DVC Resale Market,AU83462,https://www.dvcresalemarket.com/listings/aulani/au83462/,Aulani,330,April,37950,115.0,10.96,2062,Available,0,14.287
2026-08-20,DVC Resale Market,SSB8363,https://www.dvcresalemarket.com/listings/saratoga-springs/ssb8363/,Saratoga Springs,250,December,25750,103.0,9.19,2054,Available,-248,13.752
2026-08-20,DVC Resale Market,BCB2411,https://www.dvcresalemarket.com/listings/beach-club/bcb2411/,Beach Club Villas,250,March,34750,139.0,9.81,2042,Available,-223,19.971
2026-08-20,DVC Resale Market,BCE2536,https://www.dvcresalemarket.com/listings/beach-club/bce2536/,Beach Club Villas,100,February,15500,155.0,9.81,2042,Available,-92,21.433
2026-08-20,DVC Resale Market,AU33476,https://www.dvcresalemarket.com/listings/aulani/au33476/,Aulani,500,September,51500,103.0,10.96,2062,Available,0,13.909
2026-08-20,DVC Resale Market,AU33474,https://www.dvcresalemarket.com/listings/aulani/au33474/,Aulani,500,September,51500,103.0,10.96,2062,Available,0,13.909
2026-08-20,DVC Resale Market,BWB3376,https://www.dvcresalemarket.com/listings/boardwalk/bwb3376/,BoardWalk Villas,400,October,46800,117.0,9.67,2042,Available,-156,17.724
2026-08-20,DVC Resale Market,VB82581,https://www.dvcresalemarket.com/listings/vero-beach/vb82581/,Vero Beach,230,June,13800,60.0,14.89,2042,Available,-230,20.189
2026-08-20,DVC Resale Market,BLC3707,https://www.dvcresalemarket.com/listings/bay-lake-tower/blc3707/,Bay Lake Tower,50,February,7750,155.0,8.74,2060,Available,-50,14.563
2026-08-20,DVC Resale Market,SSC8447,https://www.dvcresalemarket.com/listings/saratoga-springs/ssc8447/,Saratoga Springs,160,September,17600,110.0,9.19,2054,Available,-119,13.931
2026-08-20,DVC Resale Market,VBA2586,https://www.dvcresalemarket.com/listings/vero-beach/vba2586/,Vero Beach,250,March,15500,62.0,14.89,2042,Available,0,19.102
2026-08-20,DVC Resale Market,BCC2339,https://www.dvcresalemarket.com/listings/beach-club/bcc2339/,Beach Club Villas,150,February,21600,144.0,9.81,2042,Available,-171,20.755
2026-08-20,DVC Resale Market,SSB8443,https://www.dvcresalemarket.com/listings/saratoga-springs/ssb8443/,Saratoga Springs,210,February,21000,100.0,9.19,2054,Available,-418,14.353
2026-08-20,DVC Resale Market,GC21825,https://www.dvcresalemarket.com/listings/grand-californian/gc21825/,Grand Californian Villas,250,June,60750,243.0,9.52,2060,Available,-471,17.865
2026-08-20,DVC Resale Market,GC21768,https://www.dvcresalemarket.com/listings/grand-californian/gc21768/,Grand Californian Villas,210,October,52080,248.0,9.52,2060,Available,-210,17.545
2026-08-20,DVC Resale Market,DHB1101,https://www.dvcresalemarket.com/listings/disneyland-hotel/dhb1101/,Villas at Disneyland Hotel,150,September,23100,154.0,10.54,2073,Available,-150,14.391
2026-08-20,DVC Resale Market,CCE2931,https://www.dvcresalemarket.com/listings/copper-creek/cce2931/,Copper Creek Villas,75,October,11175,149.0,9.02,2068,Available,-75,13.429
2026-08-20,DVC Resale Market,CCE2941,https://www.dvcresalemarket.com/listings/copper-creek/cce2941/,Copper Creek Villas,75,October,11175,149.0,9.02,2068,Available,-75,13.429
2026-08-20,DVC Resale Market,BL53482,https://www.dvcresalemarket.com/listings/bay-lake-tower/bl53482/,Bay Lake Tower,160,December,23200,145.0,8.74,2060,Available,-140,13.758
2026-08-20,DVC Resale Market,AUE3424,https://www.dvcresalemarket.com/listings/aulani/aue3424/,Aulani,50,February,5350,107.0,10.96,2062,Available,-50,15.338
2026-08-20,DVC Resale Market,AU23455,https://www.dvcresalemarket.com/listings/aulani/au23455/,Aulani,100,June,10400,104.0,10.96,2062,Available,-200,15.343
2026-08-20,The DVC Store,AR150-12-0213,https://www.dvcstore.com/resort/aulani/ar150-12-0213/,Aulani,150,December,15750,105.0,10.9572,2062,Available,0,14.166
2026-08-20,The DVC Store,AK140-12-0225,https://www.dvcstore.com/resort/animal-kingdom/ak140-12-0225/,Animal Kingdom Villas,140,December,15400,110.0,10.1608,2057,Sold,0,13.969
2026-08-20,The DVC Store,AK200-10-0112-1,https://www.dvcstore.com/resort/animal-kingdom/ak200-10-0112-1/,Animal Kingdom Villas,200,October,20000,100.0,10.1608,2057,Sold,0,13.578
2026-08-20,The DVC Store,AK200-12-1018,https://www.dvcstore.com/resort/animal-kingdom/ak200-12-1018/,Animal Kingdom Villas,200,December,20600,103.0,10.1608,2057,Sold,4,13.664
2026-08-20,The DVC Store,AK200-12-1102,https://www.dvcstore.com/resort/animal-kingdom/ak200-12-1102/,Animal Kingdom Villas,200,December,22400,112.0,10.1608,2057,Sold,0,13.968
2026-08-20,The DVC Store,BLT160-02-1208,https://www.dvcstore.com/resort/bay-lake-tower/blt160-02-1208/,Bay Lake Tower,160,February,20000,125.0,8.7415,2060,Sold,0,12.636
2026-08-20,The DVC Store,BLT210-02-1112-1,https://www.dvcstore.com/resort/bay-lake-tower/blt210-02-1112-1/,Bay Lake Tower,210,February,28980,138.0,8.7415,2060,Sold,202,12.441
2026-08-20,The DVC Store,BW150-09-1213,https://www.dvcstore.com/resort/boardwalk-villas/bw150-09-1213/,BoardWalk Villas,150,September,17250,115.0,9.7617,2042,Sold,67,16.9
2026-08-20,The DVC Store,GCAL200-06-1210,https://www.dvcstore.com/resort/grand-californian/gcal200-06-1210/,Grand Californian Villas,200,June,49000,245.0,9.5203,2060,Sold,0,16.904
2026-08-20,The DVC Store,GF080-04-1012,https://www.dvcstore.com/resort/grand-floridian/gf080-04-1012/,Grand Floridian Villas,80,April,13200,165.0,8.3142,2064,Sold,0,13.012
2026-08-20,The DVC Store,GF276-08-0317,https://www.dvcstore.com/resort/grand-floridian/gf276-08-0317/,Grand Floridian Villas,276,August,41124,149.0,8.3142,2064,Sold,-552,13.373
2026-08-20,The DVC Store,GF100-04-0428,https://www.dvcstore.com/resort/grand-floridian/gf100-04-0428/,Grand Floridian Villas,100,April,15800,158.0,8.3142,2064,Sold,0,12.771
2026-08-20,The DVC Store,HH200-09-0918,https://www.dvcstore.com/resort/hilton-head/hh200-09-0918/,Hilton Head Island,200,September,10000,50.0,12.8621,2042,Sold,0,16.373
2026-08-20,The DVC Store,HH210-12-1113,https://www.dvcstore.com/resort/hilton-head/hh210-12-1113/,Hilton Head Island,210,December,12600,60.0,12.8621,2042,Sold,0,16.983
2026-08-20,The DVC Store,OKW100-02-0123,https://www.dvcstore.com/resort/old-key-west/okw100-02-0123/,Old Key West,100,February,8600,86.0,11.2054,2042,Sold,0,17.219
2026-08-20,The DVC Store,OKW150-06-1208,https://www.dvcstore.com/resort/old-key-west/okw150-06-1208/,Old Key West,150,June,12300,82.0,11.2054,2042,Sold,-14,16.889
2026-08-20,The DVC Store,OKW2057230-04-1209,https://www.dvcstore.com/resort/old-key-west-2057/okw2057230-04-1209/,Old Key West (2057),230,April,20470,89.0,11.2054,2057,Sold,-230,14.855
2026-08-20,The DVC Store,OKW210-04-1110,https://www.dvcstore.com/resort/old-key-west/okw210-04-1110/,Old Key West,210,April,17640,84.0,11.2054,2042,Sold,420,14.422
2026-08-20,The DVC Store,OKW230-04-1124,https://www.dvcstore.com/resort/old-key-west/okw230-04-1124/,Old Key West,230,April,16790,73.0,11.2054,2042,Sold,44,15.85
2026-08-20,The DVC Store,RV300-08-0819,https://www.dvcstore.com/resort/riviera/rv300-08-0819/,Riviera Resort,300,August,33000,110.0,9.4553,2070,Sold,0,12.056
2026-08-20,The DVC Store,SS160-06-1215,https://www.dvcstore.com/resort/saratoga-springs/ss160-06-1215/,Saratoga Springs,160,June,15360,96.0,9.1877,2054,Sold,102,12.436
2026-08-20,The DVC Store,SS150-09-1126,https://www.dvcstore.com/resort/saratoga-springs/ss150-09-1126/,Saratoga Springs,150,September,15000,100.0,9.1877,2054,Sold,0,13.028
2026-08-20,The DVC Store,SS180-09-1013,https://www.dvcstore.com/resort/saratoga-springs/ss180-09-1013/,Saratoga Springs,180,September,17280,96.0,9.1877,2054,Sold,2,12.835
2026-08-20,The DVC Store,SS500-02-1021,https://www.dvcstore.com/resort/saratoga-springs/ss500-02-1021/,Saratoga Springs,500,February,44000,88.0,9.1877,2054,Sold,0,12.436
2026-08-20,The DVC Store,VB150-02-1031,https://www.dvcstore.com/resort/vero-beach/vb150-02-1031/,Vero Beach,150,February,6900,46.0,14.8939,2042,Sold,30,17.953
2026-08-20,The DVC Store,VB150-02-1209,https://www.dvcstore.com/resort/vero-beach/vb150-02-1209/,Vero Beach,150,February,6450,43.0,14.8939,2042,Sold,16,17.874
2026-08-20,The DVC Store,VB210-03-0708-1,https://www.dvcstore.com/resort/vero-beach/vb210-03-0708-1/,Vero Beach,210,March,9450,45.0,14.8939,2042,Sold,0,18.011
2026-08-20,The DVC Store,VB210-12-1216,https://www.dvcstore.com/resort/vero-beach/vb210-12-1216/,Vero Beach,210,December,7980,38.0,14.8939,2042,Sold,0,17.572
2026-08-20,The DVC Store,VB225-08-1112-1,https://www.dvcstore.com/resort/vero-beach/vb225-08-1112-1/,Vero Beach,225,August,9000,40.0,14.8939,2042,Sold,0,17.678
2026-08-20,The DVC Store,VB250-12-0511,https://www.dvcstore.com/resort/vero-beach/vb250-12-0511/,Vero Beach,250,December,11250,45.0,14.8939,2042,Sold,0,17.974
2026-08-20,The DVC Store,WLCC175-06-1212,https://www.dvcstore.com/resort/copper-creek/wlcc175-06-1212/,Copper Creek Villas,175,June,23625,135.0,9.0,2068,Sold,18,12.402
2026-08-20,The DVC Store,SS160-12-1028-1,https://www.dvcstore.com/resort/saratoga-springs/ss160-12-1028-1/,Saratoga Springs,160,December,15680,98.0,9.1877,2054,Sold,0,12.941
2026-08-20,The DVC Store,VB100-09-0127,https://www.dvcstore.com/resort/vero-beach/vb100-09-0127/,Vero Beach,100,September,4500,45.0,14.8939,2042,Sale Pending,0,18.332
2026-08-20,The DVC Store,SS250-12-0127,https://www.dvcstore.com/resort/saratoga-springs/ss250-12-0127/,Saratoga Springs,250,December,24000,96.0,9.1877,2054,Sale Pending,0,12.791
2026-08-20,The DVC Store,AK167-06-0127,https://www.dvcstore.com/resort/animal-kingdom/ak167-06-0127/,Animal Kingdom Villas,167,June,15030,90.0,10.1608,2057,Sold,0,13.282
2026-08-20,The DVC Store,BLT160-06-0215-1,https://www.dvcstore.com/resort/bay-lake-tower/blt160-02-0215-1/,Bay Lake Tower,160,June,20960,131.0,8.7415,2060,Sold,48,12.646
2026-08-20,The DVC Store,OKW270-12-1118-1,https://www.dvcstore.com/resort/old-key-west/okw270-12-1118-1/,Old Key West,270,December,20250,75.0,11.2054,2042,Sale Pending,139,15.556
2026-08-20,The DVC Store,VDH150-02-0418,https://www.dvcstore.com/resort/disneyland-hotel/vdh150-02-0418/,Villas at Disneyland Hotel,150,February,22500,150.0,10.5354,2074,Available,-286,14.588
2026-08-20,The DVC Store,SS160-09-0421,https://www.dvcstore.com/resort/saratoga-springs/ss160-09-0421/,Saratoga Springs,160,September,15520,97.0,9.1877,2054,Sold,6,12.879
2026-08-20,The DVC Store,OKW269-09-0107,https://www.dvcstore.com/resort/old-key-west/okw269-09-0107/,Old Key West,269,September,20175,75.0,11.2054,2042,Sold,10,16.124
2026-08-20,The DVC Store,OKW150-02-0409,https://www.dvcstore.com/resort/old-key-west/okw150-02-0409/,Old Key West,150,February,12300,82.0,11.2054,2042,Sold,0,16.778
2026-08-20,The DVC Store,BW150-10-0423,https://www.dvcstore.com/resort/boardwalk-villas/bw150-10-0423/,BoardWalk Villas,150,October,17850,119.0,9.7617,2042,Sold,84,17.012
2026-08-20,The DVC Store,BC250-03-0429,https://www.dvcstore.com/resort/beach-club-villas/bc250-03-0429/,Beach Club Villas,250,March,33750,135.0,9.8113,2042,Sold,0,18.583
2026-08-20,The DVC Store,OKW270-10-0416,https://www.dvcstore.com/resort/old-key-west/okw270-10-0416/,Old Key West,270,October,20250,75.0,11.2054,2042,Sold,-380,17.839
2026-08-20,The DVC Store,BW270-02-0225,https://www.dvcstore.com/resort/boardwalk-villas/bw270-02-0225/,BoardWalk Villas,270,February,30240,112.0,9.7617,2042,Sold,0,17.063
2026-08-20,The DVC Store,OKW150-02-0317,https://www.dvcstore.com/resort/old-key-west/okw150-02-0317/,Old Key West,150,February,12600,84.0,11.2054,2042,Sold,0,16.664
2026-08-20,The DVC Store,SS160-12-0518,https://www.dvcstore.com/resort/saratoga-springs/ss160-12-0518-2/,Saratoga Springs,160,December,14400,90.0,9.1877,2054,Available,-160,13.323
2026-08-20,The DVC Store,SS200-12-0518,https://www.dvcstore.com/resort/saratoga-springs/ss200-12-0518/,Saratoga Springs,200,December,18200,91.0,9.1877,2054,Available,-200,13.321
2026-08-20,The DVC Store,AK050-08-0521,https://www.dvcstore.com/resort/animal-kingdom/ak050-08-0521/,Animal Kingdom Villas,50,August,6000,120.0,10.1608,2057,Sale Pending,100,13.455
2026-08-20,The DVC Store,BW200-02-0428,https://www.dvcstore.com/resort/boardwalk-villas/bw200-02-0428/,BoardWalk Villas,200,February,25000,125.0,9.7617,2042,Sold,0,17.965
2026-08-20,The DVC Store,SS150-02-0520,https://www.dvcstore.com/resort/saratoga-springs/ss150-02-0520/,Saratoga Springs,150,February,14400,96.0,9.1877,2054,Sold,0,12.885
2026-08-20,The DVC Store,AR025-03-0526,https://www.dvcstore.com/resort/aulani/ar025-03-0526/,Aulani,25,March,2875,115.0,10.9572,2062,Available,0,15.707
2026-08-20,The DVC Store,AR220-03-0526,https://www.dvcstore.com/resort/aulani/ar220-03-0526/,Aulani,220,March,23100,105.0,10.9572,2062,Available,0,14.051
2026-08-20,The DVC Store,BC250-03-0403,https://www.dvcstore.com/resort/beach-club-villas/bc250-03-0403/,Beach Club Villas,250,March,34750,139.0,9.8113,2042,Available,54,18.579
2026-08-20,The DVC Store,AK210-12-0518,https://www.dvcstore.com/resort/animal-kingdom/ak210-12-0518/,Animal Kingdom Villas,210,December,19740,94.0,10.1608,2057,Sale Pending,-210,13.988
2026-08-20,The DVC Store,AR200-04-0409,https://www.dvcstore.com/resort/aulani/ar200-04-0409/,Aulani,200,April,19600,98.0,10.9572,2062,Sale Pending,0,13.874
2026-08-20,The DVC Store,BW050-10-0602,https://www.dvcstore.com/resort/boardwalk-villas/bw050-10-0602/,BoardWalk Villas,50,October,6500,130.0,9.7617,2042,Sale Pending,12,18.867
2026-08-20,The DVC Store,GF075-10-0602,https://www.dvcstore.com/resort/grand-floridian/gf075-10-0602/,Grand Floridian Villas,75,October,13350,178.0,8.3142,2064,Sale Pending,-10,13.444
2026-08-20,The DVC Store,AK100-06-0602,https://www.dvcstore.com/resort/animal-kingdom/ak100-06-0602/,Animal Kingdom Villas,100,June,10900,109.0,10.1608,2057,Sale Pending,0,14.022
2026-08-20,The DVC Store,BLT100-10-0602,https://www.dvcstore.com/resort/bay-lake-tower/blt100-10-0602/,Bay Lake Tower,100,October,13800,138.0,8.7415,2060,Sale Pending,-32,13.299
2026-08-20,The DVC Store,SS075-06-0423,https://www.dvcstore.com/resort/saratoga-springs/ss075-06-0423/,Saratoga Springs,75,June,8025,107.0,9.1877,2054,Sale Pending,-75,14.172
2026-08-20,The DVC Store,PV200-10-0408-1,https://www.dvcstore.com/resort/polynesian-villas-and-bungalows/pv200-10-0408-1/,Polynesian Villas,200,October,32000,160.0,8.3334,2066,Sold,-400,13.448
2026-08-20,The DVC Store,BC270-02-0519,https://www.dvcstore.com/resort/beach-club-villas/bc270-02-0519/,Beach Club Villas,270,February,33750,125.0,9.8113,2042,Sold,-540,20.309
2026-08-20,The DVC Store,SS160-12-0505,https://www.dvcstore.com/resort/saratoga-springs/ss160-12-0505/,Saratoga Springs,160,December,15200,95.0,9.1877,2054,Sale Pending,-306,14.13
2026-08-20,The DVC Store,AR120-12-0331,https://www.dvcstore.com/resort/aulani/ar120-12-0331/,Aulani,120,December,11880,99.0,10.9572,2062,Available,-14,14.093
2026-08-20,The DVC Store,HH060-03-0518,https://www.dvcstore.com/resort/hilton-head/hh060-03-0518/,Hilton Head Island,60,March,4800,80.0,12.8621,2042,Sold,0,19.13
2026-08-20,The DVC Store,OKW050-08-0624,https://www.dvcstore.com/resort/old-key-west/okw050-08-0624/,Old Key West,50,August,4500,90.0,11.2054,2042,Sold,-76,19.887
2026-08-20,The DVC Store,AR100-02-0602,https://www.dvcstore.com/resort/aulani/ar100-02-0602/,Aulani,100,February,9700,97.0,10.9572,2062,Available,0,14.041
2026-08-20,The DVC Store,VB100-03-0707,https://www.dvcstore.com/resort/vero-beach/vb100-03-0707/,Vero Beach,100,March,7400,74.0,14.8939,2042,Available,0,20.155
2026-08-20,The DVC Store,SS075-06-0707,https://www.dvcstore.com/resort/saratoga-springs/ss075-06-0707/,Saratoga Springs,75,June,8025,107.0,9.1877,2054,Sold,0,13.493
2026-08-20,The DVC Store,SS200-12-0505,https://www.dvcstore.com/resort/saratoga-springs/ss200-12-0505-2/,Saratoga Springs,200,December,19000,95.0,9.1877,2054,Sale Pending,-400,14.144
2026-08-20,The DVC Store,WLCC250-10-0527,https://www.dvcstore.com/resort/copper-creek/wlcc250-10-0527/,Copper Creek Villas,250,October,38750,155.0,9.0,2068,Available,-500,13.727
2026-08-20,The DVC Store,OKW300-12-0518,https://www.dvcstore.com/resort/old-key-west/okw300-12-0518/,Old Key West,300,December,20700,69.0,11.2054,2042,Available,-600,18.142
2026-08-20,The DVC Store,HH080-02-0707,https://www.dvcstore.com/resort/hilton-head/hh080-02-0707/,Hilton Head Island,80,February,7600,95.0,12.8621,2042,Sold,0,19.759
2026-08-20,The DVC Store,OKW100-02-0722,https://www.dvcstore.com/resort/old-key-west/okw100-02-0722/,Old Key West,100,February,9000,90.0,11.2054,2042,Available,10,17.35
2026-08-20,The DVC Store,VDH300-06-0727,https://www.dvcstore.com/resort/disneyland-hotel/vdh300-06-0727/,Villas at Disneyland Hotel,300,June,49500,165.0,10.5354,2074,Available,0,14.058
2026-08-20,The DVC Store,OKW2057125-02-0727,https://www.dvcstore.com/resort/old-key-west-2057/okw2057125-02-0727/,Old Key West (2057),125,February,14375,115.0,11.2054,2057,Available,0,15.195
2026-08-20,The DVC Store,BLT100-08-0728,https://www.dvcstore.com/resort/bay-lake-tower/blt100-08-0728/,Bay Lake Tower,100,August,14500,145.0,8.7415,2060,Available,0,13.326
2026-08-20,The DVC Store,BLT075-08-0728,https://www.dvcstore.com/resort/bay-lake-tower/blt075-08-0728/,Bay Lake Tower,75,August,10875,145.0,8.7415,2060,Available,0,13.426
2026-08-20,The DVC Store,BLT100-08-0728-1,https://www.dvcstore.com/resort/bay-lake-tower/blt100-08-0728-1/,Bay Lake Tower,100,August,14300,143.0,8.7415,2060,Available,0,13.267
2026-08-20,The DVC Store,VB400-12-0702,https://www.dvcstore.com/resort/vero-beach/vb400-12-0702/,Vero Beach,400,December,16000,40.0,14.8939,2042,Available,0,17.571
2026-08-20,The DVC Store,AR100-08-0714,https://www.dvcstore.com/resort/aulani/ar100-08-0714/,Aulani,100,August,10300,103.0,10.9572,2062,Available,0,14.207
2026-08-20,The DVC Store,DLH250-08-0627,https://www.dvcstore.com/resort/disneyland-hotel/dlh250-08-0627/,Villas at Disneyland Hotel,250,August,36750,147.0,10.5354,2074,Available,0,13.699
2026-08-20,The DVC Store,SS150-08-0624,https://www.dvcstore.com/resort/saratoga-springs/ss150-08-0624-2/,Saratoga Springs,150,August,14550,97.0,9.1877,2054,Available,0,12.921
2026-08-20,The DVC Store,AR100-08-0720,https://www.dvcstore.com/resort/aulani/ar100-08-0720/,Aulani,100,August,10500,105.0,10.9572,2062,Available,0,14.332
2026-08-20,The DVC Store,OKW104-08-0621,https://www.dvcstore.com/resort/old-key-west/okw104-08-0621/,Old Key West,104,August,9360,90.0,11.2054,2042,Available,0,17.445
2026-08-20,The DVC Store,AK180-12-0729,https://www.dvcstore.com/resort/animal-kingdom/ak180-12-0729/,Animal Kingdom Villas,180,December,20700,115.0,10.1608,2057,Available,0,14.085
2026-08-20,The DVC Store,BW200-02-0707,https://www.dvcstore.com/resort/boardwalk-villas/bw200-02-0707/,BoardWalk Villas,200,February,26000,130.0,9.7617,2042,Available,400,15.9
2026-08-20,The DVC Store,SS160-08-0327,https://www.dvcstore.com/resort/saratoga-springs/ss160-08-0327-2/,Saratoga Springs,160,August,15520,97.0,9.1877,2054,Available,0,12.905
2026-08-20,The DVC Store,OKW2057025-04-0731,https://www.dvcstore.com/resort/old-key-west-2057/okw2057025-04-0731/,Old Key West (2057),25,April,3000,120.0,11.2054,2057,Available,-50,17.594
2026-08-20,The DVC Store,OKW2057100-04-0731,https://www.dvcstore.com/resort/old-key-west-2057/okw2057100-04-0731/,Old Key West (2057),100,April,9800,98.0,11.2054,2057,Available,-200,15.936
2026-08-20,The DVC Store,AR200-03-0512,https://www.dvcstore.com/resort/aulani/ar200-03-0512/,Aulani,200,March,19600,98.0,10.9572,2062,Available,0,13.874
2026-08-20,The DVC Store,OKW046-02-0514,https://www.dvcstore.com/resort/old-key-west/okw046-02-0514/,Old Key West,46,February,4370,95.0,11.2054,2042,Available,-88,20.775
2026-08-20,The DVC Store,AR035-02-0602,https://www.dvcstore.com/resort/aulani/ar035-02-0602/,Aulani,35,February,3850,110.0,10.9572,2062,Available,2,15.094
2026-08-20,The DVC Store,VDL070-02-0702,https://www.dvcstore.com/resort/disneyland-hotel/vdl070-02-0702/,Villas at Disneyland Hotel,70,February,12950,185.0,10.5354,2074,Available,-62,15.062
2026-08-20,The DVC Store,AR250-02-0713,https://www.dvcstore.com/resort/aulani/ar250-02-0713/,Aulani,250,February,25250,101.0,10.9572,2062,Available,-486,14.944
2026-08-20,The DVC Store,AR160-02-0805,https://www.dvcstore.com/resort/aulani/ar160-02-0805/,Aulani,160,February,16320,102.0,10.9572,2062,Available,0,14.034
2026-08-20,The DVC Store,OKW050-02-0805,https://www.dvcstore.com/resort/old-key-west/okw050-02-0805/,Old Key West,50,February,4750,95.0,11.2054,2042,Available,-69,20.033
2026-08-20,The DVC Store,SS050-02-0727,https://www.dvcstore.com/resort/saratoga-springs/ss050-02-0727/,Saratoga Springs,50,February,5950,119.0,9.1877,2054,Available,0,14.156
2026-08-20,The DVC Store,SS200-08-0810,https://www.dvcstore.com/resort/saratoga-springs/ss200-08-0810/,Saratoga Springs,200,August,19600,98.0,9.1877,2054,Available,-338,14.046
2026-08-20,The DVC Store,SS130-08-0617,https://www.dvcstore.com/resort/saratoga-springs/ss130-08-0617/,Saratoga Springs,130,August,13130,101.0,9.1877,2054,Sold,0,13.092
2026-08-20,The DVC Store,BW025-04-0805,https://www.dvcstore.com/resort/boardwalk-villas/bw025-04-0805/,BoardWalk Villas,25,April,3375,135.0,9.7617,2042,Sold,0,20.702
2026-08-20,The DVC Store,SS160-06-0620,https://www.dvcstore.com/resort/saratoga-springs/ss160-06-0620/,Saratoga Springs,160,June,14720,92.0,9.1877,2054,Sold,-314,14.057
2026-08-20,The DVC Store,SS250-12-0723,https://www.dvcstore.com/resort/saratoga-springs/ss250-12-0723/,Saratoga Springs,250,December,23500,94.0,9.1877,2054,Sold,0,12.72
2026-08-20,The DVC Store,SS110-10-0702,https://www.dvcstore.com/resort/saratoga-springs/ss110-10-0702/,Saratoga Springs,110,October,11000,100.0,9.1877,2054,Sold,-110,13.785
2026-08-20,The DVC Store,BW108-03-0413,https://www.dvcstore.com/resort/boardwalk-villas/bw108-03-0413/,BoardWalk Villas,108,March,13284,123.0,9.7617,2042,Sold,0,18.075
2026-08-20,The DVC Store,SS300-02-0728,https://www.dvcstore.com/resort/saratoga-springs/ss300-02-0728/,Saratoga Springs,300,February,29700,99.0,9.1877,2054,Sold,0,12.875
2026-08-20,The DVC Store,AK300-12-0713,https://www.dvcstore.com/resort/animal-kingdom/ak300-12-0713/,Animal Kingdom Villas,300,December,30900,103.0,10.1608,2057,Sold,-576,14.802
2026-08-20,The DVC Store,BLT160-12-0811,https://www.dvcstore.com/resort/bay-lake-tower/blt160-12-0811/,Bay Lake Tower,160,December,22880,143.0,8.7415,2060,Available,106,12.8
2026-08-20,The DVC Store,VB150-12-0811,https://www.dvcstore.com/resort/vero-beach/vb150-12-0811/,Vero Beach,150,December,9000,60.0,14.8939,2042,Available,0,19.07
2026-08-20,The DVC Store,BW150-03-0413,https://www.dvcstore.com/resort/boardwalk-villas/bw150-03-0413/,BoardWalk Villas,150,March,18450,123.0,9.7617,2042,Sold,0,17.927
2026-08-20,The DVC Store,PV500-10-0528,https://www.dvcstore.com/resort/polynesian-villas-and-bungalows/pv500-10-0528/,Polynesian Villas,500,October,81500,163.0,8.3334,2066,Available,-838,13.306
2026-08-20,The DVC Store,SS250-02-0811,https://www.dvcstore.com/resort/saratoga-springs/ss250-02-0811-2/,Saratoga Springs,250,February,24750,99.0,9.1877,2054,Available,-500,14.257
2026-08-20,The DVC Store,OKW220-08-0512,https://www.dvcstore.com/resort/old-key-west/okw220-08-0512/,Old Key West,220,August,15180,69.0,11.2054,2042,Sold,-440,18.214
2026-08-20,The DVC Store,RV200-06-0324,https://www.dvcstore.com/resort/riviera/rv200-06-0324/,Riviera Resort,200,June,26000,130.0,9.4553,2070,Available,-400,13.415
2026-08-20,The DVC Store,AK220-09-0812,https://www.dvcstore.com/resort/animal-kingdom/ak220-09-0812/,Animal Kingdom Villas,220,September,21780,99.0,10.1608,2057,Available,-556,15.081
2026-08-20,The DVC Store,AR170-09-0812,https://www.dvcstore.com/resort/aulani/ar170-09-0812/,Aulani,170,September,16830,99.0,10.9572,2062,Available,-362,15.06
2026-08-20,The DVC Store,AR150-09-0812,https://www.dvcstore.com/resort/aulani/ar150-09-0812/,Aulani,150,September,14850,99.0,10.9572,2062,Available,-300,15.022
2026-08-20,The DVC Store,OKW190-06-0805,https://www.dvcstore.com/resort/old-key-west/okw190-06-0805/,Old Key West,190,June,16720,88.0,11.2054,2042,Available,0,17.078
2026-08-20,The DVC Store,OKW320-12-0728,https://www.dvcstore.com/resort/old-key-west/okw320-12-0728/,Old Key West,320,December,28800,90.0,11.2054,2042,Available,96,16.722
2026-08-20,The DVC Store,OKW220-12-0814,https://www.dvcstore.com/resort/old-key-west/okw220-12-0814/,Old Key West,220,December,18700,85.0,11.2054,2042,Available,0,16.846
2026-08-20,The DVC Store,RV600-08-0417,https://www.dvcstore.com/resort/riviera/rv600-08-0417/,Riviera Resort,600,August,66000,110.0,9.4553,2070,Sale Pending,0,12.023
2026-08-20,The DVC Store,BLT160-02-0816,https://www.dvcstore.com/resort/bay-lake-tower/blt160-02-0816/,Bay Lake Tower,160,February,23200,145.0,8.7415,2060,Available,-10,13.264
2026-08-20,The DVC Store,AR150-03-0706,https://www.dvcstore.com/resort/aulani/ar150-03-0706/,Aulani,150,March,14100,94.0,10.9572,2062,Available,0,13.828
2026-08-20,The DVC Store,WLCC100-04-0817,https://www.dvcstore.com/resort/copper-creek/wlcc100-04-0817/,Copper Creek Villas,100,April,14500,145.0,9.0,2068,Available,0,12.724
2026-08-20,The DVC Store,WLCC100-04-0817-1,https://www.dvcstore.com/resort/copper-creek/wlcc100-04-0817-1/,Copper Creek Villas,100,April,14200,142.0,9.0,2068,Available,-106,13.132
2026-08-20,The DVC Store,SS210-10-0808,https://www.dvcstore.com/resort/saratoga-springs/ss210-10-0808/,Saratoga Springs,210,October,21000,100.0,9.1877,2054,Sale Pending,80,12.704
2026-08-20,The DVC Store,WLB200-08-0702,https://www.dvcstore.com/resort/boulder-ridge/wlb200-08-0702/,Boulder Ridge Villas,200,August,20400,102.0,9.7672,2042,Sold,0,16.513
2026-08-20,The DVC Store,WLB130-08-0728,https://www.dvcstore.com/resort/boulder-ridge/wlb130-08-0728/,Boulder Ridge Villas,130,August,14300,110.0,9.7672,2042,Sold,0,17.164
2026-08-20,The DVC Store,BW210-12-0818,https://www.dvcstore.com/resort/boardwalk-villas/bw210-12-0818/,BoardWalk Villas,210,December,25200,120.0,9.7617,2042,Available,144,16.814
2026-08-20,The DVC Store,WLB210-09-0409,https://www.dvcstore.com/resort/boulder-ridge/wlb210-09-0409/,Boulder Ridge Villas,210,September,19950,95.0,9.7672,2042,Sold,-230,17.358
2026-08-20,The DVC Store,SS150-09-0805,https://www.dvcstore.com/resort/saratoga-springs/ss150-09-0805-2/,Saratoga Springs,150,September,17250,115.0,9.1877,2054,Sale Pending,20,13.476
2026-08-20,The DVC Store,AK160-02-0807,https://www.dvcstore.com/resort/animal-kingdom/ak160-02-0807/,Animal Kingdom Villas,160,February,17440,109.0,10.1608,2057,Sold,0,13.908
2026-08-20,The DVC Store,AK100-09-0725,https://www.dvcstore.com/resort/animal-kingdom/ak100-09-0725/,Animal Kingdom Villas,100,September,12000,120.0,10.1608,2057,Sold,-36,14.599
2026-08-20,The DVC Store,AK120-06-0727,https://www.dvcstore.com/resort/animal-kingdom/ak120-06-0727/,Animal Kingdom Villas,120,June,14400,120.0,10.1608,2057,Sold,0,14.324
2026-08-20,The DVC Store,AK320-09-0713,https://www.dvcstore.com/resort/animal-kingdom/ak320-09-0713/,Animal Kingdom Villas,320,September,34560,108.0,10.1608,2057,Sold,308,13.191
2026-08-20,The DVC Store,AK300-06-0727,https://www.dvcstore.com/resort/animal-kingdom/ak300-06-0727/,Animal Kingdom Villas,300,June,29100,97.0,10.1608,2057,Sold,-400,14.244
2026-08-20,The DVC Store,AK100-06-0727,https://www.dvcstore.com/resort/animal-kingdom/ak100-06-0727/,Animal Kingdom Villas,100,June,11000,110.0,10.1608,2057,Sold,0,14.054
2026-08-20,The DVC Store,AR200-02-0723,https://www.dvcstore.com/resort/aulani/ar200-02-0723/,Aulani,200,February,24000,120.0,8.24,2062,Sold,-38,11.868
2026-08-20,The DVC Store,BLT160-02-0811,https://www.dvcstore.com/resort/bay-lake-tower/blt160-02-0811/,Bay Lake Tower,160,February,21120,132.0,8.7415,2060,Sold,0,12.844
2026-08-20,The DVC Store,BLT134-09-0730,https://www.dvcstore.com/resort/bay-lake-tower/blt134-09-0730/,Bay Lake Tower,134,September,17822,133.0,8.7415,2060,Sold,-102,13.33
2026-08-20,The DVC Store,BLT160-12-0729,https://www.dvcstore.com/resort/bay-lake-tower/blt160-12-0729/,Bay Lake Tower,160,December,22240,139.0,8.7415,2060,Sold,56,12.855
2026-08-20,The DVC Store,BLT160-12-0726,https://www.dvcstore.com/resort/bay-lake-tower/blt160-12-0726/,Bay Lake Tower,160,December,21920,137.0,8.7415,2060,Sold,320,11.875
2026-08-20,The DVC Store,BLT200-03-0320,https://www.dvcstore.com/resort/bay-lake-tower/blt200-03-0320/,Bay Lake Tower,200,March,27000,135.0,8.7415,2060,Sold,10,12.868
2026-08-20,The DVC Store,BC032-08-0815,https://www.dvcstore.com/resort/beach-club-villas/bc032-08-0815/,Beach Club Villas,32,August,4960,155.0,9.8113,2042,Sold,0,21.454
2026-08-20,The DVC Store,BC100-09-0806,https://www.dvcstore.com/resort/beach-club-villas/bc100-09-0806/,Beach Club Villas,100,September,13800,138.0,9.8113,2042,Sold,-18,19.329
2026-08-20,The DVC Store,BC250-02-0731,https://www.dvcstore.com/resort/beach-club-villas/bc250-02-0731-2/,Beach Club Villas,250,February,32500,130.0,9.8113,2042,Sold,0,18.266
2026-08-20,The DVC Store,BC050-02-0731,https://www.dvcstore.com/resort/beach-club-villas/bc050-02-0731/,Beach Club Villas,50,February,7400,148.0,9.8113,2042,Sold,0,20.326
2026-08-20,The DVC Store,BC250-02-0519,https://www.dvcstore.com/resort/beach-club-villas/bc250-02-0519/,Beach Club Villas,250,February,30000,120.0,9.8113,2042,Sold,-364,19.365
2026-08-20,The DVC Store,BW220-12-0721,https://www.dvcstore.com/resort/boardwalk-villas/bw220-12-0721/,BoardWalk Villas,220,December,26400,120.0,9.7617,2042,Sold,212,16.471
2026-08-20,The DVC Store,BW200-06-0602,https://www.dvcstore.com/resort/boardwalk-villas/bw200-06-0602/,BoardWalk Villas,200,June,24000,120.0,9.7617,2042,Sold,0,17.644
2026-08-20,The DVC Store,WLB170-02-0728,https://www.dvcstore.com/resort/boulder-ridge/wlb170-02-0728/,Boulder Ridge Villas,170,February,17000,100.0,9.7672,2042,Sold,0,16.436
2026-08-20,The DVC Store,WLB170-06-0717,https://www.dvcstore.com/resort/boulder-ridge/wlb170-06-0717/,Boulder Ridge Villas,170,June,17680,104.0,9.7672,2042,Sold,0,16.689
2026-08-20,The DVC Store,WLB240-06-0617,https://www.dvcstore.com/resort/boulder-ridge/wlb240-06-0617/,Boulder Ridge Villas,240,June,23520,98.0,9.7672,2042,Sold,0,16.209
2026-08-20,The DVC Store,WLCC175-09-0802,https://www.dvcstore.com/resort/copper-creek/wlcc175-09-0802/,Copper Creek Villas,175,September,23625,135.0,9.0,2068,Sold,0,12.381
2026-08-20,The DVC Store,WLCC175-03-0724,https://www.dvcstore.com/resort/copper-creek/wlcc175-03-0724/,Copper Creek Villas,175,March,23625,135.0,9.0,2068,Sold,0,12.381
2026-08-20,The DVC Store,GCAL160-06-0602,https://www.dvcstore.com/resort/grand-californian/gcal160-06-0602/,Grand Californian Villas,160,June,38400,240.0,9.5203,2060,Sold,0,16.801
2026-08-20,The DVC Store,GCAL060-06-0602,https://www.dvcstore.com/resort/grand-californian/gcal060-06-0602/,Grand Californian Villas,60,June,15120,252.0,9.5203,2060,Sold,0,17.512
2026-08-20,The DVC Store,GF060-02-0730,https://www.dvcstore.com/resort/grand-floridian/gf060-02-0730/,Grand Floridian Villas,60,February,10020,167.0,8.3142,2064,Sold,0,13.178
2026-08-20,The DVC Store,OKW2057100-06-0731,https://www.dvcstore.com/resort/old-key-west-2057/okw2057100-06-0731/,Old Key West (2057),100,June,10300,103.0,11.2054,2057,Sold,0,14.872
2026-08-20,The DVC Store,OKW2057025-08-0816,https://www.dvcstore.com/resort/old-key-west-2057/okw2057025-08-0816/,Old Key West (2057),25,August,2875,115.0,11.2054,2057,Sold,0,16.207
2026-08-20,The DVC Store,PV300-02-0722,https://www.dvcstore.com/resort/polynesian-villas-and-bungalows/pv300-02-0722/,Polynesian Villas,300,February,50400,168.0,8.3334,2066,Sold,0,12.664
2026-08-20,The DVC Store,PV150-09-0716,https://www.dvcstore.com/resort/polynesian-villas-and-bungalows/pv150-09-0716/,Polynesian Villas,150,September,24600,164.0,8.3334,2066,Sold,-174,13.19
2026-08-20,The DVC Store,PV050-08-0724,https://www.dvcstore.com/resort/polynesian-villas-and-bungalows/pv050-08-0724/,Polynesian Villas,50,August,9000,180.0,8.3334,2066,Sold,-50,13.819
2026-08-20,The DVC Store,RV500-02-0722,https://www.dvcstore.com/resort/riviera/rv500-02-0722/,Riviera Resort,500,February,59000,118.0,9.4553,2070,Sold,0,12.212
2026-08-20,The DVC Store,RV200-09-0708,https://www.dvcstore.com/resort/riviera/rv200-09-0708/,Riviera Resort,200,September,26000,130.0,9.4553,2070,Sold,-4,12.56
2026-08-20,The DVC Store,RV300-03-0603,https://www.dvcstore.com/resort/riviera/rv300-03-0603/,Riviera Resort,300,March,34500,115.0,9.4553,2070,Sold,-104,12.321
2026-08-20,The DVC Store,SS120-02-0804,https://www.dvcstore.com/resort/saratoga-springs/ss120-02-0804/,Saratoga Springs,120,February,12000,100.0,9.1877,2054,Sold,0,13.079
2026-08-20,The DVC Store,SS200-04-0805,https://www.dvcstore.com/resort/saratoga-springs/ss200-04-0805/,Saratoga Springs,200,April,19200,96.0,9.1877,2054,Sold,56,12.633
2026-08-20,The DVC Store,SS130-02-0728,https://www.dvcstore.com/resort/saratoga-springs/ss130-02-0728/,Saratoga Springs,130,February,13260,102.0,9.1877,2054,Sold,0,13.128
2026-08-20,The DVC Store,SS225-02-0723,https://www.dvcstore.com/resort/saratoga-springs/ss225-02-0723/,Saratoga Springs,225,February,22500,100.0,9.1877,2054,Sold,0,12.952
2026-08-20,The DVC Store,SS050-02-0723-1,https://www.dvcstore.com/resort/saratoga-springs/ss050-02-0723-1/,Saratoga Springs,50,February,5250,105.0,9.1877,2054,Sold,0,13.653
2026-08-20,The DVC Store,SS050-02-0723,https://www.dvcstore.com/resort/saratoga-springs/ss050-02-0723/,Saratoga Springs,50,February,5250,105.0,9.1877,2054,Sold,0,13.653
2026-08-20,The DVC Store,SS150-12-0709,https://www.dvcstore.com/resort/saratoga-springs/ss150-12-0709-2/,Saratoga Springs,150,December,14850,99.0,9.1877,2054,Sold,-172,13.77
2026-08-20,The DVC Store,SS255-08-0728,https://www.dvcstore.com/resort/saratoga-springs/ss255-08-0728/,Saratoga Springs,255,August,26775,105.0,9.1877,2054,Sold,0,13.113
2026-08-20,The DVC Store,RV175-12-0617,https://www.dvcstore.com/resort/riviera/rv175-12-0617/,Riviera Resort,175,December,24500,140.0,9.4553,2070,Sale Pending,350,11.934
2026-08-20,The DVC Store,OKW230-06-0520,https://www.dvcstore.com/resort/old-key-west/okw230-06-0520/,Old Key West,230,June,15870,69.0,11.2054,2042,Sale Pending,-230,17.014
2026-08-20,The DVC Store,SS025-08-0815,https://www.dvcstore.com/resort/saratoga-springs/ss025-08-0815/,Saratoga Springs,25,August,3000,120.0,9.1877,2054,Sold,0,14.903
2026-08-20,The DVC Store,AR100-02-0411,https://www.dvcstore.com/resort/aulani/ar100-02-0411-2/,Aulani,100,February,10200,102.0,10.9572,2062,Sold,0,14.228
2026-08-20,The DVC Store,GF125-06-0818,https://www.dvcstore.com/resort/grand-floridian/gf125-06-0818/,Grand Floridian Villas,125,June,21875,175.0,8.3142,2064,Available,0,13.173
2026-08-20,The DVC Store,WLCC250-08-0818,https://www.dvcstore.com/resort/copper-creek/wlcc250-08-0818/,Copper Creek Villas,250,August,39000,156.0,9.0,2068,Available,0,12.846
2026-08-20,The DVC Store,GF025-12-0715,https://www.dvcstore.com/resort/grand-floridian/gf025-12-0715/,Grand Floridian Villas,25,December,4500,180.0,8.3142,2064,Available,-25,14.605
2026-08-20,The DVC Store,BC160-08-0819,https://www.dvcstore.com/resort/beach-club-villas/bc160-08-0819/,Beach Club Villas,160,August,22240,139.0,9.8113,2042,Available,-264,20.928
2026-08-20,The DVC Store,BC050-08-0819,https://www.dvcstore.com/resort/beach-club-villas/bc050-08-0819/,Beach Club Villas,50,August,7750,155.0,9.8113,2042,Available,0,20.77
2026-08-20,The DVC Store,SS200-12-0728,https://www.dvcstore.com/resort/saratoga-springs/ss200-12-0728/,Saratoga Springs,200,December,19400,97.0,9.1877,2054,Sale Pending,26,12.774
2026-08-20,The DVC Store,BC055-08-0819,https://www.dvcstore.com/resort/beach-club-villas/bc055-08-0819/,Beach Club Villas,55,August,8525,155.0,9.8113,2042,Sale Pending,0,20.66
2026-08-20,The DVC Store,OKW2057110-06-0811,https://www.dvcstore.com/resort/old-key-west-2057/okw2057110-06-0811/,Old Key West (2057),110,June,11770,107.0,11.2054,2057,Sold,0,14.972
2026-08-20,DVC Sales,339,https://dvcsales.com/dvc-resale/aulani/205-points/339,Aulani,205,December,21730,106.0,10.96,2062,Unverified,0,14.041
2026-08-20,DVC Sales,496,https://dvcsales.com/dvc-resale/saratoga-springs/160-points/496,Saratoga Springs,160,August,18880,118.0,9.19,2054,Unverified,0,13.609
2026-08-20,DVC Sales,501,https://dvcsales.com/dvc-resale/animal-kingdom/360-points/501,Animal Kingdom Villas,360,September,38520,107.0,10.16,2057,Unverified,0,13.729
2026-08-20,DVC Sales,710,https://dvcsales.com/dvc-resale/vero-beach/430-points/710,Vero Beach,430,June,18920,44.0,14.89,2042,Unverified,0,17.851
2026-08-20,DVC Sales,854,https://dvcsales.com/dvc-resale/disneyland-hotel/150-points/854,Villas at Disneyland Hotel,150,February,23850,159.0,10.54,2074,Unverified,0,13.977
2026-08-20,DVC Sales,931,https://dvcsales.com/dvc-resale/aulani/160-points/931,Aulani,160,June,16000,100.0,10.96,2062,Unverified,0,13.897
2026-08-20,DVC Sales,945,https://dvcsales.com/dvc-resale/aulani/175-points/945,Aulani,175,June,17325,99.0,10.96,2062,Unverified,0,13.86
2026-08-20,DVC Sales,948,https://dvcsales.com/dvc-resale/disneyland-hotel/250-points/948,Villas at Disneyland Hotel,250,August,42500,170.0,10.54,2074,Unverified,0,14.173
2026-08-20,DVC Sales,949,https://dvcsales.com/dvc-resale/disneyland-hotel/150-points/949,Villas at Disneyland Hotel,150,August,25500,170.0,10.54,2074,Unverified,0,14.206
2026-08-20,DVC Sales,969,https://dvcsales.com/dvc-resale/aulani/115-points/969,Aulani,115,June,11615,101.0,10.96,2062,Unverified,0,13.965
2026-08-20,DVC Sales,981,https://dvcsales.com/dvc-resale/old-key-west57/230-points/981,Old Key West (2057),230,February,27140,118.0,11.21,2057,Unverified,0,15.164
2026-08-20,DVC Sales,999,https://dvcsales.com/dvc-resale/disneyland-hotel/65-points/999,Villas at Disneyland Hotel,65,April,10075,155.0,10.54,2074,Unverified,0,14.002
2026-08-20,DVC Sales,1004,https://dvcsales.com/dvc-resale/saratoga-springs/110-points/1004,Saratoga Springs,110,March,11440,104.0,9.19,2054,Unverified,0,13.169
2026-08-20,DVC Sales,1035,https://dvcsales.com/dvc-resale/vero-beach/80-points/1035,Vero Beach,80,February,4160,52.0,14.89,2042,Unverified,0,18.73
2026-08-20,DVC Sales,1082,https://dvcsales.com/dvc-resale/saratoga-springs/170-points/1082,Saratoga Springs,170,September,17340,102.0,9.19,2054,Unverified,0,13.029
2026-08-20,DVC Sales,1109,https://dvcsales.com/dvc-resale/polynesian/25-points/1109,Polynesian Villas,25,June,4875,195.0,8.33,2066,Unverified,0,13.85
2026-08-20,DVC Sales,1115,https://dvcsales.com/dvc-resale/saratoga-springs/250-points/1115,Saratoga Springs,250,December,23000,92.0,9.19,2054,Unverified,0,12.632
2026-08-20,DVC Sales,1117,https://dvcsales.com/dvc-resale/bay-lake-tower/160-points/1117,Bay Lake Tower,160,June,25600,160.0,8.74,2060,Unverified,0,13.614
2026-08-20,DVC Sales,1118,https://dvcsales.com/dvc-resale/bay-lake-tower/80-points/1118,Bay Lake Tower,80,June,13600,170.0,8.74,2060,Unverified,0,14.018
2026-08-20,DVC Sales,1125,https://dvcsales.com/dvc-resale/aulani/200-points/1125,Aulani,200,March,19400,97.0,10.96,2062,Unverified,0,13.793
2026-08-20,DVC Sales,1145,https://dvcsales.com/dvc-resale/saratoga-springs/200-points/1145,Saratoga Springs,200,June,21600,108.0,9.19,2054,Unverified,0,13.225
2026-08-20,DVC Sales,1193,https://dvcsales.com/dvc-resale/disneyland-hotel/75-points/1193,Villas at Disneyland Hotel,75,February,11625,155.0,10.54,2074,Unverified,0,13.976
2026-08-20,DVC Sales,1232,https://dvcsales.com/dvc-resale/old-key-west57/230-points/1232,Old Key West (2057),230,June,25300,110.0,11.21,2057,Unverified,0,14.906
2026-08-20,DVC Sales,1233,https://dvcsales.com/dvc-resale/old-key-west57/80-points/1233,Old Key West (2057),80,March,10400,130.0,11.21,2057,Unverified,0,15.708
2026-08-20,DVC Sales,1239,https://dvcsales.com/dvc-resale/riviera/200-points/1239,Riviera Resort,200,February,25000,125.0,9.46,2070,Unverified,0,12.414
2026-08-20,DVC Sales,1247,https://dvcsales.com/dvc-resale/old-key-west/50-points/1247,Old Key West,50,March,5250,105.0,11.21,2042,Unverified,0,18.641
2026-08-20,DVC Sales,1259,https://dvcsales.com/dvc-resale/animal-kingdom/110-points/1259,Animal Kingdom Villas,110,April,12320,112.0,10.16,2057,Unverified,0,14.012
2026-08-20,DVC Sales,1293,https://dvcsales.com/dvc-resale/saratoga-springs/150-points/1293,Saratoga Springs,150,June,14550,97.0,9.19,2054,Unverified,0,12.867
2026-08-20,DVC Sales,1302,https://dvcsales.com/dvc-resale/aulani/300-points/1302,Aulani,300,September,30600,102.0,10.96,2062,Unverified,0,13.904
2026-08-20,DVC Sales,1306,https://dvcsales.com/dvc-resale/aulani/300-points/1306,Aulani,300,December,28200,94.0,10.96,2062,Unverified,0,13.682
2026-08-20,DVC Sales,1308,https://dvcsales.com/dvc-resale/saratoga-springs/100-points/1308,Saratoga Springs,100,April,10100,101.0,9.19,2054,Unverified,0,13.081
2026-08-20,DVC Sales,1314,https://dvcsales.com/dvc-resale/polynesian/150-points/1314,Polynesian Villas,150,September,24900,166.0,8.33,2066,Unverified,0,12.629
2026-08-20,DVC Sales,1317,https://dvcsales.com/dvc-resale/old-key-west/230-points/1317,Old Key West,230,April,18630,81.0,11.21,2042,Unverified,0,16.559
2026-08-20,DVC Sales,1329,https://dvcsales.com/dvc-resale/polynesian/160-points/1329,Polynesian Villas,160,April,27520,172.0,8.33,2066,Unverified,0,12.773
2026-08-20,DVC Sales,1352,https://dvcsales.com/dvc-resale/riviera/100-points/1352,Riviera Resort,100,March,17000,170.0,9.46,2070,Unverified,0,13.504
2026-08-20,DVC Sales,1359,https://dvcsales.com/dvc-resale/grand-floridian/100-points/1359,Grand Floridian Villas,100,March,17800,178.0,8.31,2064,Unverified,0,13.203
2026-08-20,DVC Sales,1363,https://dvcsales.com/dvc-resale/boulder-ridge/350-points/1363,Boulder Ridge Villas,350,October,33250,95.0,9.77,2042,Unverified,0,15.939
2026-08-20,DVC Sales,1364,https://dvcsales.com/dvc-resale/vero-beach/75-points/1364,Vero Beach,75,March,4125,55.0,14.89,2042,Unverified,0,18.948
2026-08-20,DVC Sales,1374,https://dvcsales.com/dvc-resale/old-key-west57/150-points/1374,Old Key West (2057),150,March,16800,112.0,11.21,2057,Unverified,0,15.015
2026-08-20,DVC Sales,1409,https://dvcsales.com/dvc-resale/polynesian/100-points/1409,Polynesian Villas,100,June,16500,165.0,8.33,2066,Unverified,0,12.654
2026-08-20,DVC Sales,1418,https://dvcsales.com/dvc-resale/animal-kingdom/290-points/1418,Animal Kingdom Villas,290,December,29870,103.0,10.16,2057,Unverified,0,13.613
2026-08-20,DVC Sales,1426,https://dvcsales.com/dvc-resale/riviera/150-points/1426,Riviera Resort,150,June,18450,123.0,9.46,2070,Unverified,0,12.391
2026-08-20,DVC Sales,1433,https://dvcsales.com/dvc-resale/old-key-west/400-points/1433,Old Key West,400,April,30000,75.0,11.21,2042,Unverified,0,16.115
2026-08-20,DVC Sales,1443,https://dvcsales.com/dvc-resale/bay-lake-tower/110-points/1443,Bay Lake Tower,110,December,14630,133.0,8.74,2060,Unverified,0,12.87
2026-08-20,DVC Sales,1463,https://dvcsales.com/dvc-resale/aulani/300-points/1463,Aulani,300,December,29400,98.0,10.96,2062,Unverified,0,13.793
2026-08-20,DVC Sales,1483,https://dvcsales.com/dvc-resale/aulani/100-points/1483,Aulani,100,August,9800,98.0,10.96,2062,Unverified,0,13.903
2026-08-20,DVC Sales,1487,https://dvcsales.com/dvc-resale/bay-lake-tower/410-points/1487,Bay Lake Tower,410,February,55350,135.0,8.74,2060,Unverified,0,12.812
2026-08-20,DVC Sales,1496,https://dvcsales.com/dvc-resale/beach-club/230-points/1496,Beach Club Villas,230,June,32200,140.0,9.81,2042,Unverified,0,18.847
2026-08-20,DVC Sales,1503,https://dvcsales.com/dvc-resale/aulani/320-points/1503,Aulani,320,December,27840,87.0,10.96,2062,Unverified,0,13.484
2026-08-20,DVC Sales,1509,https://dvcsales.com/dvc-resale/aulani/200-points/1509,Aulani,200,February,19000,95.0,10.96,2062,Unverified,0,13.737
2026-08-20,DVC Sales,1510,https://dvcsales.com/dvc-resale/vero-beach/50-points/1510,Vero Beach,50,August,2850,57.0,14.89,2042,Unverified,0,19.321
2026-08-20,DVC Sales,1526,https://dvcsales.com/dvc-resale/boardwalk/300-points/1526,BoardWalk Villas,300,September,39600,132.0,9.67,2042,Unverified,0,18.169
2026-08-20,DVC Sales,1539,https://dvcsales.com/dvc-resale/disneyland-hotel/150-points/1539,Villas at Disneyland Hotel,150,December,24750,165.0,10.54,2074,Unverified,0,14.102
2026-08-20,DVC Sales,1545,https://dvcsales.com/dvc-resale/old-key-west57/300-points/1545,Old Key West (2057),300,December,34500,115.0,11.21,2057,Unverified,0,15.048
2026-08-20,DVC Sales,1549,https://dvcsales.com/dvc-resale/grand-californian/200-points/1549,Grand Californian Villas,200,June,50400,252.0,9.52,2060,Unverified,0,17.078
2026-08-20,DVC Sales,1552,https://dvcsales.com/dvc-resale/vero-beach/150-points/1552,Vero Beach,150,April,6900,46.0,14.89,2042,Unverified,0,18.138
2026-08-20,DVC Sales,1556,https://dvcsales.com/dvc-resale/beach-club/270-points/1556,Beach Club Villas,270,September,37530,139.0,9.81,2042,Unverified,0,18.76
2026-08-20,DVC Sales,1557,https://dvcsales.com/dvc-resale/saratoga-springs/200-points/1557,Saratoga Springs,200,October,21800,109.0,9.19,2054,Unverified,0,13.261
2026-08-20,DVC Sales,1559,https://dvcsales.com/dvc-resale/beach-club/150-points/1559,Beach Club Villas,150,February,21900,146.0,9.81,2042,Unverified,0,19.308
2026-08-20,DVC Sales,1560,https://dvcsales.com/dvc-resale/beach-club/150-points/1560,Beach Club Villas,150,February,21300,142.0,9.81,2042,Unverified,0,19.058
